doc_id,file,title,topic_key,department,department_code,type,language,office,office_code,version,status,effective_date,superseded_by,related
HR-0001,en/HR-0001_annual-leave-policy_Policy.txt,Annual Leave Policy,annual_leave,Human Resources,HR,Policy,en,Head Office,HO,3.1,Active,2023-06-13,,HR-0015 HR-0023 HR-0039
IT-0001,en/IT-0001_password-policy_Policy.txt,Password Policy,password_policy,Information Technology,IT,Policy,en,Head Office,HO,3.1,Active,2024-02-21,,IT-0015 IT-0023 IT-0095
FIN-0001,en/FIN-0001_expense-reimbursement-policy_Policy.txt,Expense Reimbursement Policy,expense_reimbursement,Finance,FIN,Policy,en,Head Office,HO,3.2,Active,2024-10-02,,FIN-0015 FIN-0023 FIN-0031
FAC-0001,en/FAC-0001_meeting-room-booking-policy_Policy.txt,Meeting Room Booking Policy,meeting_room_booking,Facilities,FAC,Policy,en,Head Office,HO,3.0,Active,2025-01-09,,FAC-0031 FAC-0015
LEG-0001,en/LEG-0001_data-privacy-policy_Policy.txt,Data Privacy Policy,data_privacy,Legal & Compliance,LEG,Policy,en,Head Office,HO,3.0,Active,2024-12-04,,LEG-0015 LEG-0047 IT-0095
OPS-0001,en/OPS-0001_client-escalation-policy_Policy.txt,Client Escalation Policy,client_escalation,Operations,OPS,Policy,en,Head Office,HO,3.3,Active,2024-10-08,,OPS-0015 OPS-0039
MKT-0001,en/MKT-0001_social-media-policy_Policy.txt,Social Media Policy,social_media,Marketing & Communications,MKT,Policy,en,Head Office,HO,3.3,Active,2024-04-03,,MKT-0015 LEG-0015 MKT-0023
PRC-0001,en/PRC-0001_purchase-request-policy_Policy.txt,Purchase Request Policy,purchase_request,Procurement,PRC,Policy,en,Head Office,HO,3.2,Active,2023-07-19,,FIN-0039 FIN-0055 PRC-0015
HR-0002,ar/HR-0002_annual-leave-policy_Policy.txt,سياسة الإجازة السنوية,annual_leave,Human Resources,HR,Policy,ar,المكتب الرئيسي,HO,3.2,Active,2025-06-10,,HR-0016 HR-0024 HR-0040
IT-0002,ar/IT-0002_password-policy_Policy.txt,سياسة كلمات المرور,password_policy,Information Technology,IT,Policy,ar,المكتب الرئيسي,HO,3.2,Active,2024-06-27,,IT-0016 IT-0024 IT-0096
FIN-0002,ar/FIN-0002_expense-reimbursement-policy_Policy.txt,سياسة استرداد المصروفات,expense_reimbursement,Finance,FIN,Policy,ar,المكتب الرئيسي,HO,3.4,Active,2023-06-15,,FIN-0016 FIN-0024 FIN-0032
FAC-0002,ar/FAC-0002_meeting-room-booking-policy_Policy.txt,سياسة حجز قاعات الاجتماعات,meeting_room_booking,Facilities,FAC,Policy,ar,المكتب الرئيسي,HO,3.1,Active,2023-06-12,,FAC-0032 FAC-0016
LEG-0002,ar/LEG-0002_data-privacy-policy_Policy.txt,سياسة خصوصية البيانات,data_privacy,Legal & Compliance,LEG,Policy,ar,المكتب الرئيسي,HO,3.0,Active,2023-12-15,,LEG-0016 LEG-0048 IT-0096
OPS-0002,ar/OPS-0002_client-escalation-policy_Policy.txt,سياسة تصعيد شكاوى العملاء,client_escalation,Operations,OPS,Policy,ar,المكتب الرئيسي,HO,3.1,Active,2025-03-29,,OPS-0016 OPS-0040
MKT-0002,ar/MKT-0002_social-media-policy_Policy.txt,سياسة وسائل التواصل الاجتماعي,social_media,Marketing & Communications,MKT,Policy,ar,المكتب الرئيسي,HO,3.4,Active,2023-02-01,,MKT-0016 LEG-0016 MKT-0024
PRC-0002,ar/PRC-0002_purchase-request-policy_Policy.txt,سياسة طلب الشراء,purchase_request,Procurement,PRC,Policy,ar,المكتب الرئيسي,HO,3.2,Active,2024-09-13,,FIN-0040 FIN-0056 PRC-0016
HR-0003,en/HR-0003_annual-leave-policy_Procedure.txt,Annual Leave - Procedure,annual_leave,Human Resources,HR,Procedure,en,Head Office,HO,3.3,Active,2023-06-24,,HR-0015 HR-0023 HR-0039
IT-0003,en/IT-0003_password-policy_Procedure.txt,Password - Procedure,password_policy,Information Technology,IT,Procedure,en,Head Office,HO,3.3,Active,2025-02-27,,IT-0015 IT-0023 IT-0095
FIN-0003,en/FIN-0003_expense-reimbursement-policy_Procedure.txt,Expense Reimbursement - Procedure,expense_reimbursement,Finance,FIN,Procedure,en,Head Office,HO,3.4,Active,2024-07-10,,FIN-0015 FIN-0023 FIN-0031
FAC-0003,en/FAC-0003_meeting-room-booking-policy_Procedure.txt,Meeting Room Booking - Procedure,meeting_room_booking,Facilities,FAC,Procedure,en,Head Office,HO,3.2,Active,2023-12-11,,FAC-0031 FAC-0015
LEG-0003,en/LEG-0003_data-privacy-policy_Procedure.txt,Data Privacy - Procedure,data_privacy,Legal & Compliance,LEG,Procedure,en,Head Office,HO,3.2,Active,2023-09-22,,LEG-0015 LEG-0047 IT-0095
OPS-0003,en/OPS-0003_client-escalation-policy_Procedure.txt,Client Escalation - Procedure,client_escalation,Operations,OPS,Procedure,en,Head Office,HO,3.0,Active,2023-12-30,,OPS-0015 OPS-0039
MKT-0003,en/MKT-0003_social-media-policy_Procedure.txt,Social Media - Procedure,social_media,Marketing & Communications,MKT,Procedure,en,Head Office,HO,3.3,Active,2024-01-01,,MKT-0015 LEG-0015 MKT-0023
PRC-0003,en/PRC-0003_purchase-request-policy_Procedure.txt,Purchase Request - Procedure,purchase_request,Procurement,PRC,Procedure,en,Head Office,HO,3.0,Active,2025-04-23,,FIN-0039 FIN-0055 PRC-0015
HR-0004,ar/HR-0004_annual-leave-policy_Procedure.txt,الإجازة السنوية - إجراء,annual_leave,Human Resources,HR,Procedure,ar,المكتب الرئيسي,HO,3.1,Active,2023-03-19,,HR-0016 HR-0024 HR-0040
IT-0004,ar/IT-0004_password-policy_Procedure.txt,كلمات المرور - إجراء,password_policy,Information Technology,IT,Procedure,ar,المكتب الرئيسي,HO,3.1,Active,2024-09-26,,IT-0016 IT-0024 IT-0096
FIN-0004,ar/FIN-0004_expense-reimbursement-policy_Procedure.txt,استرداد المصروفات - إجراء,expense_reimbursement,Finance,FIN,Procedure,ar,المكتب الرئيسي,HO,3.2,Active,2024-02-12,,FIN-0016 FIN-0024 FIN-0032
FAC-0004,ar/FAC-0004_meeting-room-booking-policy_Procedure.txt,حجز قاعات الاجتماعات - إجراء,meeting_room_booking,Facilities,FAC,Procedure,ar,المكتب الرئيسي,HO,3.2,Active,2023-03-16,,FAC-0032 FAC-0016
LEG-0004,ar/LEG-0004_data-privacy-policy_Procedure.txt,خصوصية البيانات - إجراء,data_privacy,Legal & Compliance,LEG,Procedure,ar,المكتب الرئيسي,HO,3.3,Active,2023-08-31,,LEG-0016 LEG-0048 IT-0096
OPS-0004,ar/OPS-0004_client-escalation-policy_Procedure.txt,تصعيد شكاوى العملاء - إجراء,client_escalation,Operations,OPS,Procedure,ar,المكتب الرئيسي,HO,3.0,Active,2023-05-10,,OPS-0016 OPS-0040
MKT-0004,ar/MKT-0004_social-media-policy_Procedure.txt,وسائل التواصل الاجتماعي - إجراء,social_media,Marketing & Communications,MKT,Procedure,ar,المكتب الرئيسي,HO,3.1,Active,2024-01-05,,MKT-0016 LEG-0016 MKT-0024
PRC-0004,ar/PRC-0004_purchase-request-policy_Procedure.txt,طلب الشراء - إجراء,purchase_request,Procurement,PRC,Procedure,ar,المكتب الرئيسي,HO,3.0,Active,2025-01-29,,FIN-0040 FIN-0056 PRC-0016
HR-0005,en/HR-0005_annual-leave-policy_FAQ.txt,Annual Leave - FAQ,annual_leave,Human Resources,HR,FAQ,en,Head Office,HO,3.3,Active,2024-06-05,,HR-0015 HR-0023 HR-0039
IT-0005,en/IT-0005_password-policy_FAQ.txt,Password - FAQ,password_policy,Information Technology,IT,FAQ,en,Head Office,HO,3.2,Active,2024-09-10,,IT-0015 IT-0023 IT-0095
FIN-0005,en/FIN-0005_expense-reimbursement-policy_FAQ.txt,Expense Reimbursement - FAQ,expense_reimbursement,Finance,FIN,FAQ,en,Head Office,HO,3.3,Active,2023-07-13,,FIN-0015 FIN-0023 FIN-0031
FAC-0005,en/FAC-0005_meeting-room-booking-policy_FAQ.txt,Meeting Room Booking - FAQ,meeting_room_booking,Facilities,FAC,FAQ,en,Head Office,HO,3.0,Active,2023-06-02,,FAC-0031 FAC-0015
LEG-0005,en/LEG-0005_data-privacy-policy_FAQ.txt,Data Privacy - FAQ,data_privacy,Legal & Compliance,LEG,FAQ,en,Head Office,HO,3.2,Active,2023-11-21,,LEG-0015 LEG-0047 IT-0095
OPS-0005,en/OPS-0005_client-escalation-policy_FAQ.txt,Client Escalation - FAQ,client_escalation,Operations,OPS,FAQ,en,Head Office,HO,3.4,Active,2023-04-16,,OPS-0015 OPS-0039
MKT-0005,en/MKT-0005_social-media-policy_FAQ.txt,Social Media - FAQ,social_media,Marketing & Communications,MKT,FAQ,en,Head Office,HO,3.3,Active,2023-04-01,,MKT-0015 LEG-0015 MKT-0023
PRC-0005,en/PRC-0005_purchase-request-policy_FAQ.txt,Purchase Request - FAQ,purchase_request,Procurement,PRC,FAQ,en,Head Office,HO,3.1,Active,2025-02-04,,FIN-0039 FIN-0055 PRC-0015
HR-0006,ar/HR-0006_annual-leave-policy_FAQ.txt,الإجازة السنوية - أسئلة شائعة,annual_leave,Human Resources,HR,FAQ,ar,المكتب الرئيسي,HO,3.4,Active,2023-10-21,,HR-0016 HR-0024 HR-0040
IT-0006,ar/IT-0006_password-policy_FAQ.txt,كلمات المرور - أسئلة شائعة,password_policy,Information Technology,IT,FAQ,ar,المكتب الرئيسي,HO,3.1,Active,2024-01-22,,IT-0016 IT-0024 IT-0096
FIN-0006,ar/FIN-0006_expense-reimbursement-policy_FAQ.txt,استرداد المصروفات - أسئلة شائعة,expense_reimbursement,Finance,FIN,FAQ,ar,المكتب الرئيسي,HO,3.2,Active,2024-06-05,,FIN-0016 FIN-0024 FIN-0032
FAC-0006,ar/FAC-0006_meeting-room-booking-policy_FAQ.txt,حجز قاعات الاجتماعات - أسئلة شائعة,meeting_room_booking,Facilities,FAC,FAQ,ar,المكتب الرئيسي,HO,3.4,Active,2023-11-12,,FAC-0032 FAC-0016
LEG-0006,ar/LEG-0006_data-privacy-policy_FAQ.txt,خصوصية البيانات - أسئلة شائعة,data_privacy,Legal & Compliance,LEG,FAQ,ar,المكتب الرئيسي,HO,3.2,Active,2023-08-22,,LEG-0016 LEG-0048 IT-0096
OPS-0006,ar/OPS-0006_client-escalation-policy_FAQ.txt,تصعيد شكاوى العملاء - أسئلة شائعة,client_escalation,Operations,OPS,FAQ,ar,المكتب الرئيسي,HO,3.3,Active,2024-04-14,,OPS-0016 OPS-0040
MKT-0006,ar/MKT-0006_social-media-policy_FAQ.txt,وسائل التواصل الاجتماعي - أسئلة شائعة,social_media,Marketing & Communications,MKT,FAQ,ar,المكتب الرئيسي,HO,3.3,Active,2025-05-25,,MKT-0016 LEG-0016 MKT-0024
PRC-0006,ar/PRC-0006_purchase-request-policy_FAQ.txt,طلب الشراء - أسئلة شائعة,purchase_request,Procurement,PRC,FAQ,ar,المكتب الرئيسي,HO,3.3,Active,2023-01-31,,FIN-0040 FIN-0056 PRC-0016
HR-0007,en/HR-0007_annual-leave-policy_QuickReference.txt,Annual Leave - Quick Reference,annual_leave,Human Resources,HR,Quick Reference,en,Head Office,HO,3.0,Active,2023-11-07,,HR-0015 HR-0023 HR-0039
IT-0007,en/IT-0007_password-policy_QuickReference.txt,Password - Quick Reference,password_policy,Information Technology,IT,Quick Reference,en,Head Office,HO,3.2,Active,2024-04-07,,IT-0015 IT-0023 IT-0095
FIN-0007,en/FIN-0007_expense-reimbursement-policy_QuickReference.txt,Expense Reimbursement - Quick Reference,expense_reimbursement,Finance,FIN,Quick Reference,en,Head Office,HO,3.3,Active,2023-11-30,,FIN-0015 FIN-0023 FIN-0031
FAC-0007,en/FAC-0007_meeting-room-booking-policy_QuickReference.txt,Meeting Room Booking - Quick Reference,meeting_room_booking,Facilities,FAC,Quick Reference,en,Head Office,HO,3.2,Active,2023-02-24,,FAC-0031 FAC-0015
LEG-0007,en/LEG-0007_data-privacy-policy_QuickReference.txt,Data Privacy - Quick Reference,data_privacy,Legal & Compliance,LEG,Quick Reference,en,Head Office,HO,3.3,Active,2023-06-13,,LEG-0015 LEG-0047 IT-0095
OPS-0007,en/OPS-0007_client-escalation-policy_QuickReference.txt,Client Escalation - Quick Reference,client_escalation,Operations,OPS,Quick Reference,en,Head Office,HO,3.0,Active,2023-01-09,,OPS-0015 OPS-0039
MKT-0007,en/MKT-0007_social-media-policy_QuickReference.txt,Social Media - Quick Reference,social_media,Marketing & Communications,MKT,Quick Reference,en,Head Office,HO,3.1,Active,2024-11-27,,MKT-0015 LEG-0015 MKT-0023
PRC-0007,en/PRC-0007_purchase-request-policy_QuickReference.txt,Purchase Request - Quick Reference,purchase_request,Procurement,PRC,Quick Reference,en,Head Office,HO,3.3,Active,2023-08-30,,FIN-0039 FIN-0055 PRC-0015
HR-0008,ar/HR-0008_annual-leave-policy_QuickReference.txt,الإجازة السنوية - مرجع سريع,annual_leave,Human Resources,HR,Quick Reference,ar,المكتب الرئيسي,HO,3.3,Active,2024-04-17,,HR-0016 HR-0024 HR-0040
IT-0008,ar/IT-0008_password-policy_QuickReference.txt,كلمات المرور - مرجع سريع,password_policy,Information Technology,IT,Quick Reference,ar,المكتب الرئيسي,HO,3.0,Active,2023-12-13,,IT-0016 IT-0024 IT-0096
FIN-0008,ar/FIN-0008_expense-reimbursement-policy_QuickReference.txt,استرداد المصروفات - مرجع سريع,expense_reimbursement,Finance,FIN,Quick Reference,ar,المكتب الرئيسي,HO,3.0,Active,2023-05-07,,FIN-0016 FIN-0024 FIN-0032
FAC-0008,ar/FAC-0008_meeting-room-booking-policy_QuickReference.txt,حجز قاعات الاجتماعات - مرجع سريع,meeting_room_booking,Facilities,FAC,Quick Reference,ar,المكتب الرئيسي,HO,3.2,Active,2023-10-30,,FAC-0032 FAC-0016
LEG-0008,ar/LEG-0008_data-privacy-policy_QuickReference.txt,خصوصية البيانات - مرجع سريع,data_privacy,Legal & Compliance,LEG,Quick Reference,ar,المكتب الرئيسي,HO,3.3,Active,2024-05-17,,LEG-0016 LEG-0048 IT-0096
OPS-0008,ar/OPS-0008_client-escalation-policy_QuickReference.txt,تصعيد شكاوى العملاء - مرجع سريع,client_escalation,Operations,OPS,Quick Reference,ar,المكتب الرئيسي,HO,3.1,Active,2025-04-17,,OPS-0016 OPS-0040
MKT-0008,ar/MKT-0008_social-media-policy_QuickReference.txt,وسائل التواصل الاجتماعي - مرجع سريع,social_media,Marketing & Communications,MKT,Quick Reference,ar,المكتب الرئيسي,HO,3.3,Active,2024-07-22,,MKT-0016 LEG-0016 MKT-0024
PRC-0008,ar/PRC-0008_purchase-request-policy_QuickReference.txt,طلب الشراء - مرجع سريع,purchase_request,Procurement,PRC,Quick Reference,ar,المكتب الرئيسي,HO,3.1,Active,2023-11-29,,FIN-0040 FIN-0056 PRC-0016
HR-0009,en/HR-0009_sick-leave-policy_Policy.txt,Sick Leave Policy,sick_leave,Human Resources,HR,Policy,en,Head Office,HO,3.1,Active,2024-10-17,,HR-0007 HR-0039 FAC-0063
IT-0009,en/IT-0009_multi-factor-authentication-policy_Policy.txt,Multi-Factor Authentication Policy,mfa,Information Technology,IT,Policy,en,Head Office,HO,3.0,Active,2023-10-01,,IT-0007 IT-0047
FIN-0009,en/FIN-0009_corporate-card-policy_Policy.txt,Corporate Card Policy,corporate_card,Finance,FIN,Policy,en,Head Office,HO,3.4,Active,2024-03-26,,FIN-0007 FIN-0023
FAC-0009,en/FAC-0009_parking-policy_Policy.txt,Parking Policy,parking,Facilities,FAC,Policy,en,Head Office,HO,3.1,Active,2023-09-09,,FAC-0023
LEG-0009,en/LEG-0009_confidentiality-policy_Policy.txt,Confidentiality Policy,confidentiality,Legal & Compliance,LEG,Policy,en,Head Office,HO,3.3,Active,2024-05-01,,LEG-0007 LEG-0071 MKT-0015
OPS-0009,en/OPS-0009_incident-management-policy_Policy.txt,Incident Management Policy,incident_management,Operations,OPS,Policy,en,Head Office,HO,3.3,Active,2023-01-18,,OPS-0007 OPS-0023 OPS-0047
MKT-0009,en/MKT-0009_external-communications-policy_Policy.txt,External Communications Policy,external_communications,Marketing & Communications,MKT,Policy,en,Head Office,HO,3.1,Active,2023-06-01,,MKT-0007 MKT-0031 LEG-0079
PRC-0009,en/PRC-0009_supplier-selection-policy_Policy.txt,Supplier Selection Policy,supplier_selection,Procurement,PRC,Policy,en,Head Office,HO,3.1,Active,2025-04-14,,PRC-0007 FIN-0039 LEG-0023
HR-0010,ar/HR-0010_sick-leave-policy_Policy.txt,سياسة الإجازة المرضية,sick_leave,Human Resources,HR,Policy,ar,المكتب الرئيسي,HO,3.2,Active,2024-02-20,,HR-0008 HR-0040 FAC-0064
IT-0010,ar/IT-0010_multi-factor-authentication-policy_Policy.txt,سياسة المصادقة متعددة العوامل,mfa,Information Technology,IT,Policy,ar,المكتب الرئيسي,HO,3.3,Active,2023-09-27,,IT-0008 IT-0048
FIN-0010,ar/FIN-0010_corporate-card-policy_Policy.txt,سياسة بطاقة الشركة,corporate_card,Finance,FIN,Policy,ar,المكتب الرئيسي,HO,3.2,Active,2023-01-10,,FIN-0008 FIN-0024
FAC-0010,ar/FAC-0010_parking-policy_Policy.txt,سياسة مواقف السيارات,parking,Facilities,FAC,Policy,ar,المكتب الرئيسي,HO,3.0,Active,2023-10-27,,FAC-0024
LEG-0010,ar/LEG-0010_confidentiality-policy_Policy.txt,سياسة السرية,confidentiality,Legal & Compliance,LEG,Policy,ar,المكتب الرئيسي,HO,3.1,Active,2023-07-24,,LEG-0008 LEG-0072 MKT-0016
OPS-0010,ar/OPS-0010_incident-management-policy_Policy.txt,سياسة إدارة الحوادث,incident_management,Operations,OPS,Policy,ar,المكتب الرئيسي,HO,3.1,Active,2025-01-13,,OPS-0008 OPS-0024 OPS-0048
MKT-0010,ar/MKT-0010_external-communications-policy_Policy.txt,سياسة الاتصالات الخارجية,external_communications,Marketing & Communications,MKT,Policy,ar,المكتب الرئيسي,HO,3.2,Active,2024-04-24,,MKT-0008 MKT-0032 LEG-0080
PRC-0010,ar/PRC-0010_supplier-selection-policy_Policy.txt,سياسة اختيار الموردين,supplier_selection,Procurement,PRC,Policy,ar,المكتب الرئيسي,HO,3.4,Active,2024-10-01,,PRC-0008 FIN-0040 LEG-0024
HR-0011,en/HR-0011_sick-leave-policy_Procedure.txt,Sick Leave - Procedure,sick_leave,Human Resources,HR,Procedure,en,Head Office,HO,3.0,Active,2023-02-13,,HR-0007 HR-0039 FAC-0063
IT-0011,en/IT-0011_multi-factor-authentication-policy_Procedure.txt,Multi-Factor Authentication - Procedure,mfa,Information Technology,IT,Procedure,en,Head Office,HO,3.4,Active,2024-04-20,,IT-0007 IT-0047
FIN-0011,en/FIN-0011_corporate-card-policy_Procedure.txt,Corporate Card - Procedure,corporate_card,Finance,FIN,Procedure,en,Head Office,HO,3.2,Active,2024-08-29,,FIN-0007 FIN-0023
FAC-0011,en/FAC-0011_parking-policy_Procedure.txt,Parking - Procedure,parking,Facilities,FAC,Procedure,en,Head Office,HO,3.4,Active,2024-04-22,,FAC-0023
LEG-0011,en/LEG-0011_confidentiality-policy_Procedure.txt,Confidentiality - Procedure,confidentiality,Legal & Compliance,LEG,Procedure,en,Head Office,HO,3.3,Active,2025-02-20,,LEG-0007 LEG-0071 MKT-0015
OPS-0011,en/OPS-0011_incident-management-policy_Procedure.txt,Incident Management - Procedure,incident_management,Operations,OPS,Procedure,en,Head Office,HO,3.4,Active,2023-05-05,,OPS-0007 OPS-0023 OPS-0047
MKT-0011,en/MKT-0011_external-communications-policy_Procedure.txt,External Communications - Procedure,external_communications,Marketing & Communications,MKT,Procedure,en,Head Office,HO,3.0,Active,2023-11-10,,MKT-0007 MKT-0031 LEG-0079
PRC-0011,en/PRC-0011_supplier-selection-policy_Procedure.txt,Supplier Selection - Procedure,supplier_selection,Procurement,PRC,Procedure,en,Head Office,HO,3.2,Active,2023-06-26,,PRC-0007 FIN-0039 LEG-0023
HR-0012,ar/HR-0012_sick-leave-policy_Procedure.txt,الإجازة المرضية - إجراء,sick_leave,Human Resources,HR,Procedure,ar,المكتب الرئيسي,HO,3.3,Active,2024-07-16,,HR-0008 HR-0040 FAC-0064
IT-0012,ar/IT-0012_multi-factor-authentication-policy_Procedure.txt,المصادقة متعددة العوامل - إجراء,mfa,Information Technology,IT,Procedure,ar,المكتب الرئيسي,HO,3.2,Active,2024-11-01,,IT-0008 IT-0048
FIN-0012,ar/FIN-0012_corporate-card-policy_Procedure.txt,بطاقة الشركة - إجراء,corporate_card,Finance,FIN,Procedure,ar,المكتب الرئيسي,HO,3.0,Active,2025-04-13,,FIN-0008 FIN-0024
FAC-0012,ar/FAC-0012_parking-policy_Procedure.txt,مواقف السيارات - إجراء,parking,Facilities,FAC,Procedure,ar,المكتب الرئيسي,HO,3.0,Active,2024-05-18,,FAC-0024
LEG-0012,ar/LEG-0012_confidentiality-policy_Procedure.txt,السرية - إجراء,confidentiality,Legal & Compliance,LEG,Procedure,ar,المكتب الرئيسي,HO,3.2,Active,2023-08-07,,LEG-0008 LEG-0072 MKT-0016
OPS-0012,ar/OPS-0012_incident-management-policy_Procedure.txt,إدارة الحوادث - إجراء,incident_management,Operations,OPS,Procedure,ar,المكتب الرئيسي,HO,3.1,Active,2025-02-23,,OPS-0008 OPS-0024 OPS-0048
MKT-0012,ar/MKT-0012_external-communications-policy_Procedure.txt,الاتصالات الخارجية - إجراء,external_communications,Marketing & Communications,MKT,Procedure,ar,المكتب الرئيسي,HO,3.1,Active,2023-10-04,,MKT-0008 MKT-0032 LEG-0080
PRC-0012,ar/PRC-0012_supplier-selection-policy_Procedure.txt,اختيار الموردين - إجراء,supplier_selection,Procurement,PRC,Procedure,ar,المكتب الرئيسي,HO,3.0,Active,2025-05-03,,PRC-0008 FIN-0040 LEG-0024
HR-0013,en/HR-0013_sick-leave-policy_FAQ.txt,Sick Leave - FAQ,sick_leave,Human Resources,HR,FAQ,en,Head Office,HO,3.3,Active,2023-05-30,,HR-0007 HR-0039 FAC-0063
IT-0013,en/IT-0013_multi-factor-authentication-policy_FAQ.txt,Multi-Factor Authentication - FAQ,mfa,Information Technology,IT,FAQ,en,Head Office,HO,3.3,Active,2024-10-31,,IT-0007 IT-0047
FIN-0013,en/FIN-0013_corporate-card-policy_FAQ.txt,Corporate Card - FAQ,corporate_card,Finance,FIN,FAQ,en,Head Office,HO,3.2,Active,2024-08-05,,FIN-0007 FIN-0023
FAC-0013,en/FAC-0013_parking-policy_FAQ.txt,Parking - FAQ,parking,Facilities,FAC,FAQ,en,Head Office,HO,3.1,Active,2023-07-19,,FAC-0023
LEG-0013,en/LEG-0013_confidentiality-policy_FAQ.txt,Confidentiality - FAQ,confidentiality,Legal & Compliance,LEG,FAQ,en,Head Office,HO,3.3,Active,2024-12-08,,LEG-0007 LEG-0071 MKT-0015
OPS-0013,en/OPS-0013_incident-management-policy_FAQ.txt,Incident Management - FAQ,incident_management,Operations,OPS,FAQ,en,Head Office,HO,3.4,Active,2023-01-23,,OPS-0007 OPS-0023 OPS-0047
MKT-0013,en/MKT-0013_external-communications-policy_FAQ.txt,External Communications - FAQ,external_communications,Marketing & Communications,MKT,FAQ,en,Head Office,HO,3.3,Active,2024-08-01,,MKT-0007 MKT-0031 LEG-0079
PRC-0013,en/PRC-0013_supplier-selection-policy_FAQ.txt,Supplier Selection - FAQ,supplier_selection,Procurement,PRC,FAQ,en,Head Office,HO,3.1,Active,2023-01-26,,PRC-0007 FIN-0039 LEG-0023
HR-0014,ar/HR-0014_sick-leave-policy_FAQ.txt,الإجازة المرضية - أسئلة شائعة,sick_leave,Human Resources,HR,FAQ,ar,المكتب الرئيسي,HO,3.2,Active,2024-07-29,,HR-0008 HR-0040 FAC-0064
IT-0014,ar/IT-0014_multi-factor-authentication-policy_FAQ.txt,المصادقة متعددة العوامل - أسئلة شائعة,mfa,Information Technology,IT,FAQ,ar,المكتب الرئيسي,HO,3.2,Active,2024-10-16,,IT-0008 IT-0048
FIN-0014,ar/FIN-0014_corporate-card-policy_FAQ.txt,بطاقة الشركة - أسئلة شائعة,corporate_card,Finance,FIN,FAQ,ar,المكتب الرئيسي,HO,3.3,Active,2024-07-18,,FIN-0008 FIN-0024
FAC-0014,ar/FAC-0014_parking-policy_FAQ.txt,مواقف السيارات - أسئلة شائعة,parking,Facilities,FAC,FAQ,ar,المكتب الرئيسي,HO,3.0,Active,2025-05-20,,FAC-0024
LEG-0014,ar/LEG-0014_confidentiality-policy_FAQ.txt,السرية - أسئلة شائعة,confidentiality,Legal & Compliance,LEG,FAQ,ar,المكتب الرئيسي,HO,3.4,Active,2024-01-01,,LEG-0008 LEG-0072 MKT-0016
OPS-0014,ar/OPS-0014_incident-management-policy_FAQ.txt,إدارة الحوادث - أسئلة شائعة,incident_management,Operations,OPS,FAQ,ar,المكتب الرئيسي,HO,3.4,Active,2024-08-03,,OPS-0008 OPS-0024 OPS-0048
MKT-0014,ar/MKT-0014_external-communications-policy_FAQ.txt,الاتصالات الخارجية - أسئلة شائعة,external_communications,Marketing & Communications,MKT,FAQ,ar,المكتب الرئيسي,HO,3.3,Active,2025-02-19,,MKT-0008 MKT-0032 LEG-0080
PRC-0014,ar/PRC-0014_supplier-selection-policy_FAQ.txt,اختيار الموردين - أسئلة شائعة,supplier_selection,Procurement,PRC,FAQ,ar,المكتب الرئيسي,HO,3.1,Active,2025-04-04,,PRC-0008 FIN-0040 LEG-0024
HR-0015,en/HR-0015_sick-leave-policy_QuickReference.txt,Sick Leave - Quick Reference,sick_leave,Human Resources,HR,Quick Reference,en,Head Office,HO,3.4,Active,2023-08-20,,HR-0007 HR-0039 FAC-0063
IT-0015,en/IT-0015_multi-factor-authentication-policy_QuickReference.txt,Multi-Factor Authentication - Quick Reference,mfa,Information Technology,IT,Quick Reference,en,Head Office,HO,3.0,Active,2023-02-07,,IT-0007 IT-0047
FIN-0015,en/FIN-0015_corporate-card-policy_QuickReference.txt,Corporate Card - Quick Reference,corporate_card,Finance,FIN,Quick Reference,en,Head Office,HO,3.0,Active,2024-12-02,,FIN-0007 FIN-0023
FAC-0015,en/FAC-0015_parking-policy_QuickReference.txt,Parking - Quick Reference,parking,Facilities,FAC,Quick Reference,en,Head Office,HO,3.4,Active,2024-10-07,,FAC-0023
LEG-0015,en/LEG-0015_confidentiality-policy_QuickReference.txt,Confidentiality - Quick Reference,confidentiality,Legal & Compliance,LEG,Quick Reference,en,Head Office,HO,3.1,Active,2024-07-27,,LEG-0007 LEG-0071 MKT-0015
OPS-0015,en/OPS-0015_incident-management-policy_QuickReference.txt,Incident Management - Quick Reference,incident_management,Operations,OPS,Quick Reference,en,Head Office,HO,3.3,Active,2024-08-25,,OPS-0007 OPS-0023 OPS-0047
MKT-0015,en/MKT-0015_external-communications-policy_QuickReference.txt,External Communications - Quick Reference,external_communications,Marketing & Communications,MKT,Quick Reference,en,Head Office,HO,3.2,Active,2023-04-07,,MKT-0007 MKT-0031 LEG-0079
PRC-0015,en/PRC-0015_supplier-selection-policy_QuickReference.txt,Supplier Selection - Quick Reference,supplier_selection,Procurement,PRC,Quick Reference,en,Head Office,HO,3.4,Active,2024-06-09,,PRC-0007 FIN-0039 LEG-0023
HR-0016,ar/HR-0016_sick-leave-policy_QuickReference.txt,الإجازة المرضية - مرجع سريع,sick_leave,Human Resources,HR,Quick Reference,ar,المكتب الرئيسي,HO,3.3,Active,2023-08-22,,HR-0008 HR-0040 FAC-0064
IT-0016,ar/IT-0016_multi-factor-authentication-policy_QuickReference.txt,المصادقة متعددة العوامل - مرجع سريع,mfa,Information Technology,IT,Quick Reference,ar,المكتب الرئيسي,HO,3.4,Active,2025-04-21,,IT-0008 IT-0048
FIN-0016,ar/FIN-0016_corporate-card-policy_QuickReference.txt,بطاقة الشركة - مرجع سريع,corporate_card,Finance,FIN,Quick Reference,ar,المكتب الرئيسي,HO,3.3,Active,2023-03-16,,FIN-0008 FIN-0024
FAC-0016,ar/FAC-0016_parking-policy_QuickReference.txt,مواقف السيارات - مرجع سريع,parking,Facilities,FAC,Quick Reference,ar,المكتب الرئيسي,HO,3.2,Active,2023-06-10,,FAC-0024
LEG-0016,ar/LEG-0016_confidentiality-policy_QuickReference.txt,السرية - مرجع سريع,confidentiality,Legal & Compliance,LEG,Quick Reference,ar,المكتب الرئيسي,HO,3.4,Active,2024-09-12,,LEG-0008 LEG-0072 MKT-0016
OPS-0016,ar/OPS-0016_incident-management-policy_QuickReference.txt,إدارة الحوادث - مرجع سريع,incident_management,Operations,OPS,Quick Reference,ar,المكتب الرئيسي,HO,3.1,Active,2025-03-11,,OPS-0008 OPS-0024 OPS-0048
MKT-0016,ar/MKT-0016_external-communications-policy_QuickReference.txt,الاتصالات الخارجية - مرجع سريع,external_communications,Marketing & Communications,MKT,Quick Reference,ar,المكتب الرئيسي,HO,3.2,Active,2023-04-02,,MKT-0008 MKT-0032 LEG-0080
PRC-0016,ar/PRC-0016_supplier-selection-policy_QuickReference.txt,اختيار الموردين - مرجع سريع,supplier_selection,Procurement,PRC,Quick Reference,ar,المكتب الرئيسي,HO,3.0,Active,2023-05-19,,PRC-0008 FIN-0040 LEG-0024
HR-0017,en/HR-0017_parental-leave-policy_Policy.txt,Parental Leave Policy,parental_leave,Human Resources,HR,Policy,en,Head Office,HO,3.1,Active,2024-08-17,,HR-0007 HR-0015 HR-0191
IT-0017,en/IT-0017_system-access-request-policy_Policy.txt,System Access Request Policy,system_access,Information Technology,IT,Policy,en,Head Office,HO,3.1,Active,2023-01-21,,IT-0007 IT-0031 HR-0111
FIN-0017,en/FIN-0017_business-travel-booking-policy_Policy.txt,Business Travel Booking Policy,travel_booking,Finance,FIN,Policy,en,Head Office,HO,3.4,Active,2025-05-22,,FIN-0007 FIN-0031 FIN-0015
FAC-0017,en/FAC-0017_building-access-policy_Policy.txt,Building Access Policy,building_access,Facilities,FAC,Policy,en,Head Office,HO,3.0,Active,2023-06-30,,FAC-0015 FAC-0031
LEG-0017,en/LEG-0017_conflict-of-interest-policy_Policy.txt,Conflict of Interest Policy,conflict_of_interest,Legal & Compliance,LEG,Policy,en,Head Office,HO,3.0,Active,2023-12-11,,HR-0143 LEG-0063 LEG-0031
OPS-0017,en/OPS-0017_change-management-policy_Policy.txt,Change Management Policy,change_management,Operations,OPS,Policy,en,Head Office,HO,3.3,Active,2023-02-04,,OPS-0015 OPS-0031
MKT-0017,en/MKT-0017_brand-usage-policy_Policy.txt,Brand Usage Policy,brand_usage,Marketing & Communications,MKT,Policy,en,Head Office,HO,3.1,Active,2024-05-28,,MKT-0007 MKT-0015
PRC-0017,en/PRC-0017_contract-renewal-policy_Policy.txt,Contract Renewal Policy,contract_renewal,Procurement,PRC,Policy,en,Head Office,HO,3.1,Active,2024-02-22,,FIN-0039 FIN-0047
HR-0018,ar/HR-0018_parental-leave-policy_Policy.txt,سياسة إجازة الوالدية,parental_leave,Human Resources,HR,Policy,ar,المكتب الرئيسي,HO,3.4,Active,2023-04-14,,HR-0008 HR-0016 HR-0192
IT-0018,ar/IT-0018_system-access-request-policy_Policy.txt,سياسة طلب الوصول إلى الأنظمة,system_access,Information Technology,IT,Policy,ar,المكتب الرئيسي,HO,3.1,Active,2023-03-05,,IT-0008 IT-0032 HR-0112
FIN-0018,ar/FIN-0018_business-travel-booking-policy_Policy.txt,سياسة حجز السفر للعمل,travel_booking,Finance,FIN,Policy,ar,المكتب الرئيسي,HO,3.1,Active,2023-07-05,,FIN-0008 FIN-0032 FIN-0016
FAC-0018,ar/FAC-0018_building-access-policy_Policy.txt,سياسة الدخول إلى المبنى,building_access,Facilities,FAC,Policy,ar,المكتب الرئيسي,HO,3.4,Active,2023-12-09,,FAC-0016 FAC-0032
LEG-0018,ar/LEG-0018_conflict-of-interest-policy_Policy.txt,سياسة تضارب المصالح,conflict_of_interest,Legal & Compliance,LEG,Policy,ar,المكتب الرئيسي,HO,3.4,Active,2024-05-11,,HR-0144 LEG-0064 LEG-0032
OPS-0018,ar/OPS-0018_change-management-policy_Policy.txt,سياسة إدارة التغيير,change_management,Operations,OPS,Policy,ar,المكتب الرئيسي,HO,3.1,Active,2025-04-17,,OPS-0016 OPS-0032
MKT-0018,ar/MKT-0018_brand-usage-policy_Policy.txt,سياسة استخدام العلامة التجارية,brand_usage,Marketing & Communications,MKT,Policy,ar,المكتب الرئيسي,HO,3.1,Active,2025-06-15,,MKT-0008 MKT-0016
PRC-0018,ar/PRC-0018_contract-renewal-policy_Policy.txt,سياسة تجديد العقود,contract_renewal,Procurement,PRC,Policy,ar,المكتب الرئيسي,HO,3.4,Active,2023-02-08,,FIN-0040 FIN-0048
HR-0019,en/HR-0019_parental-leave-policy_Procedure.txt,Parental Leave - Procedure,parental_leave,Human Resources,HR,Procedure,en,Head Office,HO,3.4,Active,2025-01-19,,HR-0007 HR-0015 HR-0191
IT-0019,en/IT-0019_system-access-request-policy_Procedure.txt,System Access Request - Procedure,system_access,Information Technology,IT,Procedure,en,Head Office,HO,3.2,Active,2024-01-02,,IT-0007 IT-0031 HR-0111
FIN-0019,en/FIN-0019_business-travel-booking-policy_Procedure.txt,Business Travel Booking - Procedure,travel_booking,Finance,FIN,Procedure,en,Head Office,HO,3.4,Active,2024-10-29,,FIN-0007 FIN-0031 FIN-0015
FAC-0019,en/FAC-0019_building-access-policy_Procedure.txt,Building Access - Procedure,building_access,Facilities,FAC,Procedure,en,Head Office,HO,3.2,Active,2024-01-03,,FAC-0015 FAC-0031
LEG-0019,en/LEG-0019_conflict-of-interest-policy_Procedure.txt,Conflict of Interest - Procedure,conflict_of_interest,Legal & Compliance,LEG,Procedure,en,Head Office,HO,3.4,Active,2023-02-22,,HR-0143 LEG-0063 LEG-0031
OPS-0019,en/OPS-0019_change-management-policy_Procedure.txt,Change Management - Procedure,change_management,Operations,OPS,Procedure,en,Head Office,HO,3.2,Active,2023-07-10,,OPS-0015 OPS-0031
MKT-0019,en/MKT-0019_brand-usage-policy_Procedure.txt,Brand Usage - Procedure,brand_usage,Marketing & Communications,MKT,Procedure,en,Head Office,HO,3.3,Active,2023-10-13,,MKT-0007 MKT-0015
PRC-0019,en/PRC-0019_contract-renewal-policy_Procedure.txt,Contract Renewal - Procedure,contract_renewal,Procurement,PRC,Procedure,en,Head Office,HO,3.1,Active,2023-08-25,,FIN-0039 FIN-0047
HR-0020,ar/HR-0020_parental-leave-policy_Procedure.txt,إجازة الوالدية - إجراء,parental_leave,Human Resources,HR,Procedure,ar,المكتب الرئيسي,HO,3.2,Active,2024-10-27,,HR-0008 HR-0016 HR-0192
IT-0020,ar/IT-0020_system-access-request-policy_Procedure.txt,طلب الوصول إلى الأنظمة - إجراء,system_access,Information Technology,IT,Procedure,ar,المكتب الرئيسي,HO,3.0,Active,2024-03-25,,IT-0008 IT-0032 HR-0112
FIN-0020,ar/FIN-0020_business-travel-booking-policy_Procedure.txt,حجز السفر للعمل - إجراء,travel_booking,Finance,FIN,Procedure,ar,المكتب الرئيسي,HO,3.1,Active,2024-06-20,,FIN-0008 FIN-0032 FIN-0016
FAC-0020,ar/FAC-0020_building-access-policy_Procedure.txt,الدخول إلى المبنى - إجراء,building_access,Facilities,FAC,Procedure,ar,المكتب الرئيسي,HO,3.3,Active,2024-03-07,,FAC-0016 FAC-0032
LEG-0020,ar/LEG-0020_conflict-of-interest-policy_Procedure.txt,تضارب المصالح - إجراء,conflict_of_interest,Legal & Compliance,LEG,Procedure,ar,المكتب الرئيسي,HO,3.1,Active,2024-09-26,,HR-0144 LEG-0064 LEG-0032
OPS-0020,ar/OPS-0020_change-management-policy_Procedure.txt,إدارة التغيير - إجراء,change_management,Operations,OPS,Procedure,ar,المكتب الرئيسي,HO,3.3,Active,2023-06-25,,OPS-0016 OPS-0032
MKT-0020,ar/MKT-0020_brand-usage-policy_Procedure.txt,استخدام العلامة التجارية - إجراء,brand_usage,Marketing & Communications,MKT,Procedure,ar,المكتب الرئيسي,HO,3.0,Active,2023-07-30,,MKT-0008 MKT-0016
PRC-0020,ar/PRC-0020_contract-renewal-policy_Procedure.txt,تجديد العقود - إجراء,contract_renewal,Procurement,PRC,Procedure,ar,المكتب الرئيسي,HO,3.3,Active,2023-04-29,,FIN-0040 FIN-0048
HR-0021,en/HR-0021_parental-leave-policy_FAQ.txt,Parental Leave - FAQ,parental_leave,Human Resources,HR,FAQ,en,Head Office,HO,3.2,Active,2023-10-05,,HR-0007 HR-0015 HR-0191
IT-0021,en/IT-0021_system-access-request-policy_FAQ.txt,System Access Request - FAQ,system_access,Information Technology,IT,FAQ,en,Head Office,HO,3.0,Active,2023-08-05,,IT-0007 IT-0031 HR-0111
FIN-0021,en/FIN-0021_business-travel-booking-policy_FAQ.txt,Business Travel Booking - FAQ,travel_booking,Finance,FIN,FAQ,en,Head Office,HO,3.2,Active,2023-11-14,,FIN-0007 FIN-0031 FIN-0015
FAC-0021,en/FAC-0021_building-access-policy_FAQ.txt,Building Access - FAQ,building_access,Facilities,FAC,FAQ,en,Head Office,HO,3.3,Active,2025-03-26,,FAC-0015 FAC-0031
LEG-0021,en/LEG-0021_conflict-of-interest-policy_FAQ.txt,Conflict of Interest - FAQ,conflict_of_interest,Legal & Compliance,LEG,FAQ,en,Head Office,HO,3.0,Active,2025-04-13,,HR-0143 LEG-0063 LEG-0031
OPS-0021,en/OPS-0021_change-management-policy_FAQ.txt,Change Management - FAQ,change_management,Operations,OPS,FAQ,en,Head Office,HO,3.1,Active,2023-12-18,,OPS-0015 OPS-0031
MKT-0021,en/MKT-0021_brand-usage-policy_FAQ.txt,Brand Usage - FAQ,brand_usage,Marketing & Communications,MKT,FAQ,en,Head Office,HO,3.1,Active,2023-03-19,,MKT-0007 MKT-0015
PRC-0021,en/PRC-0021_contract-renewal-policy_FAQ.txt,Contract Renewal - FAQ,contract_renewal,Procurement,PRC,FAQ,en,Head Office,HO,3.0,Active,2025-05-06,,FIN-0039 FIN-0047
HR-0022,ar/HR-0022_parental-leave-policy_FAQ.txt,إجازة الوالدية - أسئلة شائعة,parental_leave,Human Resources,HR,FAQ,ar,المكتب الرئيسي,HO,3.1,Active,2025-03-27,,HR-0008 HR-0016 HR-0192
IT-0022,ar/IT-0022_system-access-request-policy_FAQ.txt,طلب الوصول إلى الأنظمة - أسئلة شائعة,system_access,Information Technology,IT,FAQ,ar,المكتب الرئيسي,HO,3.1,Active,2024-03-05,,IT-0008 IT-0032 HR-0112
FIN-0022,ar/FIN-0022_business-travel-booking-policy_FAQ.txt,حجز السفر للعمل - أسئلة شائعة,travel_booking,Finance,FIN,FAQ,ar,المكتب الرئيسي,HO,3.4,Active,2023-12-08,,FIN-0008 FIN-0032 FIN-0016
FAC-0022,ar/FAC-0022_building-access-policy_FAQ.txt,الدخول إلى المبنى - أسئلة شائعة,building_access,Facilities,FAC,FAQ,ar,المكتب الرئيسي,HO,3.3,Active,2023-09-07,,FAC-0016 FAC-0032
LEG-0022,ar/LEG-0022_conflict-of-interest-policy_FAQ.txt,تضارب المصالح - أسئلة شائعة,conflict_of_interest,Legal & Compliance,LEG,FAQ,ar,المكتب الرئيسي,HO,3.4,Active,2023-04-26,,HR-0144 LEG-0064 LEG-0032
OPS-0022,ar/OPS-0022_change-management-policy_FAQ.txt,إدارة التغيير - أسئلة شائعة,change_management,Operations,OPS,FAQ,ar,المكتب الرئيسي,HO,3.4,Active,2023-04-14,,OPS-0016 OPS-0032
MKT-0022,ar/MKT-0022_brand-usage-policy_FAQ.txt,استخدام العلامة التجارية - أسئلة شائعة,brand_usage,Marketing & Communications,MKT,FAQ,ar,المكتب الرئيسي,HO,3.4,Active,2023-11-20,,MKT-0008 MKT-0016
PRC-0022,ar/PRC-0022_contract-renewal-policy_FAQ.txt,تجديد العقود - أسئلة شائعة,contract_renewal,Procurement,PRC,FAQ,ar,المكتب الرئيسي,HO,3.2,Active,2023-02-21,,FIN-0040 FIN-0048
HR-0023,en/HR-0023_parental-leave-policy_QuickReference.txt,Parental Leave - Quick Reference,parental_leave,Human Resources,HR,Quick Reference,en,Head Office,HO,3.3,Active,2025-04-15,,HR-0007 HR-0015 HR-0191
IT-0023,en/IT-0023_system-access-request-policy_QuickReference.txt,System Access Request - Quick Reference,system_access,Information Technology,IT,Quick Reference,en,Head Office,HO,3.2,Active,2023-03-16,,IT-0007 IT-0031 HR-0111
FIN-0023,en/FIN-0023_business-travel-booking-policy_QuickReference.txt,Business Travel Booking - Quick Reference,travel_booking,Finance,FIN,Quick Reference,en,Head Office,HO,3.3,Active,2023-09-08,,FIN-0007 FIN-0031 FIN-0015
FAC-0023,en/FAC-0023_building-access-policy_QuickReference.txt,Building Access - Quick Reference,building_access,Facilities,FAC,Quick Reference,en,Head Office,HO,3.1,Active,2024-02-12,,FAC-0015 FAC-0031
LEG-0023,en/LEG-0023_conflict-of-interest-policy_QuickReference.txt,Conflict of Interest - Quick Reference,conflict_of_interest,Legal & Compliance,LEG,Quick Reference,en,Head Office,HO,3.4,Active,2024-12-25,,HR-0143 LEG-0063 LEG-0031
OPS-0023,en/OPS-0023_change-management-policy_QuickReference.txt,Change Management - Quick Reference,change_management,Operations,OPS,Quick Reference,en,Head Office,HO,3.1,Active,2024-01-13,,OPS-0015 OPS-0031
MKT-0023,en/MKT-0023_brand-usage-policy_QuickReference.txt,Brand Usage - Quick Reference,brand_usage,Marketing & Communications,MKT,Quick Reference,en,Head Office,HO,3.3,Active,2023-08-05,,MKT-0007 MKT-0015
PRC-0023,en/PRC-0023_contract-renewal-policy_QuickReference.txt,Contract Renewal - Quick Reference,contract_renewal,Procurement,PRC,Quick Reference,en,Head Office,HO,3.0,Active,2023-06-20,,FIN-0039 FIN-0047
HR-0024,ar/HR-0024_parental-leave-policy_QuickReference.txt,إجازة الوالدية - مرجع سريع,parental_leave,Human Resources,HR,Quick Reference,ar,المكتب الرئيسي,HO,3.3,Active,2024-01-21,,HR-0008 HR-0016 HR-0192
IT-0024,ar/IT-0024_system-access-request-policy_QuickReference.txt,طلب الوصول إلى الأنظمة - مرجع سريع,system_access,Information Technology,IT,Quick Reference,ar,المكتب الرئيسي,HO,3.1,Active,2023-06-21,,IT-0008 IT-0032 HR-0112
FIN-0024,ar/FIN-0024_business-travel-booking-policy_QuickReference.txt,حجز السفر للعمل - مرجع سريع,travel_booking,Finance,FIN,Quick Reference,ar,المكتب الرئيسي,HO,3.1,Active,2025-02-23,,FIN-0008 FIN-0032 FIN-0016
FAC-0024,ar/FAC-0024_building-access-policy_QuickReference.txt,الدخول إلى المبنى - مرجع سريع,building_access,Facilities,FAC,Quick Reference,ar,المكتب الرئيسي,HO,3.3,Active,2025-01-26,,FAC-0016 FAC-0032
LEG-0024,ar/LEG-0024_conflict-of-interest-policy_QuickReference.txt,تضارب المصالح - مرجع سريع,conflict_of_interest,Legal & Compliance,LEG,Quick Reference,ar,المكتب الرئيسي,HO,3.0,Active,2023-11-20,,HR-0144 LEG-0064 LEG-0032
OPS-0024,ar/OPS-0024_change-management-policy_QuickReference.txt,إدارة التغيير - مرجع سريع,change_management,Operations,OPS,Quick Reference,ar,المكتب الرئيسي,HO,3.3,Active,2024-03-16,,OPS-0016 OPS-0032
MKT-0024,ar/MKT-0024_brand-usage-policy_QuickReference.txt,استخدام العلامة التجارية - مرجع سريع,brand_usage,Marketing & Communications,MKT,Quick Reference,ar,المكتب الرئيسي,HO,3.4,Active,2025-02-20,,MKT-0008 MKT-0016
PRC-0024,ar/PRC-0024_contract-renewal-policy_QuickReference.txt,تجديد العقود - مرجع سريع,contract_renewal,Procurement,PRC,Quick Reference,ar,المكتب الرئيسي,HO,3.1,Active,2023-12-31,,FIN-0040 FIN-0048
HR-0025,en/HR-0025_bereavement-leave-policy_Policy.txt,Bereavement Leave Policy,bereavement_leave,Human Resources,HR,Policy,en,Head Office,HO,3.1,Active,2024-08-26,,HR-0007 HR-0159
IT-0025,en/IT-0025_acceptable-use-policy_Policy.txt,Acceptable Use Policy,acceptable_use,Information Technology,IT,Policy,en,Head Office,HO,3.1,Active,2023-11-26,,IT-0071 IT-0039
FIN-0025,en/FIN-0025_per-diem-policy_Policy.txt,Per Diem Policy,per_diem,Finance,FIN,Policy,en,Head Office,HO,3.0,Active,2023-04-24,,FIN-0023 FIN-0007
FAC-0025,en/FAC-0025_visitor-management-policy_Policy.txt,Visitor Management Policy,visitor_management,Facilities,FAC,Policy,en,Head Office,HO,3.2,Active,2023-12-20,,FAC-0023 LEG-0007
LEG-0025,en/LEG-0025_anti-bribery-policy_Policy.txt,Anti-Bribery Policy,anti_bribery,Legal & Compliance,LEG,Policy,en,Head Office,HO,3.3,Active,2023-07-24,,LEG-0023 LEG-0063 LEG-0039
OPS-0025,en/OPS-0025_business-continuity-policy_Policy.txt,Business Continuity Policy,business_continuity,Operations,OPS,Policy,en,Head Office,HO,3.1,Active,2023-02-12,,OPS-0023 OPS-0015
MKT-0025,en/MKT-0025_press-enquiries-policy_Policy.txt,Press Enquiries Policy,press_enquiries,Marketing & Communications,MKT,Policy,en,Head Office,HO,3.0,Active,2024-04-17,,MKT-0015
PRC-0025,en/PRC-0025_purchase-approval-thresholds_Policy.txt,Purchase Approval Thresholds,purchase_thresholds,Procurement,PRC,Policy,en,Head Office,HO,3.1,Active,2023-09-08,,FIN-0055 FIN-0039 PRC-0007
HR-0026,ar/HR-0026_bereavement-leave-policy_Policy.txt,سياسة إجازة الوفاة,bereavement_leave,Human Resources,HR,Policy,ar,المكتب الرئيسي,HO,3.3,Active,2023-10-30,,HR-0008 HR-0160
IT-0026,ar/IT-0026_acceptable-use-policy_Policy.txt,سياسة الاستخدام المقبول,acceptable_use,Information Technology,IT,Policy,ar,المكتب الرئيسي,HO,3.0,Active,2025-05-07,,IT-0072 IT-0040
FIN-0026,ar/FIN-0026_per-diem-policy_Policy.txt,سياسة بدل الإقامة اليومي,per_diem,Finance,FIN,Policy,ar,المكتب الرئيسي,HO,3.2,Active,2023-08-26,,FIN-0024 FIN-0008
FAC-0026,ar/FAC-0026_visitor-management-policy_Policy.txt,سياسة إدارة الزوار,visitor_management,Facilities,FAC,Policy,ar,المكتب الرئيسي,HO,3.0,Active,2024-07-13,,FAC-0024 LEG-0008
LEG-0026,ar/LEG-0026_anti-bribery-policy_Policy.txt,سياسة مكافحة الرشوة,anti_bribery,Legal & Compliance,LEG,Policy,ar,المكتب الرئيسي,HO,3.2,Active,2024-11-16,,LEG-0024 LEG-0064 LEG-0040
OPS-0026,ar/OPS-0026_business-continuity-policy_Policy.txt,سياسة استمرارية الأعمال,business_continuity,Operations,OPS,Policy,ar,المكتب الرئيسي,HO,3.2,Active,2023-06-24,,OPS-0024 OPS-0016
MKT-0026,ar/MKT-0026_press-enquiries-policy_Policy.txt,سياسة استفسارات الصحافة,press_enquiries,Marketing & Communications,MKT,Policy,ar,المكتب الرئيسي,HO,3.1,Active,2024-06-11,,MKT-0016
PRC-0026,ar/PRC-0026_purchase-approval-thresholds_Policy.txt,حدود اعتماد المشتريات,purchase_thresholds,Procurement,PRC,Policy,ar,المكتب الرئيسي,HO,3.1,Active,2023-06-09,,FIN-0056 FIN-0040 PRC-0008
HR-0027,en/HR-0027_bereavement-leave-policy_Procedure.txt,Bereavement Leave - Procedure,bereavement_leave,Human Resources,HR,Procedure,en,Head Office,HO,3.4,Active,2024-04-05,,HR-0007 HR-0159
IT-0027,en/IT-0027_acceptable-use-policy_Procedure.txt,Acceptable Use - Procedure,acceptable_use,Information Technology,IT,Procedure,en,Head Office,HO,3.4,Active,2024-05-24,,IT-0071 IT-0039
FIN-0027,en/FIN-0027_per-diem-policy_Procedure.txt,Per Diem - Procedure,per_diem,Finance,FIN,Procedure,en,Head Office,HO,3.4,Active,2023-12-22,,FIN-0023 FIN-0007
FAC-0027,en/FAC-0027_visitor-management-policy_Procedure.txt,Visitor Management - Procedure,visitor_management,Facilities,FAC,Procedure,en,Head Office,HO,3.4,Active,2023-11-25,,FAC-0023 LEG-0007
LEG-0027,en/LEG-0027_anti-bribery-policy_Procedure.txt,Anti-Bribery - Procedure,anti_bribery,Legal & Compliance,LEG,Procedure,en,Head Office,HO,3.1,Active,2023-09-11,,LEG-0023 LEG-0063 LEG-0039
OPS-0027,en/OPS-0027_business-continuity-policy_Procedure.txt,Business Continuity - Procedure,business_continuity,Operations,OPS,Procedure,en,Head Office,HO,3.3,Active,2023-10-23,,OPS-0023 OPS-0015
MKT-0027,en/MKT-0027_press-enquiries-policy_Procedure.txt,Press Enquiries - Procedure,press_enquiries,Marketing & Communications,MKT,Procedure,en,Head Office,HO,3.2,Active,2023-08-12,,MKT-0015
PRC-0027,en/PRC-0027_purchase-approval-thresholds_Procedure.txt,Purchase Approval Thresholds - Procedure,purchase_thresholds,Procurement,PRC,Procedure,en,Head Office,HO,3.2,Active,2023-05-27,,FIN-0055 FIN-0039 PRC-0007
HR-0028,ar/HR-0028_bereavement-leave-policy_Procedure.txt,إجازة الوفاة - إجراء,bereavement_leave,Human Resources,HR,Procedure,ar,المكتب الرئيسي,HO,3.4,Active,2024-08-23,,HR-0008 HR-0160
IT-0028,ar/IT-0028_acceptable-use-policy_Procedure.txt,الاستخدام المقبول - إجراء,acceptable_use,Information Technology,IT,Procedure,ar,المكتب الرئيسي,HO,3.3,Active,2023-03-07,,IT-0072 IT-0040
FIN-0028,ar/FIN-0028_per-diem-policy_Procedure.txt,بدل الإقامة اليومي - إجراء,per_diem,Finance,FIN,Procedure,ar,المكتب الرئيسي,HO,3.2,Active,2024-08-06,,FIN-0024 FIN-0008
FAC-0028,ar/FAC-0028_visitor-management-policy_Procedure.txt,إدارة الزوار - إجراء,visitor_management,Facilities,FAC,Procedure,ar,المكتب الرئيسي,HO,3.4,Active,2024-06-11,,FAC-0024 LEG-0008
LEG-0028,ar/LEG-0028_anti-bribery-policy_Procedure.txt,مكافحة الرشوة - إجراء,anti_bribery,Legal & Compliance,LEG,Procedure,ar,المكتب الرئيسي,HO,3.2,Active,2024-01-15,,LEG-0024 LEG-0064 LEG-0040
OPS-0028,ar/OPS-0028_business-continuity-policy_Procedure.txt,استمرارية الأعمال - إجراء,business_continuity,Operations,OPS,Procedure,ar,المكتب الرئيسي,HO,3.4,Active,2023-02-28,,OPS-0024 OPS-0016
MKT-0028,ar/MKT-0028_press-enquiries-policy_Procedure.txt,استفسارات الصحافة - إجراء,press_enquiries,Marketing & Communications,MKT,Procedure,ar,المكتب الرئيسي,HO,3.3,Active,2024-04-28,,MKT-0016
PRC-0028,ar/PRC-0028_purchase-approval-thresholds_Procedure.txt,حدود اعتماد المشتريات - إجراء,purchase_thresholds,Procurement,PRC,Procedure,ar,المكتب الرئيسي,HO,3.4,Active,2023-04-20,,FIN-0056 FIN-0040 PRC-0008
HR-0029,en/HR-0029_bereavement-leave-policy_FAQ.txt,Bereavement Leave - FAQ,bereavement_leave,Human Resources,HR,FAQ,en,Head Office,HO,3.2,Active,2024-06-18,,HR-0007 HR-0159
IT-0029,en/IT-0029_acceptable-use-policy_FAQ.txt,Acceptable Use - FAQ,acceptable_use,Information Technology,IT,FAQ,en,Head Office,HO,3.3,Active,2025-04-07,,IT-0071 IT-0039
FIN-0029,en/FIN-0029_per-diem-policy_FAQ.txt,Per Diem - FAQ,per_diem,Finance,FIN,FAQ,en,Head Office,HO,3.2,Active,2023-08-26,,FIN-0023 FIN-0007
FAC-0029,en/FAC-0029_visitor-management-policy_FAQ.txt,Visitor Management - FAQ,visitor_management,Facilities,FAC,FAQ,en,Head Office,HO,3.4,Active,2023-01-26,,FAC-0023 LEG-0007
LEG-0029,en/LEG-0029_anti-bribery-policy_FAQ.txt,Anti-Bribery - FAQ,anti_bribery,Legal & Compliance,LEG,FAQ,en,Head Office,HO,3.4,Active,2024-06-13,,LEG-0023 LEG-0063 LEG-0039
OPS-0029,en/OPS-0029_business-continuity-policy_FAQ.txt,Business Continuity - FAQ,business_continuity,Operations,OPS,FAQ,en,Head Office,HO,3.2,Active,2024-01-26,,OPS-0023 OPS-0015
MKT-0029,en/MKT-0029_press-enquiries-policy_FAQ.txt,Press Enquiries - FAQ,press_enquiries,Marketing & Communications,MKT,FAQ,en,Head Office,HO,3.0,Active,2023-07-13,,MKT-0015
PRC-0029,en/PRC-0029_purchase-approval-thresholds_FAQ.txt,Purchase Approval Thresholds - FAQ,purchase_thresholds,Procurement,PRC,FAQ,en,Head Office,HO,3.1,Active,2023-02-11,,FIN-0055 FIN-0039 PRC-0007
HR-0030,ar/HR-0030_bereavement-leave-policy_FAQ.txt,إجازة الوفاة - أسئلة شائعة,bereavement_leave,Human Resources,HR,FAQ,ar,المكتب الرئيسي,HO,3.2,Active,2023-05-24,,HR-0008 HR-0160
IT-0030,ar/IT-0030_acceptable-use-policy_FAQ.txt,الاستخدام المقبول - أسئلة شائعة,acceptable_use,Information Technology,IT,FAQ,ar,المكتب الرئيسي,HO,3.4,Active,2023-04-26,,IT-0072 IT-0040
FIN-0030,ar/FIN-0030_per-diem-policy_FAQ.txt,بدل الإقامة اليومي - أسئلة شائعة,per_diem,Finance,FIN,FAQ,ar,المكتب الرئيسي,HO,3.1,Active,2024-10-02,,FIN-0024 FIN-0008
FAC-0030,ar/FAC-0030_visitor-management-policy_FAQ.txt,إدارة الزوار - أسئلة شائعة,visitor_management,Facilities,FAC,FAQ,ar,المكتب الرئيسي,HO,3.3,Active,2023-09-19,,FAC-0024 LEG-0008
LEG-0030,ar/LEG-0030_anti-bribery-policy_FAQ.txt,مكافحة الرشوة - أسئلة شائعة,anti_bribery,Legal & Compliance,LEG,FAQ,ar,المكتب الرئيسي,HO,3.3,Active,2024-11-01,,LEG-0024 LEG-0064 LEG-0040
OPS-0030,ar/OPS-0030_business-continuity-policy_FAQ.txt,استمرارية الأعمال - أسئلة شائعة,business_continuity,Operations,OPS,FAQ,ar,المكتب الرئيسي,HO,3.3,Active,2023-10-29,,OPS-0024 OPS-0016
MKT-0030,ar/MKT-0030_press-enquiries-policy_FAQ.txt,استفسارات الصحافة - أسئلة شائعة,press_enquiries,Marketing & Communications,MKT,FAQ,ar,المكتب الرئيسي,HO,3.1,Active,2024-06-25,,MKT-0016
PRC-0030,ar/PRC-0030_purchase-approval-thresholds_FAQ.txt,حدود اعتماد المشتريات - أسئلة شائعة,purchase_thresholds,Procurement,PRC,FAQ,ar,المكتب الرئيسي,HO,3.2,Active,2023-05-01,,FIN-0056 FIN-0040 PRC-0008
HR-0031,en/HR-0031_bereavement-leave-policy_QuickReference.txt,Bereavement Leave - Quick Reference,bereavement_leave,Human Resources,HR,Quick Reference,en,Head Office,HO,3.4,Active,2023-12-30,,HR-0007 HR-0159
IT-0031,en/IT-0031_acceptable-use-policy_QuickReference.txt,Acceptable Use - Quick Reference,acceptable_use,Information Technology,IT,Quick Reference,en,Head Office,HO,3.1,Active,2023-05-20,,IT-0071 IT-0039
FIN-0031,en/FIN-0031_per-diem-policy_QuickReference.txt,Per Diem - Quick Reference,per_diem,Finance,FIN,Quick Reference,en,Head Office,HO,3.2,Active,2023-02-14,,FIN-0023 FIN-0007
FAC-0031,en/FAC-0031_visitor-management-policy_QuickReference.txt,Visitor Management - Quick Reference,visitor_management,Facilities,FAC,Quick Reference,en,Head Office,HO,3.3,Active,2024-04-30,,FAC-0023 LEG-0007
LEG-0031,en/LEG-0031_anti-bribery-policy_QuickReference.txt,Anti-Bribery - Quick Reference,anti_bribery,Legal & Compliance,LEG,Quick Reference,en,Head Office,HO,3.1,Active,2023-03-22,,LEG-0023 LEG-0063 LEG-0039
OPS-0031,en/OPS-0031_business-continuity-policy_QuickReference.txt,Business Continuity - Quick Reference,business_continuity,Operations,OPS,Quick Reference,en,Head Office,HO,3.1,Active,2025-01-21,,OPS-0023 OPS-0015
MKT-0031,en/MKT-0031_press-enquiries-policy_QuickReference.txt,Press Enquiries - Quick Reference,press_enquiries,Marketing & Communications,MKT,Quick Reference,en,Head Office,HO,3.4,Active,2025-05-06,,MKT-0015
PRC-0031,en/PRC-0031_purchase-approval-thresholds_QuickReference.txt,Purchase Approval Thresholds - Quick Reference,purchase_thresholds,Procurement,PRC,Quick Reference,en,Head Office,HO,3.0,Active,2023-04-18,,FIN-0055 FIN-0039 PRC-0007
HR-0032,ar/HR-0032_bereavement-leave-policy_QuickReference.txt,إجازة الوفاة - مرجع سريع,bereavement_leave,Human Resources,HR,Quick Reference,ar,المكتب الرئيسي,HO,3.1,Active,2024-05-16,,HR-0008 HR-0160
IT-0032,ar/IT-0032_acceptable-use-policy_QuickReference.txt,الاستخدام المقبول - مرجع سريع,acceptable_use,Information Technology,IT,Quick Reference,ar,المكتب الرئيسي,HO,3.1,Active,2025-01-23,,IT-0072 IT-0040
FIN-0032,ar/FIN-0032_per-diem-policy_QuickReference.txt,بدل الإقامة اليومي - مرجع سريع,per_diem,Finance,FIN,Quick Reference,ar,المكتب الرئيسي,HO,3.0,Active,2025-05-25,,FIN-0024 FIN-0008
FAC-0032,ar/FAC-0032_visitor-management-policy_QuickReference.txt,إدارة الزوار - مرجع سريع,visitor_management,Facilities,FAC,Quick Reference,ar,المكتب الرئيسي,HO,3.1,Active,2025-01-24,,FAC-0024 LEG-0008
LEG-0032,ar/LEG-0032_anti-bribery-policy_QuickReference.txt,مكافحة الرشوة - مرجع سريع,anti_bribery,Legal & Compliance,LEG,Quick Reference,ar,المكتب الرئيسي,HO,3.2,Active,2023-02-09,,LEG-0024 LEG-0064 LEG-0040
OPS-0032,ar/OPS-0032_business-continuity-policy_QuickReference.txt,استمرارية الأعمال - مرجع سريع,business_continuity,Operations,OPS,Quick Reference,ar,المكتب الرئيسي,HO,3.0,Active,2023-01-03,,OPS-0024 OPS-0016
MKT-0032,ar/MKT-0032_press-enquiries-policy_QuickReference.txt,استفسارات الصحافة - مرجع سريع,press_enquiries,Marketing & Communications,MKT,Quick Reference,ar,المكتب الرئيسي,HO,3.2,Active,2025-06-16,,MKT-0016
PRC-0032,ar/PRC-0032_purchase-approval-thresholds_QuickReference.txt,حدود اعتماد المشتريات - مرجع سريع,purchase_thresholds,Procurement,PRC,Quick Reference,ar,المكتب الرئيسي,HO,3.4,Active,2023-09-08,,FIN-0056 FIN-0040 PRC-0008
HR-0033,en/HR-0033_unpaid-leave-policy_Policy.txt,Unpaid Leave Policy,unpaid_leave,Human Resources,HR,Policy,en,Head Office,HO,3.0,Active,2024-02-17,,HR-0007 HR-0015
IT-0033,en/IT-0033_bring-your-own-device-policy_Policy.txt,Bring Your Own Device Policy,byod,Information Technology,IT,Policy,en,Head Office,HO,3.0,Active,2023-01-11,,IT-0031 IT-0015
FIN-0033,en/FIN-0033_procurement-policy_Policy.txt,Procurement Policy,procurement,Finance,FIN,Policy,en,Head Office,HO,3.2,Active,2025-03-28,,PRC-0007 PRC-0015 FIN-0055
FAC-0033,en/FAC-0033_workplace-health-and-safety-policy_Policy.txt,Workplace Health and Safety Policy,health_safety,Facilities,FAC,Policy,en,Head Office,HO,3.4,Active,2023-10-29,,FAC-0047 FAC-0055 FAC-0063
LEG-0033,en/LEG-0033_whistleblowing-policy_Policy.txt,Whistleblowing Policy,whistleblowing,Legal & Compliance,LEG,Policy,en,Head Office,HO,3.1,Active,2024-07-09,,HR-0151 LEG-0031 HR-0143
OPS-0033,en/OPS-0033_service-level-policy_Policy.txt,Service Level Policy,service_levels,Operations,OPS,Policy,en,Head Office,HO,3.2,Active,2024-10-30,,OPS-0007 OPS-0015
MKT-0033,en/MKT-0033_event-and-sponsorship-approval-policy_Policy.txt,Event and Sponsorship Approval Policy,event_approval,Marketing & Communications,MKT,Policy,en,Head Office,HO,3.2,Active,2025-02-18,,FIN-0055 MKT-0023
HR-0034,ar/HR-0034_unpaid-leave-policy_Policy.txt,سياسة الإجازة غير المدفوعة,unpaid_leave,Human Resources,HR,Policy,ar,المكتب الرئيسي,HO,3.2,Active,2024-06-12,,HR-0008 HR-0016
IT-0034,ar/IT-0034_bring-your-own-device-policy_Policy.txt,سياسة استخدام الأجهزة الشخصية,byod,Information Technology,IT,Policy,ar,المكتب الرئيسي,HO,3.4,Active,2024-01-28,,IT-0032 IT-0016
FIN-0034,ar/FIN-0034_procurement-policy_Policy.txt,سياسة الشراء,procurement,Finance,FIN,Policy,ar,المكتب الرئيسي,HO,3.1,Active,2024-07-26,,PRC-0008 PRC-0016 FIN-0056
FAC-0034,ar/FAC-0034_workplace-health-and-safety-policy_Policy.txt,سياسة الصحة والسلامة في مكان العمل,health_safety,Facilities,FAC,Policy,ar,المكتب الرئيسي,HO,3.3,Active,2023-05-22,,FAC-0048 FAC-0056 FAC-0064
LEG-0034,ar/LEG-0034_whistleblowing-policy_Policy.txt,سياسة الإبلاغ عن المخالفات,whistleblowing,Legal & Compliance,LEG,Policy,ar,المكتب الرئيسي,HO,3.1,Active,2024-11-10,,HR-0152 LEG-0032 HR-0144
OPS-0034,ar/OPS-0034_service-level-policy_Policy.txt,سياسة مستويات الخدمة,service_levels,Operations,OPS,Policy,ar,المكتب الرئيسي,HO,3.0,Active,2023-06-18,,OPS-0008 OPS-0016
MKT-0034,ar/MKT-0034_event-and-sponsorship-approval-policy_Policy.txt,سياسة اعتماد الفعاليات والرعاية,event_approval,Marketing & Communications,MKT,Policy,ar,المكتب الرئيسي,HO,3.0,Active,2023-07-16,,FIN-0056 MKT-0024
HR-0035,en/HR-0035_unpaid-leave-policy_Procedure.txt,Unpaid Leave - Procedure,unpaid_leave,Human Resources,HR,Procedure,en,Head Office,HO,3.4,Active,2024-09-03,,HR-0007 HR-0015
IT-0035,en/IT-0035_bring-your-own-device-policy_Procedure.txt,Bring Your Own Device - Procedure,byod,Information Technology,IT,Procedure,en,Head Office,HO,3.3,Active,2024-12-04,,IT-0031 IT-0015
FIN-0035,en/FIN-0035_procurement-policy_Procedure.txt,Procurement - Procedure,procurement,Finance,FIN,Procedure,en,Head Office,HO,3.4,Active,2024-10-11,,PRC-0007 PRC-0015 FIN-0055
FAC-0035,en/FAC-0035_workplace-health-and-safety-policy_Procedure.txt,Workplace Health and Safety - Procedure,health_safety,Facilities,FAC,Procedure,en,Head Office,HO,3.0,Active,2024-01-06,,FAC-0047 FAC-0055 FAC-0063
LEG-0035,en/LEG-0035_whistleblowing-policy_Procedure.txt,Whistleblowing - Procedure,whistleblowing,Legal & Compliance,LEG,Procedure,en,Head Office,HO,3.4,Active,2025-01-25,,HR-0151 LEG-0031 HR-0143
OPS-0035,en/OPS-0035_service-level-policy_Procedure.txt,Service Level - Procedure,service_levels,Operations,OPS,Procedure,en,Head Office,HO,3.4,Active,2025-05-15,,OPS-0007 OPS-0015
MKT-0035,en/MKT-0035_event-and-sponsorship-approval-policy_Procedure.txt,Event and Sponsorship Approval - Procedure,event_approval,Marketing & Communications,MKT,Procedure,en,Head Office,HO,3.2,Active,2025-04-13,,FIN-0055 MKT-0023
HR-0036,ar/HR-0036_unpaid-leave-policy_Procedure.txt,الإجازة غير المدفوعة - إجراء,unpaid_leave,Human Resources,HR,Procedure,ar,المكتب الرئيسي,HO,3.0,Active,2023-08-26,,HR-0008 HR-0016
IT-0036,ar/IT-0036_bring-your-own-device-policy_Procedure.txt,استخدام الأجهزة الشخصية - إجراء,byod,Information Technology,IT,Procedure,ar,المكتب الرئيسي,HO,3.4,Active,2023-11-14,,IT-0032 IT-0016
FIN-0036,ar/FIN-0036_procurement-policy_Procedure.txt,الشراء - إجراء,procurement,Finance,FIN,Procedure,ar,المكتب الرئيسي,HO,3.0,Active,2024-10-20,,PRC-0008 PRC-0016 FIN-0056
FAC-0036,ar/FAC-0036_workplace-health-and-safety-policy_Procedure.txt,الصحة والسلامة في مكان العمل - إجراء,health_safety,Facilities,FAC,Procedure,ar,المكتب الرئيسي,HO,3.2,Active,2023-08-14,,FAC-0048 FAC-0056 FAC-0064
LEG-0036,ar/LEG-0036_whistleblowing-policy_Procedure.txt,الإبلاغ عن المخالفات - إجراء,whistleblowing,Legal & Compliance,LEG,Procedure,ar,المكتب الرئيسي,HO,3.2,Active,2024-05-25,,HR-0152 LEG-0032 HR-0144
OPS-0036,ar/OPS-0036_service-level-policy_Procedure.txt,مستويات الخدمة - إجراء,service_levels,Operations,OPS,Procedure,ar,المكتب الرئيسي,HO,3.1,Active,2025-04-24,,OPS-0008 OPS-0016
MKT-0036,ar/MKT-0036_event-and-sponsorship-approval-policy_Procedure.txt,اعتماد الفعاليات والرعاية - إجراء,event_approval,Marketing & Communications,MKT,Procedure,ar,المكتب الرئيسي,HO,3.4,Active,2024-03-13,,FIN-0056 MKT-0024
HR-0037,en/HR-0037_unpaid-leave-policy_FAQ.txt,Unpaid Leave - FAQ,unpaid_leave,Human Resources,HR,FAQ,en,Head Office,HO,3.4,Active,2023-06-16,,HR-0007 HR-0015
IT-0037,en/IT-0037_bring-your-own-device-policy_FAQ.txt,Bring Your Own Device - FAQ,byod,Information Technology,IT,FAQ,en,Head Office,HO,3.2,Active,2024-09-16,,IT-0031 IT-0015
FIN-0037,en/FIN-0037_procurement-policy_FAQ.txt,Procurement - FAQ,procurement,Finance,FIN,FAQ,en,Head Office,HO,3.3,Active,2024-06-07,,PRC-0007 PRC-0015 FIN-0055
FAC-0037,en/FAC-0037_workplace-health-and-safety-policy_FAQ.txt,Workplace Health and Safety - FAQ,health_safety,Facilities,FAC,FAQ,en,Head Office,HO,3.1,Active,2023-10-16,,FAC-0047 FAC-0055 FAC-0063
LEG-0037,en/LEG-0037_whistleblowing-policy_FAQ.txt,Whistleblowing - FAQ,whistleblowing,Legal & Compliance,LEG,FAQ,en,Head Office,HO,3.3,Active,2023-06-27,,HR-0151 LEG-0031 HR-0143
OPS-0037,en/OPS-0037_service-level-policy_FAQ.txt,Service Level - FAQ,service_levels,Operations,OPS,FAQ,en,Head Office,HO,3.1,Active,2023-10-25,,OPS-0007 OPS-0015
MKT-0037,en/MKT-0037_event-and-sponsorship-approval-policy_FAQ.txt,Event and Sponsorship Approval - FAQ,event_approval,Marketing & Communications,MKT,FAQ,en,Head Office,HO,3.1,Active,2023-08-18,,FIN-0055 MKT-0023
HR-0038,ar/HR-0038_unpaid-leave-policy_FAQ.txt,الإجازة غير المدفوعة - أسئلة شائعة,unpaid_leave,Human Resources,HR,FAQ,ar,المكتب الرئيسي,HO,3.4,Active,2023-08-04,,HR-0008 HR-0016
IT-0038,ar/IT-0038_bring-your-own-device-policy_FAQ.txt,استخدام الأجهزة الشخصية - أسئلة شائعة,byod,Information Technology,IT,FAQ,ar,المكتب الرئيسي,HO,3.1,Active,2024-04-14,,IT-0032 IT-0016
FIN-0038,ar/FIN-0038_procurement-policy_FAQ.txt,الشراء - أسئلة شائعة,procurement,Finance,FIN,FAQ,ar,المكتب الرئيسي,HO,3.2,Active,2023-08-09,,PRC-0008 PRC-0016 FIN-0056
FAC-0038,ar/FAC-0038_workplace-health-and-safety-policy_FAQ.txt,الصحة والسلامة في مكان العمل - أسئلة شائعة,health_safety,Facilities,FAC,FAQ,ar,المكتب الرئيسي,HO,3.0,Active,2025-01-23,,FAC-0048 FAC-0056 FAC-0064
LEG-0038,ar/LEG-0038_whistleblowing-policy_FAQ.txt,الإبلاغ عن المخالفات - أسئلة شائعة,whistleblowing,Legal & Compliance,LEG,FAQ,ar,المكتب الرئيسي,HO,3.0,Active,2023-10-05,,HR-0152 LEG-0032 HR-0144
OPS-0038,ar/OPS-0038_service-level-policy_FAQ.txt,مستويات الخدمة - أسئلة شائعة,service_levels,Operations,OPS,FAQ,ar,المكتب الرئيسي,HO,3.1,Active,2023-02-01,,OPS-0008 OPS-0016
MKT-0038,ar/MKT-0038_event-and-sponsorship-approval-policy_FAQ.txt,اعتماد الفعاليات والرعاية - أسئلة شائعة,event_approval,Marketing & Communications,MKT,FAQ,ar,المكتب الرئيسي,HO,3.1,Active,2023-04-16,,FIN-0056 MKT-0024
HR-0039,en/HR-0039_unpaid-leave-policy_QuickReference.txt,Unpaid Leave - Quick Reference,unpaid_leave,Human Resources,HR,Quick Reference,en,Head Office,HO,3.2,Active,2024-07-23,,HR-0007 HR-0015
IT-0039,en/IT-0039_bring-your-own-device-policy_QuickReference.txt,Bring Your Own Device - Quick Reference,byod,Information Technology,IT,Quick Reference,en,Head Office,HO,3.0,Active,2024-09-14,,IT-0031 IT-0015
FIN-0039,en/FIN-0039_procurement-policy_QuickReference.txt,Procurement - Quick Reference,procurement,Finance,FIN,Quick Reference,en,Head Office,HO,3.1,Active,2024-08-24,,PRC-0007 PRC-0015 FIN-0055
FAC-0039,en/FAC-0039_workplace-health-and-safety-policy_QuickReference.txt,Workplace Health and Safety - Quick Reference,health_safety,Facilities,FAC,Quick Reference,en,Head Office,HO,3.2,Active,2024-08-21,,FAC-0047 FAC-0055 FAC-0063
LEG-0039,en/LEG-0039_whistleblowing-policy_QuickReference.txt,Whistleblowing - Quick Reference,whistleblowing,Legal & Compliance,LEG,Quick Reference,en,Head Office,HO,3.0,Active,2023-10-22,,HR-0151 LEG-0031 HR-0143
OPS-0039,en/OPS-0039_service-level-policy_QuickReference.txt,Service Level - Quick Reference,service_levels,Operations,OPS,Quick Reference,en,Head Office,HO,3.3,Active,2023-09-25,,OPS-0007 OPS-0015
MKT-0039,en/MKT-0039_event-and-sponsorship-approval-policy_QuickReference.txt,Event and Sponsorship Approval - Quick Reference,event_approval,Marketing & Communications,MKT,Quick Reference,en,Head Office,HO,3.4,Active,2024-06-10,,FIN-0055 MKT-0023
HR-0040,ar/HR-0040_unpaid-leave-policy_QuickReference.txt,الإجازة غير المدفوعة - مرجع سريع,unpaid_leave,Human Resources,HR,Quick Reference,ar,المكتب الرئيسي,HO,3.1,Active,2023-05-10,,HR-0008 HR-0016
IT-0040,ar/IT-0040_bring-your-own-device-policy_QuickReference.txt,استخدام الأجهزة الشخصية - مرجع سريع,byod,Information Technology,IT,Quick Reference,ar,المكتب الرئيسي,HO,3.1,Active,2023-11-24,,IT-0032 IT-0016
FIN-0040,ar/FIN-0040_procurement-policy_QuickReference.txt,الشراء - مرجع سريع,procurement,Finance,FIN,Quick Reference,ar,المكتب الرئيسي,HO,3.0,Active,2024-02-23,,PRC-0008 PRC-0016 FIN-0056
FAC-0040,ar/FAC-0040_workplace-health-and-safety-policy_QuickReference.txt,الصحة والسلامة في مكان العمل - مرجع سريع,health_safety,Facilities,FAC,Quick Reference,ar,المكتب الرئيسي,HO,3.0,Active,2024-05-05,,FAC-0048 FAC-0056 FAC-0064
LEG-0040,ar/LEG-0040_whistleblowing-policy_QuickReference.txt,الإبلاغ عن المخالفات - مرجع سريع,whistleblowing,Legal & Compliance,LEG,Quick Reference,ar,المكتب الرئيسي,HO,3.2,Active,2023-07-12,,HR-0152 LEG-0032 HR-0144
OPS-0040,ar/OPS-0040_service-level-policy_QuickReference.txt,مستويات الخدمة - مرجع سريع,service_levels,Operations,OPS,Quick Reference,ar,المكتب الرئيسي,HO,3.3,Active,2024-11-08,,OPS-0008 OPS-0016
MKT-0040,ar/MKT-0040_event-and-sponsorship-approval-policy_QuickReference.txt,اعتماد الفعاليات والرعاية - مرجع سريع,event_approval,Marketing & Communications,MKT,Quick Reference,ar,المكتب الرئيسي,HO,3.4,Active,2024-03-27,,FIN-0056 MKT-0024
HR-0041,en/HR-0041_working-hours-policy_Policy.txt,Working Hours Policy,working_hours,Human Resources,HR,Policy,en,Head Office,HO,3.2,Active,2023-10-10,,HR-0055 HR-0071 HR-0063
IT-0041,en/IT-0041_vpn-and-remote-access-policy_Policy.txt,VPN and Remote Access Policy,vpn_remote_access,Information Technology,IT,Policy,en,Head Office,HO,3.3,Active,2024-03-13,,HR-0063 IT-0015
FIN-0041,en/FIN-0041_invoice-processing-policy_Policy.txt,Invoice Processing Policy,invoice_processing,Finance,FIN,Policy,en,Head Office,HO,3.1,Active,2024-06-19,,FIN-0039 FIN-0087
FAC-0041,en/FAC-0041_fire-safety-policy_Policy.txt,Fire Safety Policy,fire_safety,Facilities,FAC,Policy,en,Head Office,HO,3.1,Active,2024-11-24,,FAC-0039 FAC-0023
LEG-0041,en/LEG-0041_records-retention-policy_Policy.txt,Records Retention Policy,records_retention,Legal & Compliance,LEG,Policy,en,Head Office,HO,3.4,Active,2024-01-17,,LEG-0007 IT-0063 IT-0055
OPS-0041,en/OPS-0041_on-call-policy_Policy.txt,On-Call Policy,on_call,Operations,OPS,Policy,en,Head Office,HO,3.0,Active,2023-04-09,,HR-0055 OPS-0015
HR-0042,ar/HR-0042_working-hours-policy_Policy.txt,سياسة ساعات العمل,working_hours,Human Resources,HR,Policy,ar,المكتب الرئيسي,HO,3.4,Active,2023-10-04,,HR-0056 HR-0072 HR-0064
IT-0042,ar/IT-0042_vpn-and-remote-access-policy_Policy.txt,سياسة الوصول عن بُعد و VPN,vpn_remote_access,Information Technology,IT,Policy,ar,المكتب الرئيسي,HO,3.2,Active,2024-10-30,,HR-0064 IT-0016
FIN-0042,ar/FIN-0042_invoice-processing-policy_Policy.txt,سياسة معالجة الفواتير,invoice_processing,Finance,FIN,Policy,ar,المكتب الرئيسي,HO,3.3,Active,2024-08-01,,FIN-0040 FIN-0088
FAC-0042,ar/FAC-0042_fire-safety-policy_Policy.txt,سياسة السلامة من الحرائق,fire_safety,Facilities,FAC,Policy,ar,المكتب الرئيسي,HO,3.0,Active,2023-10-12,,FAC-0040 FAC-0024
LEG-0042,ar/LEG-0042_records-retention-policy_Policy.txt,سياسة الاحتفاظ بالسجلات,records_retention,Legal & Compliance,LEG,Policy,ar,المكتب الرئيسي,HO,3.4,Active,2023-04-16,,LEG-0008 IT-0064 IT-0056
OPS-0042,ar/OPS-0042_on-call-policy_Policy.txt,سياسة المناوبة,on_call,Operations,OPS,Policy,ar,المكتب الرئيسي,HO,3.3,Active,2025-05-31,,HR-0056 OPS-0016
HR-0043,en/HR-0043_working-hours-policy_Procedure.txt,Working Hours - Procedure,working_hours,Human Resources,HR,Procedure,en,Head Office,HO,3.3,Active,2024-04-06,,HR-0055 HR-0071 HR-0063
IT-0043,en/IT-0043_vpn-and-remote-access-policy_Procedure.txt,VPN and Remote Access - Procedure,vpn_remote_access,Information Technology,IT,Procedure,en,Head Office,HO,3.0,Active,2024-10-10,,HR-0063 IT-0015
FIN-0043,en/FIN-0043_invoice-processing-policy_Procedure.txt,Invoice Processing - Procedure,invoice_processing,Finance,FIN,Procedure,en,Head Office,HO,3.3,Active,2024-01-16,,FIN-0039 FIN-0087
FAC-0043,en/FAC-0043_fire-safety-policy_Procedure.txt,Fire Safety - Procedure,fire_safety,Facilities,FAC,Procedure,en,Head Office,HO,3.0,Active,2025-05-05,,FAC-0039 FAC-0023
LEG-0043,en/LEG-0043_records-retention-policy_Procedure.txt,Records Retention - Procedure,records_retention,Legal & Compliance,LEG,Procedure,en,Head Office,HO,3.3,Active,2024-10-09,,LEG-0007 IT-0063 IT-0055
OPS-0043,en/OPS-0043_on-call-policy_Procedure.txt,On-Call - Procedure,on_call,Operations,OPS,Procedure,en,Head Office,HO,3.0,Active,2023-10-02,,HR-0055 OPS-0015
HR-0044,ar/HR-0044_working-hours-policy_Procedure.txt,ساعات العمل - إجراء,working_hours,Human Resources,HR,Procedure,ar,المكتب الرئيسي,HO,3.4,Active,2023-11-28,,HR-0056 HR-0072 HR-0064
IT-0044,ar/IT-0044_vpn-and-remote-access-policy_Procedure.txt,الوصول عن بُعد و VPN - إجراء,vpn_remote_access,Information Technology,IT,Procedure,ar,المكتب الرئيسي,HO,3.3,Active,2023-01-02,,HR-0064 IT-0016
FIN-0044,ar/FIN-0044_invoice-processing-policy_Procedure.txt,معالجة الفواتير - إجراء,invoice_processing,Finance,FIN,Procedure,ar,المكتب الرئيسي,HO,3.2,Active,2023-04-18,,FIN-0040 FIN-0088
FAC-0044,ar/FAC-0044_fire-safety-policy_Procedure.txt,السلامة من الحرائق - إجراء,fire_safety,Facilities,FAC,Procedure,ar,المكتب الرئيسي,HO,3.1,Active,2023-01-21,,FAC-0040 FAC-0024
LEG-0044,ar/LEG-0044_records-retention-policy_Procedure.txt,الاحتفاظ بالسجلات - إجراء,records_retention,Legal & Compliance,LEG,Procedure,ar,المكتب الرئيسي,HO,3.1,Active,2023-05-29,,LEG-0008 IT-0064 IT-0056
OPS-0044,ar/OPS-0044_on-call-policy_Procedure.txt,المناوبة - إجراء,on_call,Operations,OPS,Procedure,ar,المكتب الرئيسي,HO,3.0,Active,2024-05-06,,HR-0056 OPS-0016
HR-0045,en/HR-0045_working-hours-policy_FAQ.txt,Working Hours - FAQ,working_hours,Human Resources,HR,FAQ,en,Head Office,HO,3.1,Active,2025-05-06,,HR-0055 HR-0071 HR-0063
IT-0045,en/IT-0045_vpn-and-remote-access-policy_FAQ.txt,VPN and Remote Access - FAQ,vpn_remote_access,Information Technology,IT,FAQ,en,Head Office,HO,3.3,Active,2024-10-09,,HR-0063 IT-0015
FIN-0045,en/FIN-0045_invoice-processing-policy_FAQ.txt,Invoice Processing - FAQ,invoice_processing,Finance,FIN,FAQ,en,Head Office,HO,3.1,Active,2023-06-17,,FIN-0039 FIN-0087
FAC-0045,en/FAC-0045_fire-safety-policy_FAQ.txt,Fire Safety - FAQ,fire_safety,Facilities,FAC,FAQ,en,Head Office,HO,3.4,Active,2023-09-07,,FAC-0039 FAC-0023
LEG-0045,en/LEG-0045_records-retention-policy_FAQ.txt,Records Retention - FAQ,records_retention,Legal & Compliance,LEG,FAQ,en,Head Office,HO,3.0,Active,2024-03-11,,LEG-0007 IT-0063 IT-0055
OPS-0045,en/OPS-0045_on-call-policy_FAQ.txt,On-Call - FAQ,on_call,Operations,OPS,FAQ,en,Head Office,HO,3.4,Active,2024-11-04,,HR-0055 OPS-0015
HR-0046,ar/HR-0046_working-hours-policy_FAQ.txt,ساعات العمل - أسئلة شائعة,working_hours,Human Resources,HR,FAQ,ar,المكتب الرئيسي,HO,3.0,Active,2023-02-27,,HR-0056 HR-0072 HR-0064
IT-0046,ar/IT-0046_vpn-and-remote-access-policy_FAQ.txt,الوصول عن بُعد و VPN - أسئلة شائعة,vpn_remote_access,Information Technology,IT,FAQ,ar,المكتب الرئيسي,HO,3.1,Active,2023-03-19,,HR-0064 IT-0016
FIN-0046,ar/FIN-0046_invoice-processing-policy_FAQ.txt,معالجة الفواتير - أسئلة شائعة,invoice_processing,Finance,FIN,FAQ,ar,المكتب الرئيسي,HO,3.4,Active,2024-04-24,,FIN-0040 FIN-0088
FAC-0046,ar/FAC-0046_fire-safety-policy_FAQ.txt,السلامة من الحرائق - أسئلة شائعة,fire_safety,Facilities,FAC,FAQ,ar,المكتب الرئيسي,HO,3.2,Active,2024-11-12,,FAC-0040 FAC-0024
LEG-0046,ar/LEG-0046_records-retention-policy_FAQ.txt,الاحتفاظ بالسجلات - أسئلة شائعة,records_retention,Legal & Compliance,LEG,FAQ,ar,المكتب الرئيسي,HO,3.2,Active,2023-03-10,,LEG-0008 IT-0064 IT-0056
OPS-0046,ar/OPS-0046_on-call-policy_FAQ.txt,المناوبة - أسئلة شائعة,on_call,Operations,OPS,FAQ,ar,المكتب الرئيسي,HO,3.4,Active,2023-10-30,,HR-0056 OPS-0016
HR-0047,en/HR-0047_working-hours-policy_QuickReference.txt,Working Hours - Quick Reference,working_hours,Human Resources,HR,Quick Reference,en,Head Office,HO,3.1,Active,2024-08-07,,HR-0055 HR-0071 HR-0063
IT-0047,en/IT-0047_vpn-and-remote-access-policy_QuickReference.txt,VPN and Remote Access - Quick Reference,vpn_remote_access,Information Technology,IT,Quick Reference,en,Head Office,HO,3.4,Active,2023-01-21,,HR-0063 IT-0015
FIN-0047,en/FIN-0047_invoice-processing-policy_QuickReference.txt,Invoice Processing - Quick Reference,invoice_processing,Finance,FIN,Quick Reference,en,Head Office,HO,3.1,Active,2023-02-05,,FIN-0039 FIN-0087
FAC-0047,en/FAC-0047_fire-safety-policy_QuickReference.txt,Fire Safety - Quick Reference,fire_safety,Facilities,FAC,Quick Reference,en,Head Office,HO,3.0,Active,2025-05-31,,FAC-0039 FAC-0023
LEG-0047,en/LEG-0047_records-retention-policy_QuickReference.txt,Records Retention - Quick Reference,records_retention,Legal & Compliance,LEG,Quick Reference,en,Head Office,HO,3.4,Active,2023-10-21,,LEG-0007 IT-0063 IT-0055
OPS-0047,en/OPS-0047_on-call-policy_QuickReference.txt,On-Call - Quick Reference,on_call,Operations,OPS,Quick Reference,en,Head Office,HO,3.1,Active,2023-03-04,,HR-0055 OPS-0015
HR-0048,ar/HR-0048_working-hours-policy_QuickReference.txt,ساعات العمل - مرجع سريع,working_hours,Human Resources,HR,Quick Reference,ar,المكتب الرئيسي,HO,3.3,Active,2023-01-31,,HR-0056 HR-0072 HR-0064
IT-0048,ar/IT-0048_vpn-and-remote-access-policy_QuickReference.txt,الوصول عن بُعد و VPN - مرجع سريع,vpn_remote_access,Information Technology,IT,Quick Reference,ar,المكتب الرئيسي,HO,3.4,Active,2025-01-30,,HR-0064 IT-0016
FIN-0048,ar/FIN-0048_invoice-processing-policy_QuickReference.txt,معالجة الفواتير - مرجع سريع,invoice_processing,Finance,FIN,Quick Reference,ar,المكتب الرئيسي,HO,3.4,Active,2023-07-26,,FIN-0040 FIN-0088
FAC-0048,ar/FAC-0048_fire-safety-policy_QuickReference.txt,السلامة من الحرائق - مرجع سريع,fire_safety,Facilities,FAC,Quick Reference,ar,المكتب الرئيسي,HO,3.4,Active,2024-03-05,,FAC-0040 FAC-0024
LEG-0048,ar/LEG-0048_records-retention-policy_QuickReference.txt,الاحتفاظ بالسجلات - مرجع سريع,records_retention,Legal & Compliance,LEG,Quick Reference,ar,المكتب الرئيسي,HO,3.4,Active,2023-08-22,,LEG-0008 IT-0064 IT-0056
OPS-0048,ar/OPS-0048_on-call-policy_QuickReference.txt,المناوبة - مرجع سريع,on_call,Operations,OPS,Quick Reference,ar,المكتب الرئيسي,HO,3.0,Active,2023-10-01,,HR-0056 OPS-0016
HR-0049,en/HR-0049_overtime-policy_Policy.txt,Overtime Policy,overtime,Human Resources,HR,Policy,en,Head Office,HO,3.1,Active,2024-09-17,,HR-0047 OPS-0047
IT-0049,en/IT-0049_email-usage-policy_Policy.txt,Email Usage Policy,email_usage,Information Technology,IT,Policy,en,Head Office,HO,3.4,Active,2024-05-31,,IT-0031 IT-0103 LEG-0047
FIN-0049,en/FIN-0049_budget-approval-policy_Policy.txt,Budget Approval Policy,budget_approval,Finance,FIN,Policy,en,Head Office,HO,3.4,Active,2024-12-15,,FIN-0039 PRC-0031
FAC-0049,en/FAC-0049_first-aid-policy_Policy.txt,First Aid Policy,first_aid,Facilities,FAC,Policy,en,Head Office,HO,3.3,Active,2024-05-15,,FAC-0039
LEG-0049,en/LEG-0049_contract-signing-authority-policy_Policy.txt,Contract Signing Authority Policy,contract_signing_authority,Legal & Compliance,LEG,Policy,en,Head Office,HO,3.2,Active,2024-12-17,,FIN-0039 FIN-0055
OPS-0049,en/OPS-0049_knowledge-sharing-policy_Policy.txt,Knowledge Sharing Policy,knowledge_sharing,Operations,OPS,Policy,en,Head Office,HO,3.3,Active,2023-02-03,,OPS-0015 HR-0111
HR-0050,ar/HR-0050_overtime-policy_Policy.txt,سياسة العمل الإضافي,overtime,Human Resources,HR,Policy,ar,المكتب الرئيسي,HO,3.2,Active,2023-04-10,,HR-0048 OPS-0048
IT-0050,ar/IT-0050_email-usage-policy_Policy.txt,سياسة استخدام البريد الإلكتروني,email_usage,Information Technology,IT,Policy,ar,المكتب الرئيسي,HO,3.3,Active,2023-07-27,,IT-0032 IT-0104 LEG-0048
FIN-0050,ar/FIN-0050_budget-approval-policy_Policy.txt,سياسة اعتماد الميزانية,budget_approval,Finance,FIN,Policy,ar,المكتب الرئيسي,HO,3.3,Active,2024-01-19,,FIN-0040 PRC-0032
FAC-0050,ar/FAC-0050_first-aid-policy_Policy.txt,سياسة الإسعافات الأولية,first_aid,Facilities,FAC,Policy,ar,المكتب الرئيسي,HO,3.0,Active,2023-03-20,,FAC-0040
LEG-0050,ar/LEG-0050_contract-signing-authority-policy_Policy.txt,سياسة صلاحية توقيع العقود,contract_signing_authority,Legal & Compliance,LEG,Policy,ar,المكتب الرئيسي,HO,3.1,Active,2023-08-09,,FIN-0040 FIN-0056
OPS-0050,ar/OPS-0050_knowledge-sharing-policy_Policy.txt,سياسة مشاركة المعرفة,knowledge_sharing,Operations,OPS,Policy,ar,المكتب الرئيسي,HO,3.1,Active,2023-01-04,,OPS-0016 HR-0112
HR-0051,en/HR-0051_overtime-policy_Procedure.txt,Overtime - Procedure,overtime,Human Resources,HR,Procedure,en,Head Office,HO,3.1,Active,2023-06-27,,HR-0047 OPS-0047
IT-0051,en/IT-0051_email-usage-policy_Procedure.txt,Email Usage - Procedure,email_usage,Information Technology,IT,Procedure,en,Head Office,HO,3.4,Active,2025-03-14,,IT-0031 IT-0103 LEG-0047
FIN-0051,en/FIN-0051_budget-approval-policy_Procedure.txt,Budget Approval - Procedure,budget_approval,Finance,FIN,Procedure,en,Head Office,HO,3.2,Active,2025-01-19,,FIN-0039 PRC-0031
FAC-0051,en/FAC-0051_first-aid-policy_Procedure.txt,First Aid - Procedure,first_aid,Facilities,FAC,Procedure,en,Head Office,HO,3.0,Active,2023-05-05,,FAC-0039
LEG-0051,en/LEG-0051_contract-signing-authority-policy_Procedure.txt,Contract Signing Authority - Procedure,contract_signing_authority,Legal & Compliance,LEG,Procedure,en,Head Office,HO,3.2,Active,2024-07-28,,FIN-0039 FIN-0055
OPS-0051,en/OPS-0051_knowledge-sharing-policy_Procedure.txt,Knowledge Sharing - Procedure,knowledge_sharing,Operations,OPS,Procedure,en,Head Office,HO,3.3,Active,2024-04-03,,OPS-0015 HR-0111
HR-0052,ar/HR-0052_overtime-policy_Procedure.txt,العمل الإضافي - إجراء,overtime,Human Resources,HR,Procedure,ar,المكتب الرئيسي,HO,3.1,Active,2023-02-10,,HR-0048 OPS-0048
IT-0052,ar/IT-0052_email-usage-policy_Procedure.txt,استخدام البريد الإلكتروني - إجراء,email_usage,Information Technology,IT,Procedure,ar,المكتب الرئيسي,HO,3.1,Active,2024-10-20,,IT-0032 IT-0104 LEG-0048
FIN-0052,ar/FIN-0052_budget-approval-policy_Procedure.txt,اعتماد الميزانية - إجراء,budget_approval,Finance,FIN,Procedure,ar,المكتب الرئيسي,HO,3.4,Active,2023-08-15,,FIN-0040 PRC-0032
FAC-0052,ar/FAC-0052_first-aid-policy_Procedure.txt,الإسعافات الأولية - إجراء,first_aid,Facilities,FAC,Procedure,ar,المكتب الرئيسي,HO,3.1,Active,2025-04-22,,FAC-0040
LEG-0052,ar/LEG-0052_contract-signing-authority-policy_Procedure.txt,صلاحية توقيع العقود - إجراء,contract_signing_authority,Legal & Compliance,LEG,Procedure,ar,المكتب الرئيسي,HO,3.1,Active,2024-11-05,,FIN-0040 FIN-0056
OPS-0052,ar/OPS-0052_knowledge-sharing-policy_Procedure.txt,مشاركة المعرفة - إجراء,knowledge_sharing,Operations,OPS,Procedure,ar,المكتب الرئيسي,HO,3.2,Active,2023-12-03,,OPS-0016 HR-0112
HR-0053,en/HR-0053_overtime-policy_FAQ.txt,Overtime - FAQ,overtime,Human Resources,HR,FAQ,en,Head Office,HO,3.1,Active,2024-11-04,,HR-0047 OPS-0047
IT-0053,en/IT-0053_email-usage-policy_FAQ.txt,Email Usage - FAQ,email_usage,Information Technology,IT,FAQ,en,Head Office,HO,3.2,Active,2024-07-30,,IT-0031 IT-0103 LEG-0047
FIN-0053,en/FIN-0053_budget-approval-policy_FAQ.txt,Budget Approval - FAQ,budget_approval,Finance,FIN,FAQ,en,Head Office,HO,3.2,Active,2023-08-08,,FIN-0039 PRC-0031
FAC-0053,en/FAC-0053_first-aid-policy_FAQ.txt,First Aid - FAQ,first_aid,Facilities,FAC,FAQ,en,Head Office,HO,3.3,Active,2024-10-28,,FAC-0039
LEG-0053,en/LEG-0053_contract-signing-authority-policy_FAQ.txt,Contract Signing Authority - FAQ,contract_signing_authority,Legal & Compliance,LEG,FAQ,en,Head Office,HO,3.1,Active,2023-09-18,,FIN-0039 FIN-0055
OPS-0053,en/OPS-0053_knowledge-sharing-policy_FAQ.txt,Knowledge Sharing - FAQ,knowledge_sharing,Operations,OPS,FAQ,en,Head Office,HO,3.1,Active,2023-07-14,,OPS-0015 HR-0111
HR-0054,ar/HR-0054_overtime-policy_FAQ.txt,العمل الإضافي - أسئلة شائعة,overtime,Human Resources,HR,FAQ,ar,المكتب الرئيسي,HO,3.2,Active,2023-05-02,,HR-0048 OPS-0048
IT-0054,ar/IT-0054_email-usage-policy_FAQ.txt,استخدام البريد الإلكتروني - أسئلة شائعة,email_usage,Information Technology,IT,FAQ,ar,المكتب الرئيسي,HO,3.2,Active,2024-10-10,,IT-0032 IT-0104 LEG-0048
FIN-0054,ar/FIN-0054_budget-approval-policy_FAQ.txt,اعتماد الميزانية - أسئلة شائعة,budget_approval,Finance,FIN,FAQ,ar,المكتب الرئيسي,HO,3.3,Active,2023-06-29,,FIN-0040 PRC-0032
FAC-0054,ar/FAC-0054_first-aid-policy_FAQ.txt,الإسعافات الأولية - أسئلة شائعة,first_aid,Facilities,FAC,FAQ,ar,المكتب الرئيسي,HO,3.0,Active,2024-03-15,,FAC-0040
LEG-0054,ar/LEG-0054_contract-signing-authority-policy_FAQ.txt,صلاحية توقيع العقود - أسئلة شائعة,contract_signing_authority,Legal & Compliance,LEG,FAQ,ar,المكتب الرئيسي,HO,3.3,Active,2023-04-23,,FIN-0040 FIN-0056
OPS-0054,ar/OPS-0054_knowledge-sharing-policy_FAQ.txt,مشاركة المعرفة - أسئلة شائعة,knowledge_sharing,Operations,OPS,FAQ,ar,المكتب الرئيسي,HO,3.3,Active,2024-10-24,,OPS-0016 HR-0112
HR-0055,en/HR-0055_overtime-policy_QuickReference.txt,Overtime - Quick Reference,overtime,Human Resources,HR,Quick Reference,en,Head Office,HO,3.2,Active,2023-02-11,,HR-0047 OPS-0047
IT-0055,en/IT-0055_email-usage-policy_QuickReference.txt,Email Usage - Quick Reference,email_usage,Information Technology,IT,Quick Reference,en,Head Office,HO,3.1,Active,2024-02-05,,IT-0031 IT-0103 LEG-0047
FIN-0055,en/FIN-0055_budget-approval-policy_QuickReference.txt,Budget Approval - Quick Reference,budget_approval,Finance,FIN,Quick Reference,en,Head Office,HO,3.3,Active,2024-10-10,,FIN-0039 PRC-0031
FAC-0055,en/FAC-0055_first-aid-policy_QuickReference.txt,First Aid - Quick Reference,first_aid,Facilities,FAC,Quick Reference,en,Head Office,HO,3.2,Active,2023-09-27,,FAC-0039
LEG-0055,en/LEG-0055_contract-signing-authority-policy_QuickReference.txt,Contract Signing Authority - Quick Reference,contract_signing_authority,Legal & Compliance,LEG,Quick Reference,en,Head Office,HO,3.3,Active,2023-02-15,,FIN-0039 FIN-0055
OPS-0055,en/OPS-0055_knowledge-sharing-policy_QuickReference.txt,Knowledge Sharing - Quick Reference,knowledge_sharing,Operations,OPS,Quick Reference,en,Head Office,HO,3.1,Active,2023-03-01,,OPS-0015 HR-0111
HR-0056,ar/HR-0056_overtime-policy_QuickReference.txt,العمل الإضافي - مرجع سريع,overtime,Human Resources,HR,Quick Reference,ar,المكتب الرئيسي,HO,3.2,Active,2023-09-30,,HR-0048 OPS-0048
IT-0056,ar/IT-0056_email-usage-policy_QuickReference.txt,استخدام البريد الإلكتروني - مرجع سريع,email_usage,Information Technology,IT,Quick Reference,ar,المكتب الرئيسي,HO,3.1,Active,2023-03-17,,IT-0032 IT-0104 LEG-0048
FIN-0056,ar/FIN-0056_budget-approval-policy_QuickReference.txt,اعتماد الميزانية - مرجع سريع,budget_approval,Finance,FIN,Quick Reference,ar,المكتب الرئيسي,HO,3.1,Active,2023-06-28,,FIN-0040 PRC-0032
FAC-0056,ar/FAC-0056_first-aid-policy_QuickReference.txt,الإسعافات الأولية - مرجع سريع,first_aid,Facilities,FAC,Quick Reference,ar,المكتب الرئيسي,HO,3.4,Active,2023-08-10,,FAC-0040
LEG-0056,ar/LEG-0056_contract-signing-authority-policy_QuickReference.txt,صلاحية توقيع العقود - مرجع سريع,contract_signing_authority,Legal & Compliance,LEG,Quick Reference,ar,المكتب الرئيسي,HO,3.1,Active,2023-08-16,,FIN-0040 FIN-0056
OPS-0056,ar/OPS-0056_knowledge-sharing-policy_QuickReference.txt,مشاركة المعرفة - مرجع سريع,knowledge_sharing,Operations,OPS,Quick Reference,ar,المكتب الرئيسي,HO,3.2,Active,2023-04-01,,OPS-0016 HR-0112
HR-0057,en/HR-0057_remote-work-policy_Policy.txt,Remote Work Policy,remote_work,Human Resources,HR,Policy,en,Head Office,HO,3.3,Active,2023-11-09,,HR-0047 IT-0047 IT-0079
IT-0057,en/IT-0057_data-backup-policy_Policy.txt,Data Backup Policy,data_backup,Information Technology,IT,Policy,en,Head Office,HO,3.2,Active,2024-10-19,,IT-0111 LEG-0047
FIN-0057,en/FIN-0057_petty-cash-policy_Policy.txt,Petty Cash Policy,petty_cash,Finance,FIN,Policy,en,Head Office,HO,3.0,Active,2025-04-19,,FIN-0007
FAC-0057,en/FAC-0057_workspace-ergonomics-policy_Policy.txt,Workspace Ergonomics Policy,workspace_ergonomics,Facilities,FAC,Policy,en,Head Office,HO,3.3,Active,2023-04-04,,IT-0079 FAC-0039 HR-0063
LEG-0057,en/LEG-0057_gifts-and-hospitality-policy_Policy.txt,Gifts and Hospitality Policy,gifts_hospitality,Legal & Compliance,LEG,Policy,en,Head Office,HO,3.2,Active,2023-11-10,,LEG-0023 LEG-0031
OPS-0057,en/OPS-0057_customer-feedback-handling-policy_Policy.txt,Customer Feedback Handling Policy,customer_feedback,Operations,OPS,Policy,en,Head Office,HO,3.4,Active,2024-08-08,,OPS-0007 OPS-0015
HR-0058,ar/HR-0058_remote-work-policy_Policy.txt,سياسة العمل عن بُعد,remote_work,Human Resources,HR,Policy,ar,المكتب الرئيسي,HO,3.2,Active,2023-11-17,,HR-0048 IT-0048 IT-0080
IT-0058,ar/IT-0058_data-backup-policy_Policy.txt,سياسة النسخ الاحتياطي للبيانات,data_backup,Information Technology,IT,Policy,ar,المكتب الرئيسي,HO,3.2,Active,2025-01-19,,IT-0112 LEG-0048
FIN-0058,ar/FIN-0058_petty-cash-policy_Policy.txt,سياسة المصروفات النثرية,petty_cash,Finance,FIN,Policy,ar,المكتب الرئيسي,HO,3.0,Active,2023-03-31,,FIN-0008
FAC-0058,ar/FAC-0058_workspace-ergonomics-policy_Policy.txt,سياسة بيئة العمل المريحة,workspace_ergonomics,Facilities,FAC,Policy,ar,المكتب الرئيسي,HO,3.3,Active,2023-11-13,,IT-0080 FAC-0040 HR-0064
LEG-0058,ar/LEG-0058_gifts-and-hospitality-policy_Policy.txt,سياسة الهدايا والضيافة,gifts_hospitality,Legal & Compliance,LEG,Policy,ar,المكتب الرئيسي,HO,3.3,Active,2024-11-02,,LEG-0024 LEG-0032
OPS-0058,ar/OPS-0058_customer-feedback-handling-policy_Policy.txt,سياسة التعامل مع ملاحظات العملاء,customer_feedback,Operations,OPS,Policy,ar,المكتب الرئيسي,HO,3.3,Active,2023-04-30,,OPS-0008 OPS-0016
HR-0059,en/HR-0059_remote-work-policy_Procedure.txt,Remote Work - Procedure,remote_work,Human Resources,HR,Procedure,en,Head Office,HO,3.3,Active,2023-06-25,,HR-0047 IT-0047 IT-0079
IT-0059,en/IT-0059_data-backup-policy_Procedure.txt,Data Backup - Procedure,data_backup,Information Technology,IT,Procedure,en,Head Office,HO,3.0,Active,2023-08-07,,IT-0111 LEG-0047
FIN-0059,en/FIN-0059_petty-cash-policy_Procedure.txt,Petty Cash - Procedure,petty_cash,Finance,FIN,Procedure,en,Head Office,HO,3.2,Active,2024-10-29,,FIN-0007
FAC-0059,en/FAC-0059_workspace-ergonomics-policy_Procedure.txt,Workspace Ergonomics - Procedure,workspace_ergonomics,Facilities,FAC,Procedure,en,Head Office,HO,3.0,Active,2024-11-03,,IT-0079 FAC-0039 HR-0063
LEG-0059,en/LEG-0059_gifts-and-hospitality-policy_Procedure.txt,Gifts and Hospitality - Procedure,gifts_hospitality,Legal & Compliance,LEG,Procedure,en,Head Office,HO,3.3,Active,2023-06-02,,LEG-0023 LEG-0031
OPS-0059,en/OPS-0059_customer-feedback-handling-policy_Procedure.txt,Customer Feedback Handling - Procedure,customer_feedback,Operations,OPS,Procedure,en,Head Office,HO,3.3,Active,2023-10-02,,OPS-0007 OPS-0015
HR-0060,ar/HR-0060_remote-work-policy_Procedure.txt,العمل عن بُعد - إجراء,remote_work,Human Resources,HR,Procedure,ar,المكتب الرئيسي,HO,3.1,Active,2023-03-21,,HR-0048 IT-0048 IT-0080
IT-0060,ar/IT-0060_data-backup-policy_Procedure.txt,النسخ الاحتياطي للبيانات - إجراء,data_backup,Information Technology,IT,Procedure,ar,المكتب الرئيسي,HO,3.1,Active,2023-04-19,,IT-0112 LEG-0048
FIN-0060,ar/FIN-0060_petty-cash-policy_Procedure.txt,المصروفات النثرية - إجراء,petty_cash,Finance,FIN,Procedure,ar,المكتب الرئيسي,HO,3.1,Active,2023-03-20,,FIN-0008
FAC-0060,ar/FAC-0060_workspace-ergonomics-policy_Procedure.txt,بيئة العمل المريحة - إجراء,workspace_ergonomics,Facilities,FAC,Procedure,ar,المكتب الرئيسي,HO,3.2,Active,2023-06-10,,IT-0080 FAC-0040 HR-0064
LEG-0060,ar/LEG-0060_gifts-and-hospitality-policy_Procedure.txt,الهدايا والضيافة - إجراء,gifts_hospitality,Legal & Compliance,LEG,Procedure,ar,المكتب الرئيسي,HO,3.3,Active,2025-05-25,,LEG-0024 LEG-0032
OPS-0060,ar/OPS-0060_customer-feedback-handling-policy_Procedure.txt,التعامل مع ملاحظات العملاء - إجراء,customer_feedback,Operations,OPS,Procedure,ar,المكتب الرئيسي,HO,3.1,Active,2024-10-15,,OPS-0008 OPS-0016
HR-0061,en/HR-0061_remote-work-policy_FAQ.txt,Remote Work - FAQ,remote_work,Human Resources,HR,FAQ,en,Head Office,HO,3.2,Active,2023-01-29,,HR-0047 IT-0047 IT-0079
IT-0061,en/IT-0061_data-backup-policy_FAQ.txt,Data Backup - FAQ,data_backup,Information Technology,IT,FAQ,en,Head Office,HO,3.4,Active,2023-09-08,,IT-0111 LEG-0047
FIN-0061,en/FIN-0061_petty-cash-policy_FAQ.txt,Petty Cash - FAQ,petty_cash,Finance,FIN,FAQ,en,Head Office,HO,3.3,Active,2023-12-25,,FIN-0007
FAC-0061,en/FAC-0061_workspace-ergonomics-policy_FAQ.txt,Workspace Ergonomics - FAQ,workspace_ergonomics,Facilities,FAC,FAQ,en,Head Office,HO,3.1,Active,2024-08-20,,IT-0079 FAC-0039 HR-0063
LEG-0061,en/LEG-0061_gifts-and-hospitality-policy_FAQ.txt,Gifts and Hospitality - FAQ,gifts_hospitality,Legal & Compliance,LEG,FAQ,en,Head Office,HO,3.3,Active,2025-04-28,,LEG-0023 LEG-0031
OPS-0061,en/OPS-0061_customer-feedback-handling-policy_FAQ.txt,Customer Feedback Handling - FAQ,customer_feedback,Operations,OPS,FAQ,en,Head Office,HO,3.2,Active,2023-03-02,,OPS-0007 OPS-0015
HR-0062,ar/HR-0062_remote-work-policy_FAQ.txt,العمل عن بُعد - أسئلة شائعة,remote_work,Human Resources,HR,FAQ,ar,المكتب الرئيسي,HO,3.1,Active,2023-10-17,,HR-0048 IT-0048 IT-0080
IT-0062,ar/IT-0062_data-backup-policy_FAQ.txt,النسخ الاحتياطي للبيانات - أسئلة شائعة,data_backup,Information Technology,IT,FAQ,ar,المكتب الرئيسي,HO,3.2,Active,2023-09-08,,IT-0112 LEG-0048
FIN-0062,ar/FIN-0062_petty-cash-policy_FAQ.txt,المصروفات النثرية - أسئلة شائعة,petty_cash,Finance,FIN,FAQ,ar,المكتب الرئيسي,HO,3.2,Active,2023-10-10,,FIN-0008
FAC-0062,ar/FAC-0062_workspace-ergonomics-policy_FAQ.txt,بيئة العمل المريحة - أسئلة شائعة,workspace_ergonomics,Facilities,FAC,FAQ,ar,المكتب الرئيسي,HO,3.3,Active,2024-02-05,,IT-0080 FAC-0040 HR-0064
LEG-0062,ar/LEG-0062_gifts-and-hospitality-policy_FAQ.txt,الهدايا والضيافة - أسئلة شائعة,gifts_hospitality,Legal & Compliance,LEG,FAQ,ar,المكتب الرئيسي,HO,3.0,Active,2023-09-01,,LEG-0024 LEG-0032
OPS-0062,ar/OPS-0062_customer-feedback-handling-policy_FAQ.txt,التعامل مع ملاحظات العملاء - أسئلة شائعة,customer_feedback,Operations,OPS,FAQ,ar,المكتب الرئيسي,HO,3.2,Active,2023-11-13,,OPS-0008 OPS-0016
HR-0063,en/HR-0063_remote-work-policy_QuickReference.txt,Remote Work - Quick Reference,remote_work,Human Resources,HR,Quick Reference,en,Head Office,HO,3.1,Active,2023-12-07,,HR-0047 IT-0047 IT-0079
IT-0063,en/IT-0063_data-backup-policy_QuickReference.txt,Data Backup - Quick Reference,data_backup,Information Technology,IT,Quick Reference,en,Head Office,HO,3.1,Active,2025-02-28,,IT-0111 LEG-0047
FIN-0063,en/FIN-0063_petty-cash-policy_QuickReference.txt,Petty Cash - Quick Reference,petty_cash,Finance,FIN,Quick Reference,en,Head Office,HO,3.1,Active,2024-08-15,,FIN-0007
FAC-0063,en/FAC-0063_workspace-ergonomics-policy_QuickReference.txt,Workspace Ergonomics - Quick Reference,workspace_ergonomics,Facilities,FAC,Quick Reference,en,Head Office,HO,3.4,Active,2024-04-23,,IT-0079 FAC-0039 HR-0063
LEG-0063,en/LEG-0063_gifts-and-hospitality-policy_QuickReference.txt,Gifts and Hospitality - Quick Reference,gifts_hospitality,Legal & Compliance,LEG,Quick Reference,en,Head Office,HO,3.1,Active,2025-05-24,,LEG-0023 LEG-0031
OPS-0063,en/OPS-0063_customer-feedback-handling-policy_QuickReference.txt,Customer Feedback Handling - Quick Reference,customer_feedback,Operations,OPS,Quick Reference,en,Head Office,HO,3.4,Active,2024-06-13,,OPS-0007 OPS-0015
HR-0064,ar/HR-0064_remote-work-policy_QuickReference.txt,العمل عن بُعد - مرجع سريع,remote_work,Human Resources,HR,Quick Reference,ar,المكتب الرئيسي,HO,3.0,Active,2025-03-01,,HR-0048 IT-0048 IT-0080
IT-0064,ar/IT-0064_data-backup-policy_QuickReference.txt,النسخ الاحتياطي للبيانات - مرجع سريع,data_backup,Information Technology,IT,Quick Reference,ar,المكتب الرئيسي,HO,3.1,Active,2023-12-02,,IT-0112 LEG-0048
FIN-0064,ar/FIN-0064_petty-cash-policy_QuickReference.txt,المصروفات النثرية - مرجع سريع,petty_cash,Finance,FIN,Quick Reference,ar,المكتب الرئيسي,HO,3.3,Active,2023-06-23,,FIN-0008
FAC-0064,ar/FAC-0064_workspace-ergonomics-policy_QuickReference.txt,بيئة العمل المريحة - مرجع سريع,workspace_ergonomics,Facilities,FAC,Quick Reference,ar,المكتب الرئيسي,HO,3.4,Active,2025-03-20,,IT-0080 FAC-0040 HR-0064
LEG-0064,ar/LEG-0064_gifts-and-hospitality-policy_QuickReference.txt,الهدايا والضيافة - مرجع سريع,gifts_hospitality,Legal & Compliance,LEG,Quick Reference,ar,المكتب الرئيسي,HO,3.1,Active,2024-04-08,,LEG-0024 LEG-0032
OPS-0064,ar/OPS-0064_customer-feedback-handling-policy_QuickReference.txt,التعامل مع ملاحظات العملاء - مرجع سريع,customer_feedback,Operations,OPS,Quick Reference,ar,المكتب الرئيسي,HO,3.4,Active,2023-10-14,,OPS-0008 OPS-0016
HR-0065,en/HR-0065_flexible-hours-policy_Policy.txt,Flexible Hours Policy,flexible_hours,Human Resources,HR,Policy,en,Head Office,HO,3.2,Active,2024-06-30,,HR-0047 HR-0063
IT-0065,en/IT-0065_software-licensing-policy_Policy.txt,Software Licensing Policy,software_licensing,Information Technology,IT,Policy,en,Head Office,HO,3.3,Active,2023-01-18,,IT-0031 IT-0079
FIN-0065,en/FIN-0065_payroll-schedule-policy_Policy.txt,Payroll Schedule Policy,payroll_schedule,Finance,FIN,Policy,en,Head Office,HO,3.3,Active,2024-05-24,,HR-0103 FIN-0079
FAC-0065,en/FAC-0065_kitchen-and-break-area-policy_Policy.txt,Kitchen and Break Area Policy,kitchen_use,Facilities,FAC,Policy,en,Head Office,HO,3.2,Active,2024-05-16,,
LEG-0065,en/LEG-0065_intellectual-property-policy_Policy.txt,Intellectual Property Policy,intellectual_property,Legal & Compliance,LEG,Policy,en,Head Office,HO,3.3,Active,2025-06-05,,LEG-0015 IT-0071
OPS-0065,en/OPS-0065_supplier-performance-review-policy_Policy.txt,Supplier Performance Review Policy,supplier_performance,Operations,OPS,Policy,en,Head Office,HO,3.4,Active,2023-02-07,,PRC-0015 FIN-0087 PRC-0023
HR-0066,ar/HR-0066_flexible-hours-policy_Policy.txt,سياسة ساعات العمل المرنة,flexible_hours,Human Resources,HR,Policy,ar,المكتب الرئيسي,HO,3.4,Active,2023-07-28,,HR-0048 HR-0064
IT-0066,ar/IT-0066_software-licensing-policy_Policy.txt,سياسة تراخيص البرمجيات,software_licensing,Information Technology,IT,Policy,ar,المكتب الرئيسي,HO,3.2,Active,2025-03-21,,IT-0032 IT-0080
FIN-0066,ar/FIN-0066_payroll-schedule-policy_Policy.txt,سياسة جدول الرواتب,payroll_schedule,Finance,FIN,Policy,ar,المكتب الرئيسي,HO,3.2,Active,2024-10-30,,HR-0104 FIN-0080
FAC-0066,ar/FAC-0066_kitchen-and-break-area-policy_Policy.txt,سياسة المطبخ ومناطق الاستراحة,kitchen_use,Facilities,FAC,Policy,ar,المكتب الرئيسي,HO,3.3,Active,2024-12-26,,
LEG-0066,ar/LEG-0066_intellectual-property-policy_Policy.txt,سياسة الملكية الفكرية,intellectual_property,Legal & Compliance,LEG,Policy,ar,المكتب الرئيسي,HO,3.3,Active,2024-07-15,,LEG-0016 IT-0072
OPS-0066,ar/OPS-0066_supplier-performance-review-policy_Policy.txt,سياسة تقييم أداء الموردين,supplier_performance,Operations,OPS,Policy,ar,المكتب الرئيسي,HO,3.3,Active,2024-11-25,,PRC-0016 FIN-0088 PRC-0024
HR-0067,en/HR-0067_flexible-hours-policy_Procedure.txt,Flexible Hours - Procedure,flexible_hours,Human Resources,HR,Procedure,en,Head Office,HO,3.3,Active,2024-12-20,,HR-0047 HR-0063
IT-0067,en/IT-0067_software-licensing-policy_Procedure.txt,Software Licensing - Procedure,software_licensing,Information Technology,IT,Procedure,en,Head Office,HO,3.2,Active,2023-10-28,,IT-0031 IT-0079
FIN-0067,en/FIN-0067_payroll-schedule-policy_Procedure.txt,Payroll Schedule - Procedure,payroll_schedule,Finance,FIN,Procedure,en,Head Office,HO,3.1,Active,2024-04-12,,HR-0103 FIN-0079
FAC-0067,en/FAC-0067_kitchen-and-break-area-policy_Procedure.txt,Kitchen and Break Area - Procedure,kitchen_use,Facilities,FAC,Procedure,en,Head Office,HO,3.4,Active,2025-04-08,,
LEG-0067,en/LEG-0067_intellectual-property-policy_Procedure.txt,Intellectual Property - Procedure,intellectual_property,Legal & Compliance,LEG,Procedure,en,Head Office,HO,3.0,Active,2024-12-28,,LEG-0015 IT-0071
OPS-0067,en/OPS-0067_supplier-performance-review-policy_Procedure.txt,Supplier Performance Review - Procedure,supplier_performance,Operations,OPS,Procedure,en,Head Office,HO,3.0,Active,2024-02-06,,PRC-0015 FIN-0087 PRC-0023
HR-0068,ar/HR-0068_flexible-hours-policy_Procedure.txt,ساعات العمل المرنة - إجراء,flexible_hours,Human Resources,HR,Procedure,ar,المكتب الرئيسي,HO,3.0,Active,2025-01-19,,HR-0048 HR-0064
IT-0068,ar/IT-0068_software-licensing-policy_Procedure.txt,تراخيص البرمجيات - إجراء,software_licensing,Information Technology,IT,Procedure,ar,المكتب الرئيسي,HO,3.1,Active,2025-05-15,,IT-0032 IT-0080
FIN-0068,ar/FIN-0068_payroll-schedule-policy_Procedure.txt,جدول الرواتب - إجراء,payroll_schedule,Finance,FIN,Procedure,ar,المكتب الرئيسي,HO,3.3,Active,2023-10-10,,HR-0104 FIN-0080
FAC-0068,ar/FAC-0068_kitchen-and-break-area-policy_Procedure.txt,المطبخ ومناطق الاستراحة - إجراء,kitchen_use,Facilities,FAC,Procedure,ar,المكتب الرئيسي,HO,3.3,Active,2024-03-25,,
LEG-0068,ar/LEG-0068_intellectual-property-policy_Procedure.txt,الملكية الفكرية - إجراء,intellectual_property,Legal & Compliance,LEG,Procedure,ar,المكتب الرئيسي,HO,3.0,Active,2024-09-19,,LEG-0016 IT-0072
OPS-0068,ar/OPS-0068_supplier-performance-review-policy_Procedure.txt,تقييم أداء الموردين - إجراء,supplier_performance,Operations,OPS,Procedure,ar,المكتب الرئيسي,HO,3.1,Active,2025-01-05,,PRC-0016 FIN-0088 PRC-0024
HR-0069,en/HR-0069_flexible-hours-policy_FAQ.txt,Flexible Hours - FAQ,flexible_hours,Human Resources,HR,FAQ,en,Head Office,HO,3.3,Active,2024-01-15,,HR-0047 HR-0063
IT-0069,en/IT-0069_software-licensing-policy_FAQ.txt,Software Licensing - FAQ,software_licensing,Information Technology,IT,FAQ,en,Head Office,HO,3.3,Active,2023-12-12,,IT-0031 IT-0079
FIN-0069,en/FIN-0069_payroll-schedule-policy_FAQ.txt,Payroll Schedule - FAQ,payroll_schedule,Finance,FIN,FAQ,en,Head Office,HO,3.1,Active,2023-10-09,,HR-0103 FIN-0079
FAC-0069,en/FAC-0069_kitchen-and-break-area-policy_FAQ.txt,Kitchen and Break Area - FAQ,kitchen_use,Facilities,FAC,FAQ,en,Head Office,HO,3.3,Active,2025-02-03,,
LEG-0069,en/LEG-0069_intellectual-property-policy_FAQ.txt,Intellectual Property - FAQ,intellectual_property,Legal & Compliance,LEG,FAQ,en,Head Office,HO,3.2,Active,2023-11-08,,LEG-0015 IT-0071
OPS-0069,en/OPS-0069_supplier-performance-review-policy_FAQ.txt,Supplier Performance Review - FAQ,supplier_performance,Operations,OPS,FAQ,en,Head Office,HO,3.3,Active,2024-01-17,,PRC-0015 FIN-0087 PRC-0023
HR-0070,ar/HR-0070_flexible-hours-policy_FAQ.txt,ساعات العمل المرنة - أسئلة شائعة,flexible_hours,Human Resources,HR,FAQ,ar,المكتب الرئيسي,HO,3.0,Active,2025-03-20,,HR-0048 HR-0064
IT-0070,ar/IT-0070_software-licensing-policy_FAQ.txt,تراخيص البرمجيات - أسئلة شائعة,software_licensing,Information Technology,IT,FAQ,ar,المكتب الرئيسي,HO,3.4,Active,2023-06-26,,IT-0032 IT-0080
FIN-0070,ar/FIN-0070_payroll-schedule-policy_FAQ.txt,جدول الرواتب - أسئلة شائعة,payroll_schedule,Finance,FIN,FAQ,ar,المكتب الرئيسي,HO,3.2,Active,2023-12-08,,HR-0104 FIN-0080
FAC-0070,ar/FAC-0070_kitchen-and-break-area-policy_FAQ.txt,المطبخ ومناطق الاستراحة - أسئلة شائعة,kitchen_use,Facilities,FAC,FAQ,ar,المكتب الرئيسي,HO,3.1,Active,2025-04-20,,
LEG-0070,ar/LEG-0070_intellectual-property-policy_FAQ.txt,الملكية الفكرية - أسئلة شائعة,intellectual_property,Legal & Compliance,LEG,FAQ,ar,المكتب الرئيسي,HO,3.2,Active,2023-03-28,,LEG-0016 IT-0072
OPS-0070,ar/OPS-0070_supplier-performance-review-policy_FAQ.txt,تقييم أداء الموردين - أسئلة شائعة,supplier_performance,Operations,OPS,FAQ,ar,المكتب الرئيسي,HO,3.3,Active,2024-07-28,,PRC-0016 FIN-0088 PRC-0024
HR-0071,en/HR-0071_flexible-hours-policy_QuickReference.txt,Flexible Hours - Quick Reference,flexible_hours,Human Resources,HR,Quick Reference,en,Head Office,HO,3.0,Active,2024-06-20,,HR-0047 HR-0063
IT-0071,en/IT-0071_software-licensing-policy_QuickReference.txt,Software Licensing - Quick Reference,software_licensing,Information Technology,IT,Quick Reference,en,Head Office,HO,3.0,Active,2023-04-10,,IT-0031 IT-0079
FIN-0071,en/FIN-0071_payroll-schedule-policy_QuickReference.txt,Payroll Schedule - Quick Reference,payroll_schedule,Finance,FIN,Quick Reference,en,Head Office,HO,3.2,Active,2023-08-18,,HR-0103 FIN-0079
FAC-0071,en/FAC-0071_kitchen-and-break-area-policy_QuickReference.txt,Kitchen and Break Area - Quick Reference,kitchen_use,Facilities,FAC,Quick Reference,en,Head Office,HO,3.4,Active,2024-03-10,,
LEG-0071,en/LEG-0071_intellectual-property-policy_QuickReference.txt,Intellectual Property - Quick Reference,intellectual_property,Legal & Compliance,LEG,Quick Reference,en,Head Office,HO,3.1,Active,2024-02-24,,LEG-0015 IT-0071
OPS-0071,en/OPS-0071_supplier-performance-review-policy_QuickReference.txt,Supplier Performance Review - Quick Reference,supplier_performance,Operations,OPS,Quick Reference,en,Head Office,HO,3.0,Active,2023-03-07,,PRC-0015 FIN-0087 PRC-0023
HR-0072,ar/HR-0072_flexible-hours-policy_QuickReference.txt,ساعات العمل المرنة - مرجع سريع,flexible_hours,Human Resources,HR,Quick Reference,ar,المكتب الرئيسي,HO,3.2,Active,2024-09-29,,HR-0048 HR-0064
IT-0072,ar/IT-0072_software-licensing-policy_QuickReference.txt,تراخيص البرمجيات - مرجع سريع,software_licensing,Information Technology,IT,Quick Reference,ar,المكتب الرئيسي,HO,3.3,Active,2024-07-24,,IT-0032 IT-0080
FIN-0072,ar/FIN-0072_payroll-schedule-policy_QuickReference.txt,جدول الرواتب - مرجع سريع,payroll_schedule,Finance,FIN,Quick Reference,ar,المكتب الرئيسي,HO,3.4,Active,2024-06-14,,HR-0104 FIN-0080
FAC-0072,ar/FAC-0072_kitchen-and-break-area-policy_QuickReference.txt,المطبخ ومناطق الاستراحة - مرجع سريع,kitchen_use,Facilities,FAC,Quick Reference,ar,المكتب الرئيسي,HO,3.3,Active,2023-09-04,,
LEG-0072,ar/LEG-0072_intellectual-property-policy_QuickReference.txt,الملكية الفكرية - مرجع سريع,intellectual_property,Legal & Compliance,LEG,Quick Reference,ar,المكتب الرئيسي,HO,3.4,Active,2023-09-07,,LEG-0016 IT-0072
OPS-0072,ar/OPS-0072_supplier-performance-review-policy_QuickReference.txt,تقييم أداء الموردين - مرجع سريع,supplier_performance,Operations,OPS,Quick Reference,ar,المكتب الرئيسي,HO,3.3,Active,2024-05-18,,PRC-0016 FIN-0088 PRC-0024
HR-0073,en/HR-0073_probation-policy_Policy.txt,Probation Policy,probation,Human Resources,HR,Policy,en,Head Office,HO,3.1,Active,2023-03-19,,HR-0111 HR-0087 HR-0127
IT-0073,en/IT-0073_hardware-request-policy_Policy.txt,Hardware Request Policy,hardware_request,Information Technology,IT,Policy,en,Head Office,HO,3.4,Active,2023-05-19,,IT-0087 IT-0071 FAC-0063
FIN-0073,en/FIN-0073_tax-documents-policy_Policy.txt,Tax Documents Policy,tax_documents,Finance,FIN,Policy,en,Head Office,HO,3.3,Active,2024-09-04,,FIN-0071
FAC-0073,en/FAC-0073_mail-and-courier-policy_Policy.txt,Mail and Courier Policy,mail_courier,Facilities,FAC,Policy,en,Head Office,HO,3.1,Active,2024-12-17,,
LEG-0073,en/LEG-0073_competition-law-policy_Policy.txt,Competition Law Policy,competition_law,Legal & Compliance,LEG,Policy,en,Head Office,HO,3.3,Active,2024-12-21,,LEG-0015 MKT-0015
HR-0074,ar/HR-0074_probation-policy_Policy.txt,سياسة فترة التجربة,probation,Human Resources,HR,Policy,ar,المكتب الرئيسي,HO,3.0,Active,2024-02-13,,HR-0112 HR-0088 HR-0128
IT-0074,ar/IT-0074_hardware-request-policy_Policy.txt,سياسة طلب الأجهزة,hardware_request,Information Technology,IT,Policy,ar,المكتب الرئيسي,HO,3.1,Active,2023-07-04,,IT-0088 IT-0072 FAC-0064
FIN-0074,ar/FIN-0074_tax-documents-policy_Policy.txt,سياسة المستندات الضريبية,tax_documents,Finance,FIN,Policy,ar,المكتب الرئيسي,HO,3.1,Active,2024-12-28,,FIN-0072
FAC-0074,ar/FAC-0074_mail-and-courier-policy_Policy.txt,سياسة البريد والشحن,mail_courier,Facilities,FAC,Policy,ar,المكتب الرئيسي,HO,3.0,Active,2024-01-12,,
LEG-0074,ar/LEG-0074_competition-law-policy_Policy.txt,سياسة قانون المنافسة,competition_law,Legal & Compliance,LEG,Policy,ar,المكتب الرئيسي,HO,3.0,Active,2023-11-11,,LEG-0016 MKT-0016
HR-0075,en/HR-0075_probation-policy_Procedure.txt,Probation - Procedure,probation,Human Resources,HR,Procedure,en,Head Office,HO,3.1,Active,2023-11-16,,HR-0111 HR-0087 HR-0127
IT-0075,en/IT-0075_hardware-request-policy_Procedure.txt,Hardware Request - Procedure,hardware_request,Information Technology,IT,Procedure,en,Head Office,HO,3.4,Active,2024-09-13,,IT-0087 IT-0071 FAC-0063
FIN-0075,en/FIN-0075_tax-documents-policy_Procedure.txt,Tax Documents - Procedure,tax_documents,Finance,FIN,Procedure,en,Head Office,HO,3.1,Active,2025-03-04,,FIN-0071
FAC-0075,en/FAC-0075_mail-and-courier-policy_Procedure.txt,Mail and Courier - Procedure,mail_courier,Facilities,FAC,Procedure,en,Head Office,HO,3.3,Active,2023-01-21,,
LEG-0075,en/LEG-0075_competition-law-policy_Procedure.txt,Competition Law - Procedure,competition_law,Legal & Compliance,LEG,Procedure,en,Head Office,HO,3.2,Active,2024-05-07,,LEG-0015 MKT-0015
HR-0076,ar/HR-0076_probation-policy_Procedure.txt,فترة التجربة - إجراء,probation,Human Resources,HR,Procedure,ar,المكتب الرئيسي,HO,3.4,Active,2023-12-07,,HR-0112 HR-0088 HR-0128
IT-0076,ar/IT-0076_hardware-request-policy_Procedure.txt,طلب الأجهزة - إجراء,hardware_request,Information Technology,IT,Procedure,ar,المكتب الرئيسي,HO,3.2,Active,2024-01-05,,IT-0088 IT-0072 FAC-0064
FIN-0076,ar/FIN-0076_tax-documents-policy_Procedure.txt,المستندات الضريبية - إجراء,tax_documents,Finance,FIN,Procedure,ar,المكتب الرئيسي,HO,3.3,Active,2023-01-11,,FIN-0072
FAC-0076,ar/FAC-0076_mail-and-courier-policy_Procedure.txt,البريد والشحن - إجراء,mail_courier,Facilities,FAC,Procedure,ar,المكتب الرئيسي,HO,3.4,Active,2024-12-20,,
LEG-0076,ar/LEG-0076_competition-law-policy_Procedure.txt,قانون المنافسة - إجراء,competition_law,Legal & Compliance,LEG,Procedure,ar,المكتب الرئيسي,HO,3.4,Active,2023-11-04,,LEG-0016 MKT-0016
HR-0077,en/HR-0077_probation-policy_FAQ.txt,Probation - FAQ,probation,Human Resources,HR,FAQ,en,Head Office,HO,3.4,Active,2023-01-08,,HR-0111 HR-0087 HR-0127
IT-0077,en/IT-0077_hardware-request-policy_FAQ.txt,Hardware Request - FAQ,hardware_request,Information Technology,IT,FAQ,en,Head Office,HO,3.3,Active,2025-04-02,,IT-0087 IT-0071 FAC-0063
FIN-0077,en/FIN-0077_tax-documents-policy_FAQ.txt,Tax Documents - FAQ,tax_documents,Finance,FIN,FAQ,en,Head Office,HO,3.2,Active,2025-04-18,,FIN-0071
FAC-0077,en/FAC-0077_mail-and-courier-policy_FAQ.txt,Mail and Courier - FAQ,mail_courier,Facilities,FAC,FAQ,en,Head Office,HO,3.2,Active,2024-07-25,,
LEG-0077,en/LEG-0077_competition-law-policy_FAQ.txt,Competition Law - FAQ,competition_law,Legal & Compliance,LEG,FAQ,en,Head Office,HO,3.3,Active,2024-05-01,,LEG-0015 MKT-0015
HR-0078,ar/HR-0078_probation-policy_FAQ.txt,فترة التجربة - أسئلة شائعة,probation,Human Resources,HR,FAQ,ar,المكتب الرئيسي,HO,3.4,Active,2024-05-14,,HR-0112 HR-0088 HR-0128
IT-0078,ar/IT-0078_hardware-request-policy_FAQ.txt,طلب الأجهزة - أسئلة شائعة,hardware_request,Information Technology,IT,FAQ,ar,المكتب الرئيسي,HO,3.2,Active,2023-03-15,,IT-0088 IT-0072 FAC-0064
FIN-0078,ar/FIN-0078_tax-documents-policy_FAQ.txt,المستندات الضريبية - أسئلة شائعة,tax_documents,Finance,FIN,FAQ,ar,المكتب الرئيسي,HO,3.0,Active,2023-11-12,,FIN-0072
FAC-0078,ar/FAC-0078_mail-and-courier-policy_FAQ.txt,البريد والشحن - أسئلة شائعة,mail_courier,Facilities,FAC,FAQ,ar,المكتب الرئيسي,HO,3.0,Active,2025-01-23,,
LEG-0078,ar/LEG-0078_competition-law-policy_FAQ.txt,قانون المنافسة - أسئلة شائعة,competition_law,Legal & Compliance,LEG,FAQ,ar,المكتب الرئيسي,HO,3.1,Active,2024-11-08,,LEG-0016 MKT-0016
HR-0079,en/HR-0079_probation-policy_QuickReference.txt,Probation - Quick Reference,probation,Human Resources,HR,Quick Reference,en,Head Office,HO,3.1,Active,2023-12-20,,HR-0111 HR-0087 HR-0127
IT-0079,en/IT-0079_hardware-request-policy_QuickReference.txt,Hardware Request - Quick Reference,hardware_request,Information Technology,IT,Quick Reference,en,Head Office,HO,3.0,Active,2023-12-19,,IT-0087 IT-0071 FAC-0063
FIN-0079,en/FIN-0079_tax-documents-policy_QuickReference.txt,Tax Documents - Quick Reference,tax_documents,Finance,FIN,Quick Reference,en,Head Office,HO,3.3,Active,2023-11-16,,FIN-0071
FAC-0079,en/FAC-0079_mail-and-courier-policy_QuickReference.txt,Mail and Courier - Quick Reference,mail_courier,Facilities,FAC,Quick Reference,en,Head Office,HO,3.4,Active,2024-11-18,,
LEG-0079,en/LEG-0079_competition-law-policy_QuickReference.txt,Competition Law - Quick Reference,competition_law,Legal & Compliance,LEG,Quick Reference,en,Head Office,HO,3.4,Active,2023-11-26,,LEG-0015 MKT-0015
HR-0080,ar/HR-0080_probation-policy_QuickReference.txt,فترة التجربة - مرجع سريع,probation,Human Resources,HR,Quick Reference,ar,المكتب الرئيسي,HO,3.4,Active,2024-01-01,,HR-0112 HR-0088 HR-0128
IT-0080,ar/IT-0080_hardware-request-policy_QuickReference.txt,طلب الأجهزة - مرجع سريع,hardware_request,Information Technology,IT,Quick Reference,ar,المكتب الرئيسي,HO,3.1,Active,2023-06-06,,IT-0088 IT-0072 FAC-0064
FIN-0080,ar/FIN-0080_tax-documents-policy_QuickReference.txt,المستندات الضريبية - مرجع سريع,tax_documents,Finance,FIN,Quick Reference,ar,المكتب الرئيسي,HO,3.4,Active,2024-08-13,,FIN-0072
FAC-0080,ar/FAC-0080_mail-and-courier-policy_QuickReference.txt,البريد والشحن - مرجع سريع,mail_courier,Facilities,FAC,Quick Reference,ar,المكتب الرئيسي,HO,3.3,Active,2024-11-16,,
LEG-0080,ar/LEG-0080_competition-law-policy_QuickReference.txt,قانون المنافسة - مرجع سريع,competition_law,Legal & Compliance,LEG,Quick Reference,ar,المكتب الرئيسي,HO,3.4,Active,2024-01-17,,LEG-0016 MKT-0016
HR-0081,en/HR-0081_performance-review-policy_Policy.txt,Performance Review Policy,performance_review,Human Resources,HR,Policy,en,Head Office,HO,3.3,Active,2024-02-05,,HR-0079 HR-0095 HR-0103
IT-0081,en/IT-0081_asset-return-policy_Policy.txt,Asset Return Policy,asset_return,Information Technology,IT,Policy,en,Head Office,HO,3.3,Active,2024-02-25,,HR-0119 IT-0079
FIN-0081,en/FIN-0081_vendor-onboarding-policy_Policy.txt,Vendor Onboarding Policy,vendor_onboarding,Finance,FIN,Policy,en,Head Office,HO,3.2,Active,2024-03-24,,FIN-0047 LEG-0031
FAC-0081,en/FAC-0081_hot-desk-booking-policy_Policy.txt,Hot Desk Booking Policy,desk_booking,Facilities,FAC,Policy,en,Head Office,HO,3.4,Active,2023-04-14,,FAC-0007 HR-0063
LEG-0081,en/LEG-0081_data-subject-access-request-policy_Policy.txt,Data Subject Access Request Policy,data_subject_requests,Legal & Compliance,LEG,Policy,en,Head Office,HO,3.3,Active,2023-08-16,,LEG-0007 LEG-0015 LEG-0047
HR-0082,ar/HR-0082_performance-review-policy_Policy.txt,سياسة تقييم الأداء,performance_review,Human Resources,HR,Policy,ar,المكتب الرئيسي,HO,3.2,Active,2025-05-12,,HR-0080 HR-0096 HR-0104
IT-0082,ar/IT-0082_asset-return-policy_Policy.txt,سياسة إعادة الأصول,asset_return,Information Technology,IT,Policy,ar,المكتب الرئيسي,HO,3.0,Active,2023-08-18,,HR-0120 IT-0080
FIN-0082,ar/FIN-0082_vendor-onboarding-policy_Policy.txt,سياسة اعتماد الموردين,vendor_onboarding,Finance,FIN,Policy,ar,المكتب الرئيسي,HO,3.3,Active,2024-03-15,,FIN-0048 LEG-0032
FAC-0082,ar/FAC-0082_hot-desk-booking-policy_Policy.txt,سياسة حجز المكاتب المشتركة,desk_booking,Facilities,FAC,Policy,ar,المكتب الرئيسي,HO,3.3,Active,2025-02-09,,FAC-0008 HR-0064
LEG-0082,ar/LEG-0082_data-subject-access-request-policy_Policy.txt,سياسة طلبات الوصول لبيانات الأفراد,data_subject_requests,Legal & Compliance,LEG,Policy,ar,المكتب الرئيسي,HO,3.0,Active,2024-03-14,,LEG-0008 LEG-0016 LEG-0048
HR-0083,en/HR-0083_performance-review-policy_Procedure.txt,Performance Review - Procedure,performance_review,Human Resources,HR,Procedure,en,Head Office,HO,3.2,Active,2024-12-17,,HR-0079 HR-0095 HR-0103
IT-0083,en/IT-0083_asset-return-policy_Procedure.txt,Asset Return - Procedure,asset_return,Information Technology,IT,Procedure,en,Head Office,HO,3.2,Active,2025-05-21,,HR-0119 IT-0079
FIN-0083,en/FIN-0083_vendor-onboarding-policy_Procedure.txt,Vendor Onboarding - Procedure,vendor_onboarding,Finance,FIN,Procedure,en,Head Office,HO,3.1,Active,2025-01-03,,FIN-0047 LEG-0031
FAC-0083,en/FAC-0083_hot-desk-booking-policy_Procedure.txt,Hot Desk Booking - Procedure,desk_booking,Facilities,FAC,Procedure,en,Head Office,HO,3.4,Active,2025-03-02,,FAC-0007 HR-0063
LEG-0083,en/LEG-0083_data-subject-access-request-policy_Procedure.txt,Data Subject Access Request - Procedure,data_subject_requests,Legal & Compliance,LEG,Procedure,en,Head Office,HO,3.4,Active,2023-09-07,,LEG-0007 LEG-0015 LEG-0047
HR-0084,ar/HR-0084_performance-review-policy_Procedure.txt,تقييم الأداء - إجراء,performance_review,Human Resources,HR,Procedure,ar,المكتب الرئيسي,HO,3.0,Active,2023-11-28,,HR-0080 HR-0096 HR-0104
IT-0084,ar/IT-0084_asset-return-policy_Procedure.txt,إعادة الأصول - إجراء,asset_return,Information Technology,IT,Procedure,ar,المكتب الرئيسي,HO,3.0,Active,2023-06-20,,HR-0120 IT-0080
FIN-0084,ar/FIN-0084_vendor-onboarding-policy_Procedure.txt,اعتماد الموردين - إجراء,vendor_onboarding,Finance,FIN,Procedure,ar,المكتب الرئيسي,HO,3.2,Active,2023-05-09,,FIN-0048 LEG-0032
FAC-0084,ar/FAC-0084_hot-desk-booking-policy_Procedure.txt,حجز المكاتب المشتركة - إجراء,desk_booking,Facilities,FAC,Procedure,ar,المكتب الرئيسي,HO,3.4,Active,2024-10-22,,FAC-0008 HR-0064
LEG-0084,ar/LEG-0084_data-subject-access-request-policy_Procedure.txt,طلبات الوصول لبيانات الأفراد - إجراء,data_subject_requests,Legal & Compliance,LEG,Procedure,ar,المكتب الرئيسي,HO,3.1,Active,2023-08-08,,LEG-0008 LEG-0016 LEG-0048
HR-0085,en/HR-0085_performance-review-policy_FAQ.txt,Performance Review - FAQ,performance_review,Human Resources,HR,FAQ,en,Head Office,HO,3.4,Active,2023-07-26,,HR-0079 HR-0095 HR-0103
IT-0085,en/IT-0085_asset-return-policy_FAQ.txt,Asset Return - FAQ,asset_return,Information Technology,IT,FAQ,en,Head Office,HO,3.4,Active,2024-10-22,,HR-0119 IT-0079
FIN-0085,en/FIN-0085_vendor-onboarding-policy_FAQ.txt,Vendor Onboarding - FAQ,vendor_onboarding,Finance,FIN,FAQ,en,Head Office,HO,3.1,Active,2025-04-30,,FIN-0047 LEG-0031
FAC-0085,en/FAC-0085_hot-desk-booking-policy_FAQ.txt,Hot Desk Booking - FAQ,desk_booking,Facilities,FAC,FAQ,en,Head Office,HO,3.4,Active,2024-08-22,,FAC-0007 HR-0063
LEG-0085,en/LEG-0085_data-subject-access-request-policy_FAQ.txt,Data Subject Access Request - FAQ,data_subject_requests,Legal & Compliance,LEG,FAQ,en,Head Office,HO,3.2,Active,2023-06-05,,LEG-0007 LEG-0015 LEG-0047
HR-0086,ar/HR-0086_performance-review-policy_FAQ.txt,تقييم الأداء - أسئلة شائعة,performance_review,Human Resources,HR,FAQ,ar,المكتب الرئيسي,HO,3.2,Active,2024-09-07,,HR-0080 HR-0096 HR-0104
IT-0086,ar/IT-0086_asset-return-policy_FAQ.txt,إعادة الأصول - أسئلة شائعة,asset_return,Information Technology,IT,FAQ,ar,المكتب الرئيسي,HO,3.4,Active,2023-10-01,,HR-0120 IT-0080
FIN-0086,ar/FIN-0086_vendor-onboarding-policy_FAQ.txt,اعتماد الموردين - أسئلة شائعة,vendor_onboarding,Finance,FIN,FAQ,ar,المكتب الرئيسي,HO,3.1,Active,2023-12-25,,FIN-0048 LEG-0032
FAC-0086,ar/FAC-0086_hot-desk-booking-policy_FAQ.txt,حجز المكاتب المشتركة - أسئلة شائعة,desk_booking,Facilities,FAC,FAQ,ar,المكتب الرئيسي,HO,3.4,Active,2023-07-19,,FAC-0008 HR-0064
LEG-0086,ar/LEG-0086_data-subject-access-request-policy_FAQ.txt,طلبات الوصول لبيانات الأفراد - أسئلة شائعة,data_subject_requests,Legal & Compliance,LEG,FAQ,ar,المكتب الرئيسي,HO,3.4,Active,2024-11-17,,LEG-0008 LEG-0016 LEG-0048
HR-0087,en/HR-0087_performance-review-policy_QuickReference.txt,Performance Review - Quick Reference,performance_review,Human Resources,HR,Quick Reference,en,Head Office,HO,3.1,Active,2023-12-18,,HR-0079 HR-0095 HR-0103
IT-0087,en/IT-0087_asset-return-policy_QuickReference.txt,Asset Return - Quick Reference,asset_return,Information Technology,IT,Quick Reference,en,Head Office,HO,3.1,Active,2023-03-07,,HR-0119 IT-0079
FIN-0087,en/FIN-0087_vendor-onboarding-policy_QuickReference.txt,Vendor Onboarding - Quick Reference,vendor_onboarding,Finance,FIN,Quick Reference,en,Head Office,HO,3.1,Active,2024-06-28,,FIN-0047 LEG-0031
FAC-0087,en/FAC-0087_hot-desk-booking-policy_QuickReference.txt,Hot Desk Booking - Quick Reference,desk_booking,Facilities,FAC,Quick Reference,en,Head Office,HO,3.2,Active,2023-10-09,,FAC-0007 HR-0063
LEG-0087,en/LEG-0087_data-subject-access-request-policy_QuickReference.txt,Data Subject Access Request - Quick Reference,data_subject_requests,Legal & Compliance,LEG,Quick Reference,en,Head Office,HO,3.2,Active,2023-09-26,,LEG-0007 LEG-0015 LEG-0047
HR-0088,ar/HR-0088_performance-review-policy_QuickReference.txt,تقييم الأداء - مرجع سريع,performance_review,Human Resources,HR,Quick Reference,ar,المكتب الرئيسي,HO,3.4,Active,2023-11-27,,HR-0080 HR-0096 HR-0104
IT-0088,ar/IT-0088_asset-return-policy_QuickReference.txt,إعادة الأصول - مرجع سريع,asset_return,Information Technology,IT,Quick Reference,ar,المكتب الرئيسي,HO,3.4,Active,2025-04-20,,HR-0120 IT-0080
FIN-0088,ar/FIN-0088_vendor-onboarding-policy_QuickReference.txt,اعتماد الموردين - مرجع سريع,vendor_onboarding,Finance,FIN,Quick Reference,ar,المكتب الرئيسي,HO,3.3,Active,2025-04-24,,FIN-0048 LEG-0032
FAC-0088,ar/FAC-0088_hot-desk-booking-policy_QuickReference.txt,حجز المكاتب المشتركة - مرجع سريع,desk_booking,Facilities,FAC,Quick Reference,ar,المكتب الرئيسي,HO,3.0,Active,2025-06-17,,FAC-0008 HR-0064
LEG-0088,ar/LEG-0088_data-subject-access-request-policy_QuickReference.txt,طلبات الوصول لبيانات الأفراد - مرجع سريع,data_subject_requests,Legal & Compliance,LEG,Quick Reference,ar,المكتب الرئيسي,HO,3.4,Active,2024-11-03,,LEG-0008 LEG-0016 LEG-0048
HR-0089,en/HR-0089_promotion-policy_Policy.txt,Promotion Policy,promotion,Human Resources,HR,Policy,en,Head Office,HO,3.4,Active,2023-12-01,,HR-0087 HR-0103
IT-0089,en/IT-0089_security-incident-reporting-policy_Policy.txt,Security Incident Reporting Policy,security_incident,Information Technology,IT,Policy,en,Head Office,HO,3.0,Active,2024-08-30,,IT-0103 LEG-0007 IT-0015
FIN-0089,en/FIN-0089_travel-cash-advance-policy_Policy.txt,Travel Cash Advance Policy,travel_advance,Finance,FIN,Policy,en,Head Office,HO,3.4,Active,2024-08-04,,FIN-0023 FIN-0031 FIN-0007
FAC-0089,en/FAC-0089_ev-charging-policy_Policy.txt,EV Charging Policy,ev_charging,Facilities,FAC,Policy,en,Head Office,HO,3.1,Active,2024-12-15,,FAC-0015 FAC-0023
LEG-0089,en/LEG-0089_trademark-and-logo-usage-policy_Policy.txt,Trademark and Logo Usage Policy,trademark_usage,Legal & Compliance,LEG,Policy,en,Head Office,HO,3.2,Active,2025-02-21,,MKT-0023 MKT-0015 LEG-0071
HR-0090,ar/HR-0090_promotion-policy_Policy.txt,سياسة الترقية,promotion,Human Resources,HR,Policy,ar,المكتب الرئيسي,HO,3.1,Active,2024-05-29,,HR-0088 HR-0104
IT-0090,ar/IT-0090_security-incident-reporting-policy_Policy.txt,سياسة الإبلاغ عن الحوادث الأمنية,security_incident,Information Technology,IT,Policy,ar,المكتب الرئيسي,HO,3.1,Active,2025-05-28,,IT-0104 LEG-0008 IT-0016
FIN-0090,ar/FIN-0090_travel-cash-advance-policy_Policy.txt,سياسة السلفة النقدية للسفر,travel_advance,Finance,FIN,Policy,ar,المكتب الرئيسي,HO,3.4,Active,2023-08-07,,FIN-0024 FIN-0032 FIN-0008
FAC-0090,ar/FAC-0090_ev-charging-policy_Policy.txt,سياسة شحن السيارات الكهربائية,ev_charging,Facilities,FAC,Policy,ar,المكتب الرئيسي,HO,3.2,Active,2025-01-08,,FAC-0016 FAC-0024
LEG-0090,ar/LEG-0090_trademark-and-logo-usage-policy_Policy.txt,سياسة استخدام العلامة التجارية والشعار,trademark_usage,Legal & Compliance,LEG,Policy,ar,المكتب الرئيسي,HO,3.1,Active,2024-08-21,,MKT-0024 MKT-0016 LEG-0072
HR-0091,en/HR-0091_promotion-policy_Procedure.txt,Promotion - Procedure,promotion,Human Resources,HR,Procedure,en,Head Office,HO,3.0,Active,2023-10-17,,HR-0087 HR-0103
IT-0091,en/IT-0091_security-incident-reporting-policy_Procedure.txt,Security Incident Reporting - Procedure,security_incident,Information Technology,IT,Procedure,en,Head Office,HO,3.0,Active,2024-12-12,,IT-0103 LEG-0007 IT-0015
FIN-0091,en/FIN-0091_travel-cash-advance-policy_Procedure.txt,Travel Cash Advance - Procedure,travel_advance,Finance,FIN,Procedure,en,Head Office,HO,3.3,Active,2024-08-09,,FIN-0023 FIN-0031 FIN-0007
FAC-0091,en/FAC-0091_ev-charging-policy_Procedure.txt,EV Charging - Procedure,ev_charging,Facilities,FAC,Procedure,en,Head Office,HO,3.0,Active,2024-05-07,,FAC-0015 FAC-0023
LEG-0091,en/LEG-0091_trademark-and-logo-usage-policy_Procedure.txt,Trademark and Logo Usage - Procedure,trademark_usage,Legal & Compliance,LEG,Procedure,en,Head Office,HO,3.4,Active,2025-05-18,,MKT-0023 MKT-0015 LEG-0071
HR-0092,ar/HR-0092_promotion-policy_Procedure.txt,الترقية - إجراء,promotion,Human Resources,HR,Procedure,ar,المكتب الرئيسي,HO,3.2,Active,2023-10-31,,HR-0088 HR-0104
IT-0092,ar/IT-0092_security-incident-reporting-policy_Procedure.txt,الإبلاغ عن الحوادث الأمنية - إجراء,security_incident,Information Technology,IT,Procedure,ar,المكتب الرئيسي,HO,3.4,Active,2023-11-30,,IT-0104 LEG-0008 IT-0016
FIN-0092,ar/FIN-0092_travel-cash-advance-policy_Procedure.txt,السلفة النقدية للسفر - إجراء,travel_advance,Finance,FIN,Procedure,ar,المكتب الرئيسي,HO,3.4,Active,2024-09-06,,FIN-0024 FIN-0032 FIN-0008
FAC-0092,ar/FAC-0092_ev-charging-policy_Procedure.txt,شحن السيارات الكهربائية - إجراء,ev_charging,Facilities,FAC,Procedure,ar,المكتب الرئيسي,HO,3.0,Active,2025-05-24,,FAC-0016 FAC-0024
LEG-0092,ar/LEG-0092_trademark-and-logo-usage-policy_Procedure.txt,استخدام العلامة التجارية والشعار - إجراء,trademark_usage,Legal & Compliance,LEG,Procedure,ar,المكتب الرئيسي,HO,3.0,Active,2024-12-01,,MKT-0024 MKT-0016 LEG-0072
HR-0093,en/HR-0093_promotion-policy_FAQ.txt,Promotion - FAQ,promotion,Human Resources,HR,FAQ,en,Head Office,HO,3.4,Active,2025-05-17,,HR-0087 HR-0103
IT-0093,en/IT-0093_security-incident-reporting-policy_FAQ.txt,Security Incident Reporting - FAQ,security_incident,Information Technology,IT,FAQ,en,Head Office,HO,3.4,Active,2024-04-13,,IT-0103 LEG-0007 IT-0015
FIN-0093,en/FIN-0093_travel-cash-advance-policy_FAQ.txt,Travel Cash Advance - FAQ,travel_advance,Finance,FIN,FAQ,en,Head Office,HO,3.1,Active,2023-01-07,,FIN-0023 FIN-0031 FIN-0007
FAC-0093,en/FAC-0093_ev-charging-policy_FAQ.txt,EV Charging - FAQ,ev_charging,Facilities,FAC,FAQ,en,Head Office,HO,3.3,Active,2025-03-22,,FAC-0015 FAC-0023
LEG-0093,en/LEG-0093_trademark-and-logo-usage-policy_FAQ.txt,Trademark and Logo Usage - FAQ,trademark_usage,Legal & Compliance,LEG,FAQ,en,Head Office,HO,3.4,Active,2024-07-21,,MKT-0023 MKT-0015 LEG-0071
HR-0094,ar/HR-0094_promotion-policy_FAQ.txt,الترقية - أسئلة شائعة,promotion,Human Resources,HR,FAQ,ar,المكتب الرئيسي,HO,3.3,Active,2023-09-21,,HR-0088 HR-0104
IT-0094,ar/IT-0094_security-incident-reporting-policy_FAQ.txt,الإبلاغ عن الحوادث الأمنية - أسئلة شائعة,security_incident,Information Technology,IT,FAQ,ar,المكتب الرئيسي,HO,3.3,Active,2024-06-27,,IT-0104 LEG-0008 IT-0016
FIN-0094,ar/FIN-0094_travel-cash-advance-policy_FAQ.txt,السلفة النقدية للسفر - أسئلة شائعة,travel_advance,Finance,FIN,FAQ,ar,المكتب الرئيسي,HO,3.0,Active,2023-10-19,,FIN-0024 FIN-0032 FIN-0008
FAC-0094,ar/FAC-0094_ev-charging-policy_FAQ.txt,شحن السيارات الكهربائية - أسئلة شائعة,ev_charging,Facilities,FAC,FAQ,ar,المكتب الرئيسي,HO,3.2,Active,2023-06-22,,FAC-0016 FAC-0024
LEG-0094,ar/LEG-0094_trademark-and-logo-usage-policy_FAQ.txt,استخدام العلامة التجارية والشعار - أسئلة شائعة,trademark_usage,Legal & Compliance,LEG,FAQ,ar,المكتب الرئيسي,HO,3.1,Active,2023-02-07,,MKT-0024 MKT-0016 LEG-0072
HR-0095,en/HR-0095_promotion-policy_QuickReference.txt,Promotion - Quick Reference,promotion,Human Resources,HR,Quick Reference,en,Head Office,HO,3.4,Active,2023-11-11,,HR-0087 HR-0103
IT-0095,en/IT-0095_security-incident-reporting-policy_QuickReference.txt,Security Incident Reporting - Quick Reference,security_incident,Information Technology,IT,Quick Reference,en,Head Office,HO,3.0,Active,2024-02-18,,IT-0103 LEG-0007 IT-0015
FIN-0095,en/FIN-0095_travel-cash-advance-policy_QuickReference.txt,Travel Cash Advance - Quick Reference,travel_advance,Finance,FIN,Quick Reference,en,Head Office,HO,3.3,Active,2023-07-10,,FIN-0023 FIN-0031 FIN-0007
FAC-0095,en/FAC-0095_ev-charging-policy_QuickReference.txt,EV Charging - Quick Reference,ev_charging,Facilities,FAC,Quick Reference,en,Head Office,HO,3.2,Active,2023-07-27,,FAC-0015 FAC-0023
LEG-0095,en/LEG-0095_trademark-and-logo-usage-policy_QuickReference.txt,Trademark and Logo Usage - Quick Reference,trademark_usage,Legal & Compliance,LEG,Quick Reference,en,Head Office,HO,3.3,Active,2024-07-05,,MKT-0023 MKT-0015 LEG-0071
HR-0096,ar/HR-0096_promotion-policy_QuickReference.txt,الترقية - مرجع سريع,promotion,Human Resources,HR,Quick Reference,ar,المكتب الرئيسي,HO,3.0,Active,2023-03-08,,HR-0088 HR-0104
IT-0096,ar/IT-0096_security-incident-reporting-policy_QuickReference.txt,الإبلاغ عن الحوادث الأمنية - مرجع سريع,security_incident,Information Technology,IT,Quick Reference,ar,المكتب الرئيسي,HO,3.0,Active,2025-05-25,,IT-0104 LEG-0008 IT-0016
FIN-0096,ar/FIN-0096_travel-cash-advance-policy_QuickReference.txt,السلفة النقدية للسفر - مرجع سريع,travel_advance,Finance,FIN,Quick Reference,ar,المكتب الرئيسي,HO,3.2,Active,2024-10-16,,FIN-0024 FIN-0032 FIN-0008
FAC-0096,ar/FAC-0096_ev-charging-policy_QuickReference.txt,شحن السيارات الكهربائية - مرجع سريع,ev_charging,Facilities,FAC,Quick Reference,ar,المكتب الرئيسي,HO,3.1,Active,2023-10-20,,FAC-0016 FAC-0024
LEG-0096,ar/LEG-0096_trademark-and-logo-usage-policy_QuickReference.txt,استخدام العلامة التجارية والشعار - مرجع سريع,trademark_usage,Legal & Compliance,LEG,Quick Reference,ar,المكتب الرئيسي,HO,3.4,Active,2024-10-12,,MKT-0024 MKT-0016 LEG-0072
HR-0097,en/HR-0097_salary-review-policy_Policy.txt,Salary Review Policy,salary_review,Human Resources,HR,Policy,en,Head Office,HO,3.3,Active,2023-01-24,,HR-0087 HR-0095
IT-0097,en/IT-0097_phishing-reporting-policy_Policy.txt,Phishing Reporting Policy,phishing_reporting,Information Technology,IT,Policy,en,Head Office,HO,3.4,Active,2024-05-03,,IT-0095 IT-0055
FIN-0097,en/FIN-0097_foreign-currency-expense-policy_Policy.txt,Foreign Currency Expense Policy,currency_exchange,Finance,FIN,Policy,en,Head Office,HO,3.3,Active,2025-06-19,,FIN-0007 FIN-0095 FIN-0015
FAC-0097,en/FAC-0097_smoking-policy_Policy.txt,Smoking Policy,smoking_policy,Facilities,FAC,Policy,en,Head Office,HO,3.3,Active,2024-02-08,,FAC-0039 FAC-0047
LEG-0097,en/LEG-0097_non-compete-and-non-solicit-policy_Policy.txt,Non-Compete and Non-Solicit Policy,non_compete,Legal & Compliance,LEG,Policy,en,Head Office,HO,3.1,Active,2024-09-13,,HR-0127 LEG-0015 LEG-0023
HR-0098,ar/HR-0098_salary-review-policy_Policy.txt,سياسة مراجعة الرواتب,salary_review,Human Resources,HR,Policy,ar,المكتب الرئيسي,HO,3.0,Active,2023-11-08,,HR-0088 HR-0096
IT-0098,ar/IT-0098_phishing-reporting-policy_Policy.txt,سياسة الإبلاغ عن التصيد,phishing_reporting,Information Technology,IT,Policy,ar,المكتب الرئيسي,HO,3.2,Active,2024-11-01,,IT-0096 IT-0056
FIN-0098,ar/FIN-0098_foreign-currency-expense-policy_Policy.txt,سياسة مصاريف العملات الأجنبية,currency_exchange,Finance,FIN,Policy,ar,المكتب الرئيسي,HO,3.2,Active,2023-10-07,,FIN-0008 FIN-0096 FIN-0016
FAC-0098,ar/FAC-0098_smoking-policy_Policy.txt,سياسة التدخين,smoking_policy,Facilities,FAC,Policy,ar,المكتب الرئيسي,HO,3.0,Active,2023-08-14,,FAC-0040 FAC-0048
LEG-0098,ar/LEG-0098_non-compete-and-non-solicit-policy_Policy.txt,سياسة عدم المنافسة وعدم الاستقطاب,non_compete,Legal & Compliance,LEG,Policy,ar,المكتب الرئيسي,HO,3.3,Active,2024-09-03,,HR-0128 LEG-0016 LEG-0024
HR-0099,en/HR-0099_salary-review-policy_Procedure.txt,Salary Review - Procedure,salary_review,Human Resources,HR,Procedure,en,Head Office,HO,3.1,Active,2023-03-10,,HR-0087 HR-0095
IT-0099,en/IT-0099_phishing-reporting-policy_Procedure.txt,Phishing Reporting - Procedure,phishing_reporting,Information Technology,IT,Procedure,en,Head Office,HO,3.3,Active,2023-08-03,,IT-0095 IT-0055
FIN-0099,en/FIN-0099_foreign-currency-expense-policy_Procedure.txt,Foreign Currency Expense - Procedure,currency_exchange,Finance,FIN,Procedure,en,Head Office,HO,3.1,Active,2025-03-22,,FIN-0007 FIN-0095 FIN-0015
FAC-0099,en/FAC-0099_smoking-policy_Procedure.txt,Smoking - Procedure,smoking_policy,Facilities,FAC,Procedure,en,Head Office,HO,3.3,Active,2023-02-18,,FAC-0039 FAC-0047
LEG-0099,en/LEG-0099_non-compete-and-non-solicit-policy_Procedure.txt,Non-Compete and Non-Solicit - Procedure,non_compete,Legal & Compliance,LEG,Procedure,en,Head Office,HO,3.0,Active,2024-07-18,,HR-0127 LEG-0015 LEG-0023
HR-0100,ar/HR-0100_salary-review-policy_Procedure.txt,مراجعة الرواتب - إجراء,salary_review,Human Resources,HR,Procedure,ar,المكتب الرئيسي,HO,3.3,Active,2024-12-04,,HR-0088 HR-0096
IT-0100,ar/IT-0100_phishing-reporting-policy_Procedure.txt,الإبلاغ عن التصيد - إجراء,phishing_reporting,Information Technology,IT,Procedure,ar,المكتب الرئيسي,HO,3.1,Active,2024-12-31,,IT-0096 IT-0056
FIN-0100,ar/FIN-0100_foreign-currency-expense-policy_Procedure.txt,مصاريف العملات الأجنبية - إجراء,currency_exchange,Finance,FIN,Procedure,ar,المكتب الرئيسي,HO,3.0,Active,2024-06-20,,FIN-0008 FIN-0096 FIN-0016
FAC-0100,ar/FAC-0100_smoking-policy_Procedure.txt,التدخين - إجراء,smoking_policy,Facilities,FAC,Procedure,ar,المكتب الرئيسي,HO,3.2,Active,2024-07-30,,FAC-0040 FAC-0048
LEG-0100,ar/LEG-0100_non-compete-and-non-solicit-policy_Procedure.txt,عدم المنافسة وعدم الاستقطاب - إجراء,non_compete,Legal & Compliance,LEG,Procedure,ar,المكتب الرئيسي,HO,3.4,Active,2023-11-09,,HR-0128 LEG-0016 LEG-0024
HR-0101,en/HR-0101_salary-review-policy_FAQ.txt,Salary Review - FAQ,salary_review,Human Resources,HR,FAQ,en,Head Office,HO,3.2,Active,2024-09-16,,HR-0087 HR-0095
IT-0101,en/IT-0101_phishing-reporting-policy_FAQ.txt,Phishing Reporting - FAQ,phishing_reporting,Information Technology,IT,FAQ,en,Head Office,HO,3.0,Active,2024-12-01,,IT-0095 IT-0055
FIN-0101,en/FIN-0101_foreign-currency-expense-policy_FAQ.txt,Foreign Currency Expense - FAQ,currency_exchange,Finance,FIN,FAQ,en,Head Office,HO,3.2,Active,2024-03-17,,FIN-0007 FIN-0095 FIN-0015
FAC-0101,en/FAC-0101_smoking-policy_FAQ.txt,Smoking - FAQ,smoking_policy,Facilities,FAC,FAQ,en,Head Office,HO,3.1,Active,2025-03-26,,FAC-0039 FAC-0047
LEG-0101,en/LEG-0101_non-compete-and-non-solicit-policy_FAQ.txt,Non-Compete and Non-Solicit - FAQ,non_compete,Legal & Compliance,LEG,FAQ,en,Head Office,HO,3.0,Active,2023-01-08,,HR-0127 LEG-0015 LEG-0023
HR-0102,ar/HR-0102_salary-review-policy_FAQ.txt,مراجعة الرواتب - أسئلة شائعة,salary_review,Human Resources,HR,FAQ,ar,المكتب الرئيسي,HO,3.3,Active,2023-10-04,,HR-0088 HR-0096
IT-0102,ar/IT-0102_phishing-reporting-policy_FAQ.txt,الإبلاغ عن التصيد - أسئلة شائعة,phishing_reporting,Information Technology,IT,FAQ,ar,المكتب الرئيسي,HO,3.1,Active,2024-05-14,,IT-0096 IT-0056
FIN-0102,ar/FIN-0102_foreign-currency-expense-policy_FAQ.txt,مصاريف العملات الأجنبية - أسئلة شائعة,currency_exchange,Finance,FIN,FAQ,ar,المكتب الرئيسي,HO,3.3,Active,2025-02-17,,FIN-0008 FIN-0096 FIN-0016
FAC-0102,ar/FAC-0102_smoking-policy_FAQ.txt,التدخين - أسئلة شائعة,smoking_policy,Facilities,FAC,FAQ,ar,المكتب الرئيسي,HO,3.0,Active,2024-04-24,,FAC-0040 FAC-0048
LEG-0102,ar/LEG-0102_non-compete-and-non-solicit-policy_FAQ.txt,عدم المنافسة وعدم الاستقطاب - أسئلة شائعة,non_compete,Legal & Compliance,LEG,FAQ,ar,المكتب الرئيسي,HO,3.1,Active,2025-02-09,,HR-0128 LEG-0016 LEG-0024
HR-0103,en/HR-0103_salary-review-policy_QuickReference.txt,Salary Review - Quick Reference,salary_review,Human Resources,HR,Quick Reference,en,Head Office,HO,3.4,Active,2023-08-11,,HR-0087 HR-0095
IT-0103,en/IT-0103_phishing-reporting-policy_QuickReference.txt,Phishing Reporting - Quick Reference,phishing_reporting,Information Technology,IT,Quick Reference,en,Head Office,HO,3.3,Active,2024-07-22,,IT-0095 IT-0055
FIN-0103,en/FIN-0103_foreign-currency-expense-policy_QuickReference.txt,Foreign Currency Expense - Quick Reference,currency_exchange,Finance,FIN,Quick Reference,en,Head Office,HO,3.1,Active,2023-04-04,,FIN-0007 FIN-0095 FIN-0015
FAC-0103,en/FAC-0103_smoking-policy_QuickReference.txt,Smoking - Quick Reference,smoking_policy,Facilities,FAC,Quick Reference,en,Head Office,HO,3.1,Active,2025-05-24,,FAC-0039 FAC-0047
LEG-0103,en/LEG-0103_non-compete-and-non-solicit-policy_QuickReference.txt,Non-Compete and Non-Solicit - Quick Reference,non_compete,Legal & Compliance,LEG,Quick Reference,en,Head Office,HO,3.4,Active,2023-07-20,,HR-0127 LEG-0015 LEG-0023
HR-0104,ar/HR-0104_salary-review-policy_QuickReference.txt,مراجعة الرواتب - مرجع سريع,salary_review,Human Resources,HR,Quick Reference,ar,المكتب الرئيسي,HO,3.3,Active,2024-12-04,,HR-0088 HR-0096
IT-0104,ar/IT-0104_phishing-reporting-policy_QuickReference.txt,الإبلاغ عن التصيد - مرجع سريع,phishing_reporting,Information Technology,IT,Quick Reference,ar,المكتب الرئيسي,HO,3.2,Active,2024-05-17,,IT-0096 IT-0056
FIN-0104,ar/FIN-0104_foreign-currency-expense-policy_QuickReference.txt,مصاريف العملات الأجنبية - مرجع سريع,currency_exchange,Finance,FIN,Quick Reference,ar,المكتب الرئيسي,HO,3.0,Active,2024-01-06,,FIN-0008 FIN-0096 FIN-0016
FAC-0104,ar/FAC-0104_smoking-policy_QuickReference.txt,التدخين - مرجع سريع,smoking_policy,Facilities,FAC,Quick Reference,ar,المكتب الرئيسي,HO,3.0,Active,2023-07-01,,FAC-0040 FAC-0048
LEG-0104,ar/LEG-0104_non-compete-and-non-solicit-policy_QuickReference.txt,عدم المنافسة وعدم الاستقطاب - مرجع سريع,non_compete,Legal & Compliance,LEG,Quick Reference,ar,المكتب الرئيسي,HO,3.4,Active,2024-11-02,,HR-0128 LEG-0016 LEG-0024
HR-0105,en/HR-0105_onboarding-policy_Policy.txt,Onboarding Policy,onboarding,Human Resources,HR,Policy,en,Head Office,HO,3.2,Active,2023-07-10,,HR-0079 HR-0143 IT-0023
IT-0105,en/IT-0105_encryption-policy_Policy.txt,Encryption Policy,encryption,Information Technology,IT,Policy,en,Head Office,HO,3.0,Active,2024-07-13,,IT-0063 LEG-0007
FIN-0105,en/FIN-0105_payroll-bank-account-change_Policy.txt,Payroll Bank Account Change,bank_account_change,Finance,FIN,Policy,en,Head Office,HO,3.1,Active,2023-07-11,,FIN-0071 FIN-0079
FAC-0105,en/FAC-0105_lost-and-found-policy_Policy.txt,Lost and Found Policy,lost_and_found,Facilities,FAC,Policy,en,Head Office,HO,3.0,Active,2024-12-23,,FAC-0023 FAC-0031
HR-0106,ar/HR-0106_onboarding-policy_Policy.txt,سياسة الإلحاق الوظيفي,onboarding,Human Resources,HR,Policy,ar,المكتب الرئيسي,HO,3.2,Active,2024-12-28,,HR-0080 HR-0144 IT-0024
IT-0106,ar/IT-0106_encryption-policy_Policy.txt,سياسة التشفير,encryption,Information Technology,IT,Policy,ar,المكتب الرئيسي,HO,3.2,Active,2024-03-22,,IT-0064 LEG-0008
FIN-0106,ar/FIN-0106_payroll-bank-account-change_Policy.txt,تغيير حساب استلام الراتب,bank_account_change,Finance,FIN,Policy,ar,المكتب الرئيسي,HO,3.3,Active,2024-06-27,,FIN-0072 FIN-0080
FAC-0106,ar/FAC-0106_lost-and-found-policy_Policy.txt,سياسة المفقودات,lost_and_found,Facilities,FAC,Policy,ar,المكتب الرئيسي,HO,3.2,Active,2024-02-12,,FAC-0024 FAC-0032
HR-0107,en/HR-0107_onboarding-policy_Procedure.txt,Onboarding - Procedure,onboarding,Human Resources,HR,Procedure,en,Head Office,HO,3.4,Active,2023-04-15,,HR-0079 HR-0143 IT-0023
IT-0107,en/IT-0107_encryption-policy_Procedure.txt,Encryption - Procedure,encryption,Information Technology,IT,Procedure,en,Head Office,HO,3.1,Active,2024-06-25,,IT-0063 LEG-0007
FIN-0107,en/FIN-0107_payroll-bank-account-change_Procedure.txt,Payroll Bank Account Change - Procedure,bank_account_change,Finance,FIN,Procedure,en,Head Office,HO,3.2,Active,2024-08-07,,FIN-0071 FIN-0079
FAC-0107,en/FAC-0107_lost-and-found-policy_Procedure.txt,Lost and Found - Procedure,lost_and_found,Facilities,FAC,Procedure,en,Head Office,HO,3.1,Active,2023-07-07,,FAC-0023 FAC-0031
HR-0108,ar/HR-0108_onboarding-policy_Procedure.txt,الإلحاق الوظيفي - إجراء,onboarding,Human Resources,HR,Procedure,ar,المكتب الرئيسي,HO,3.4,Active,2023-12-18,,HR-0080 HR-0144 IT-0024
IT-0108,ar/IT-0108_encryption-policy_Procedure.txt,التشفير - إجراء,encryption,Information Technology,IT,Procedure,ar,المكتب الرئيسي,HO,3.3,Active,2024-01-31,,IT-0064 LEG-0008
FIN-0108,ar/FIN-0108_payroll-bank-account-change_Procedure.txt,تغيير حساب استلام الراتب - إجراء,bank_account_change,Finance,FIN,Procedure,ar,المكتب الرئيسي,HO,3.3,Active,2023-01-31,,FIN-0072 FIN-0080
FAC-0108,ar/FAC-0108_lost-and-found-policy_Procedure.txt,المفقودات - إجراء,lost_and_found,Facilities,FAC,Procedure,ar,المكتب الرئيسي,HO,3.3,Active,2024-11-28,,FAC-0024 FAC-0032
HR-0109,en/HR-0109_onboarding-policy_FAQ.txt,Onboarding - FAQ,onboarding,Human Resources,HR,FAQ,en,Head Office,HO,3.4,Active,2023-04-26,,HR-0079 HR-0143 IT-0023
IT-0109,en/IT-0109_encryption-policy_FAQ.txt,Encryption - FAQ,encryption,Information Technology,IT,FAQ,en,Head Office,HO,3.4,Active,2023-11-14,,IT-0063 LEG-0007
FIN-0109,en/FIN-0109_payroll-bank-account-change_FAQ.txt,Payroll Bank Account Change - FAQ,bank_account_change,Finance,FIN,FAQ,en,Head Office,HO,3.2,Active,2024-08-23,,FIN-0071 FIN-0079
FAC-0109,en/FAC-0109_lost-and-found-policy_FAQ.txt,Lost and Found - FAQ,lost_and_found,Facilities,FAC,FAQ,en,Head Office,HO,3.2,Active,2023-02-23,,FAC-0023 FAC-0031
HR-0110,ar/HR-0110_onboarding-policy_FAQ.txt,الإلحاق الوظيفي - أسئلة شائعة,onboarding,Human Resources,HR,FAQ,ar,المكتب الرئيسي,HO,3.3,Active,2023-05-25,,HR-0080 HR-0144 IT-0024
IT-0110,ar/IT-0110_encryption-policy_FAQ.txt,التشفير - أسئلة شائعة,encryption,Information Technology,IT,FAQ,ar,المكتب الرئيسي,HO,3.4,Active,2023-09-01,,IT-0064 LEG-0008
FIN-0110,ar/FIN-0110_payroll-bank-account-change_FAQ.txt,تغيير حساب استلام الراتب - أسئلة شائعة,bank_account_change,Finance,FIN,FAQ,ar,المكتب الرئيسي,HO,3.2,Active,2024-02-21,,FIN-0072 FIN-0080
FAC-0110,ar/FAC-0110_lost-and-found-policy_FAQ.txt,المفقودات - أسئلة شائعة,lost_and_found,Facilities,FAC,FAQ,ar,المكتب الرئيسي,HO,3.4,Active,2023-08-04,,FAC-0024 FAC-0032
HR-0111,en/HR-0111_onboarding-policy_QuickReference.txt,Onboarding - Quick Reference,onboarding,Human Resources,HR,Quick Reference,en,Head Office,HO,3.2,Active,2024-08-28,,HR-0079 HR-0143 IT-0023
IT-0111,en/IT-0111_encryption-policy_QuickReference.txt,Encryption - Quick Reference,encryption,Information Technology,IT,Quick Reference,en,Head Office,HO,3.1,Active,2024-05-13,,IT-0063 LEG-0007
FIN-0111,en/FIN-0111_payroll-bank-account-change_QuickReference.txt,Payroll Bank Account Change - Quick Reference,bank_account_change,Finance,FIN,Quick Reference,en,Head Office,HO,3.1,Active,2023-11-09,,FIN-0071 FIN-0079
FAC-0111,en/FAC-0111_lost-and-found-policy_QuickReference.txt,Lost and Found - Quick Reference,lost_and_found,Facilities,FAC,Quick Reference,en,Head Office,HO,3.3,Active,2024-02-21,,FAC-0023 FAC-0031
HR-0112,ar/HR-0112_onboarding-policy_QuickReference.txt,الإلحاق الوظيفي - مرجع سريع,onboarding,Human Resources,HR,Quick Reference,ar,المكتب الرئيسي,HO,3.3,Active,2023-02-22,,HR-0080 HR-0144 IT-0024
IT-0112,ar/IT-0112_encryption-policy_QuickReference.txt,التشفير - مرجع سريع,encryption,Information Technology,IT,Quick Reference,ar,المكتب الرئيسي,HO,3.3,Active,2023-08-09,,IT-0064 LEG-0008
FIN-0112,ar/FIN-0112_payroll-bank-account-change_QuickReference.txt,تغيير حساب استلام الراتب - مرجع سريع,bank_account_change,Finance,FIN,Quick Reference,ar,المكتب الرئيسي,HO,3.3,Active,2023-05-26,,FIN-0072 FIN-0080
FAC-0112,ar/FAC-0112_lost-and-found-policy_QuickReference.txt,المفقودات - مرجع سريع,lost_and_found,Facilities,FAC,Quick Reference,ar,المكتب الرئيسي,HO,3.2,Active,2024-06-09,,FAC-0024 FAC-0032
HR-0113,en/HR-0113_offboarding-policy_Policy.txt,Offboarding Policy,offboarding,Human Resources,HR,Policy,en,Head Office,HO,3.3,Active,2023-09-21,,HR-0127 IT-0087 IT-0023
IT-0113,en/IT-0113_clear-desk-and-screen-policy_Policy.txt,Clear Desk and Screen Policy,clear_desk,Information Technology,IT,Policy,en,Head Office,HO,3.3,Active,2023-08-15,,IT-0127 LEG-0007
FIN-0113,en/FIN-0113_asset-capitalization-policy_Policy.txt,Asset Capitalization Policy,asset_capitalization,Finance,FIN,Policy,en,Head Office,HO,3.2,Active,2023-07-24,,FIN-0039 PRC-0031
HR-0114,ar/HR-0114_offboarding-policy_Policy.txt,سياسة إنهاء الخدمة,offboarding,Human Resources,HR,Policy,ar,المكتب الرئيسي,HO,3.4,Active,2025-06-06,,HR-0128 IT-0088 IT-0024
IT-0114,ar/IT-0114_clear-desk-and-screen-policy_Policy.txt,سياسة المكتب والشاشة النظيفين,clear_desk,Information Technology,IT,Policy,ar,المكتب الرئيسي,HO,3.1,Active,2024-05-21,,IT-0128 LEG-0008
FIN-0114,ar/FIN-0114_asset-capitalization-policy_Policy.txt,سياسة رسملة الأصول,asset_capitalization,Finance,FIN,Policy,ar,المكتب الرئيسي,HO,3.3,Active,2024-12-28,,FIN-0040 PRC-0032
HR-0115,en/HR-0115_offboarding-policy_Procedure.txt,Offboarding - Procedure,offboarding,Human Resources,HR,Procedure,en,Head Office,HO,3.0,Active,2023-05-19,,HR-0127 IT-0087 IT-0023
IT-0115,en/IT-0115_clear-desk-and-screen-policy_Procedure.txt,Clear Desk and Screen - Procedure,clear_desk,Information Technology,IT,Procedure,en,Head Office,HO,3.0,Active,2024-07-16,,IT-0127 LEG-0007
FIN-0115,en/FIN-0115_asset-capitalization-policy_Procedure.txt,Asset Capitalization - Procedure,asset_capitalization,Finance,FIN,Procedure,en,Head Office,HO,3.1,Active,2024-06-11,,FIN-0039 PRC-0031
HR-0116,ar/HR-0116_offboarding-policy_Procedure.txt,إنهاء الخدمة - إجراء,offboarding,Human Resources,HR,Procedure,ar,المكتب الرئيسي,HO,3.1,Active,2023-11-21,,HR-0128 IT-0088 IT-0024
IT-0116,ar/IT-0116_clear-desk-and-screen-policy_Procedure.txt,المكتب والشاشة النظيفين - إجراء,clear_desk,Information Technology,IT,Procedure,ar,المكتب الرئيسي,HO,3.1,Active,2025-02-04,,IT-0128 LEG-0008
FIN-0116,ar/FIN-0116_asset-capitalization-policy_Procedure.txt,رسملة الأصول - إجراء,asset_capitalization,Finance,FIN,Procedure,ar,المكتب الرئيسي,HO,3.0,Active,2023-08-09,,FIN-0040 PRC-0032
HR-0117,en/HR-0117_offboarding-policy_FAQ.txt,Offboarding - FAQ,offboarding,Human Resources,HR,FAQ,en,Head Office,HO,3.3,Active,2025-04-20,,HR-0127 IT-0087 IT-0023
IT-0117,en/IT-0117_clear-desk-and-screen-policy_FAQ.txt,Clear Desk and Screen - FAQ,clear_desk,Information Technology,IT,FAQ,en,Head Office,HO,3.4,Active,2023-05-17,,IT-0127 LEG-0007
FIN-0117,en/FIN-0117_asset-capitalization-policy_FAQ.txt,Asset Capitalization - FAQ,asset_capitalization,Finance,FIN,FAQ,en,Head Office,HO,3.1,Active,2023-07-09,,FIN-0039 PRC-0031
HR-0118,ar/HR-0118_offboarding-policy_FAQ.txt,إنهاء الخدمة - أسئلة شائعة,offboarding,Human Resources,HR,FAQ,ar,المكتب الرئيسي,HO,3.1,Active,2025-06-10,,HR-0128 IT-0088 IT-0024
IT-0118,ar/IT-0118_clear-desk-and-screen-policy_FAQ.txt,المكتب والشاشة النظيفين - أسئلة شائعة,clear_desk,Information Technology,IT,FAQ,ar,المكتب الرئيسي,HO,3.2,Active,2025-05-27,,IT-0128 LEG-0008
FIN-0118,ar/FIN-0118_asset-capitalization-policy_FAQ.txt,رسملة الأصول - أسئلة شائعة,asset_capitalization,Finance,FIN,FAQ,ar,المكتب الرئيسي,HO,3.1,Active,2023-02-21,,FIN-0040 PRC-0032
HR-0119,en/HR-0119_offboarding-policy_QuickReference.txt,Offboarding - Quick Reference,offboarding,Human Resources,HR,Quick Reference,en,Head Office,HO,3.3,Active,2023-06-15,,HR-0127 IT-0087 IT-0023
IT-0119,en/IT-0119_clear-desk-and-screen-policy_QuickReference.txt,Clear Desk and Screen - Quick Reference,clear_desk,Information Technology,IT,Quick Reference,en,Head Office,HO,3.1,Active,2023-04-21,,IT-0127 LEG-0007
FIN-0119,en/FIN-0119_asset-capitalization-policy_QuickReference.txt,Asset Capitalization - Quick Reference,asset_capitalization,Finance,FIN,Quick Reference,en,Head Office,HO,3.0,Active,2023-04-14,,FIN-0039 PRC-0031
HR-0120,ar/HR-0120_offboarding-policy_QuickReference.txt,إنهاء الخدمة - مرجع سريع,offboarding,Human Resources,HR,Quick Reference,ar,المكتب الرئيسي,HO,3.2,Active,2025-05-25,,HR-0128 IT-0088 IT-0024
IT-0120,ar/IT-0120_clear-desk-and-screen-policy_QuickReference.txt,المكتب والشاشة النظيفين - مرجع سريع,clear_desk,Information Technology,IT,Quick Reference,ar,المكتب الرئيسي,HO,3.3,Active,2024-11-16,,IT-0128 LEG-0008
FIN-0120,ar/FIN-0120_asset-capitalization-policy_QuickReference.txt,رسملة الأصول - مرجع سريع,asset_capitalization,Finance,FIN,Quick Reference,ar,المكتب الرئيسي,HO,3.2,Active,2023-04-25,,FIN-0040 PRC-0032
HR-0121,en/HR-0121_resignation-and-notice-policy_Policy.txt,Resignation and Notice Policy,resignation_notice,Human Resources,HR,Policy,en,Head Office,HO,3.1,Active,2025-02-20,,HR-0119 HR-0135
IT-0121,en/IT-0121_printing-policy_Policy.txt,Printing Policy,printing,Information Technology,IT,Policy,en,Head Office,HO,3.4,Active,2023-12-13,,IT-0119
HR-0122,ar/HR-0122_resignation-and-notice-policy_Policy.txt,سياسة الاستقالة ومدة الإشعار,resignation_notice,Human Resources,HR,Policy,ar,المكتب الرئيسي,HO,3.0,Active,2025-03-31,,HR-0120 HR-0136
IT-0122,ar/IT-0122_printing-policy_Policy.txt,سياسة الطباعة,printing,Information Technology,IT,Policy,ar,المكتب الرئيسي,HO,3.4,Active,2023-04-01,,IT-0120
HR-0123,en/HR-0123_resignation-and-notice-policy_Procedure.txt,Resignation and Notice - Procedure,resignation_notice,Human Resources,HR,Procedure,en,Head Office,HO,3.3,Active,2023-08-21,,HR-0119 HR-0135
IT-0123,en/IT-0123_printing-policy_Procedure.txt,Printing - Procedure,printing,Information Technology,IT,Procedure,en,Head Office,HO,3.4,Active,2024-07-09,,IT-0119
HR-0124,ar/HR-0124_resignation-and-notice-policy_Procedure.txt,الاستقالة ومدة الإشعار - إجراء,resignation_notice,Human Resources,HR,Procedure,ar,المكتب الرئيسي,HO,3.2,Active,2023-12-08,,HR-0120 HR-0136
IT-0124,ar/IT-0124_printing-policy_Procedure.txt,الطباعة - إجراء,printing,Information Technology,IT,Procedure,ar,المكتب الرئيسي,HO,3.4,Active,2023-08-17,,IT-0120
HR-0125,en/HR-0125_resignation-and-notice-policy_FAQ.txt,Resignation and Notice - FAQ,resignation_notice,Human Resources,HR,FAQ,en,Head Office,HO,3.4,Active,2024-06-05,,HR-0119 HR-0135
IT-0125,en/IT-0125_printing-policy_FAQ.txt,Printing - FAQ,printing,Information Technology,IT,FAQ,en,Head Office,HO,3.4,Active,2024-05-21,,IT-0119
HR-0126,ar/HR-0126_resignation-and-notice-policy_FAQ.txt,الاستقالة ومدة الإشعار - أسئلة شائعة,resignation_notice,Human Resources,HR,FAQ,ar,المكتب الرئيسي,HO,3.4,Active,2023-10-29,,HR-0120 HR-0136
IT-0126,ar/IT-0126_printing-policy_FAQ.txt,الطباعة - أسئلة شائعة,printing,Information Technology,IT,FAQ,ar,المكتب الرئيسي,HO,3.3,Active,2024-10-23,,IT-0120
HR-0127,en/HR-0127_resignation-and-notice-policy_QuickReference.txt,Resignation and Notice - Quick Reference,resignation_notice,Human Resources,HR,Quick Reference,en,Head Office,HO,3.4,Active,2023-08-23,,HR-0119 HR-0135
IT-0127,en/IT-0127_printing-policy_QuickReference.txt,Printing - Quick Reference,printing,Information Technology,IT,Quick Reference,en,Head Office,HO,3.4,Active,2024-10-19,,IT-0119
HR-0128,ar/HR-0128_resignation-and-notice-policy_QuickReference.txt,الاستقالة ومدة الإشعار - مرجع سريع,resignation_notice,Human Resources,HR,Quick Reference,ar,المكتب الرئيسي,HO,3.4,Active,2023-01-08,,HR-0120 HR-0136
IT-0128,ar/IT-0128_printing-policy_QuickReference.txt,الطباعة - مرجع سريع,printing,Information Technology,IT,Quick Reference,ar,المكتب الرئيسي,HO,3.2,Active,2023-05-05,,IT-0120
HR-0129,en/HR-0129_employment-references-policy_Policy.txt,Employment References Policy,references,Human Resources,HR,Policy,en,Head Office,HO,3.1,Active,2023-05-30,,HR-0119 LEG-0015
IT-0129,en/IT-0129_it-support-service-levels_Policy.txt,IT Support Service Levels,help_desk_sla,Information Technology,IT,Policy,en,Head Office,HO,3.0,Active,2023-09-12,,IT-0023 IT-0079
HR-0130,ar/HR-0130_employment-references-policy_Policy.txt,سياسة توصيات التوظيف,references,Human Resources,HR,Policy,ar,المكتب الرئيسي,HO,3.3,Active,2024-11-12,,HR-0120 LEG-0016
IT-0130,ar/IT-0130_it-support-service-levels_Policy.txt,مستويات خدمة الدعم التقني,help_desk_sla,Information Technology,IT,Policy,ar,المكتب الرئيسي,HO,3.0,Active,2024-10-21,,IT-0024 IT-0080
HR-0131,en/HR-0131_employment-references-policy_Procedure.txt,Employment References - Procedure,references,Human Resources,HR,Procedure,en,Head Office,HO,3.2,Active,2025-02-06,,HR-0119 LEG-0015
IT-0131,en/IT-0131_it-support-service-levels_Procedure.txt,IT Support Service Levels - Procedure,help_desk_sla,Information Technology,IT,Procedure,en,Head Office,HO,3.4,Active,2023-11-19,,IT-0023 IT-0079
HR-0132,ar/HR-0132_employment-references-policy_Procedure.txt,توصيات التوظيف - إجراء,references,Human Resources,HR,Procedure,ar,المكتب الرئيسي,HO,3.1,Active,2023-09-22,,HR-0120 LEG-0016
IT-0132,ar/IT-0132_it-support-service-levels_Procedure.txt,مستويات خدمة الدعم التقني - إجراء,help_desk_sla,Information Technology,IT,Procedure,ar,المكتب الرئيسي,HO,3.1,Active,2025-03-24,,IT-0024 IT-0080
HR-0133,en/HR-0133_employment-references-policy_FAQ.txt,Employment References - FAQ,references,Human Resources,HR,FAQ,en,Head Office,HO,3.4,Active,2025-06-07,,HR-0119 LEG-0015
IT-0133,en/IT-0133_it-support-service-levels_FAQ.txt,IT Support Service Levels - FAQ,help_desk_sla,Information Technology,IT,FAQ,en,Head Office,HO,3.3,Active,2023-12-16,,IT-0023 IT-0079
HR-0134,ar/HR-0134_employment-references-policy_FAQ.txt,توصيات التوظيف - أسئلة شائعة,references,Human Resources,HR,FAQ,ar,المكتب الرئيسي,HO,3.4,Active,2024-08-03,,HR-0120 LEG-0016
IT-0134,ar/IT-0134_it-support-service-levels_FAQ.txt,مستويات خدمة الدعم التقني - أسئلة شائعة,help_desk_sla,Information Technology,IT,FAQ,ar,المكتب الرئيسي,HO,3.0,Active,2024-01-12,,IT-0024 IT-0080
HR-0135,en/HR-0135_employment-references-policy_QuickReference.txt,Employment References - Quick Reference,references,Human Resources,HR,Quick Reference,en,Head Office,HO,3.3,Active,2024-02-03,,HR-0119 LEG-0015
IT-0135,en/IT-0135_it-support-service-levels_QuickReference.txt,IT Support Service Levels - Quick Reference,help_desk_sla,Information Technology,IT,Quick Reference,en,Head Office,HO,3.0,Active,2023-10-15,,IT-0023 IT-0079
HR-0136,ar/HR-0136_employment-references-policy_QuickReference.txt,توصيات التوظيف - مرجع سريع,references,Human Resources,HR,Quick Reference,ar,المكتب الرئيسي,HO,3.2,Active,2023-04-21,,HR-0120 LEG-0016
IT-0136,ar/IT-0136_it-support-service-levels_QuickReference.txt,مستويات خدمة الدعم التقني - مرجع سريع,help_desk_sla,Information Technology,IT,Quick Reference,ar,المكتب الرئيسي,HO,3.2,Active,2023-03-10,,IT-0024 IT-0080
HR-0137,en/HR-0137_code-of-conduct_Policy.txt,Code of Conduct,code_of_conduct,Human Resources,HR,Policy,en,Head Office,HO,3.0,Active,2024-09-14,,HR-0151 LEG-0023 LEG-0063
IT-0137,en/IT-0137_mobile-device-management-policy_Policy.txt,Mobile Device Management Policy,mobile_device_management,Information Technology,IT,Policy,en,Head Office,HO,3.2,Active,2024-04-20,,IT-0055 IT-0039 IT-0095
HR-0138,ar/HR-0138_code-of-conduct_Policy.txt,مدونة السلوك,code_of_conduct,Human Resources,HR,Policy,ar,المكتب الرئيسي,HO,3.0,Active,2023-12-09,,HR-0152 LEG-0024 LEG-0064
IT-0138,ar/IT-0138_mobile-device-management-policy_Policy.txt,سياسة إدارة الأجهزة المحمولة,mobile_device_management,Information Technology,IT,Policy,ar,المكتب الرئيسي,HO,3.4,Active,2023-11-11,,IT-0056 IT-0040 IT-0096
HR-0139,en/HR-0139_code-of-conduct_Procedure.txt,Code of Conduct - Procedure,code_of_conduct,Human Resources,HR,Procedure,en,Head Office,HO,3.4,Active,2025-01-01,,HR-0151 LEG-0023 LEG-0063
IT-0139,en/IT-0139_mobile-device-management-policy_Procedure.txt,Mobile Device Management - Procedure,mobile_device_management,Information Technology,IT,Procedure,en,Head Office,HO,3.2,Active,2023-04-17,,IT-0055 IT-0039 IT-0095
HR-0140,ar/HR-0140_code-of-conduct_Procedure.txt,مدونة السلوك - إجراء,code_of_conduct,Human Resources,HR,Procedure,ar,المكتب الرئيسي,HO,3.0,Active,2024-05-26,,HR-0152 LEG-0024 LEG-0064
IT-0140,ar/IT-0140_mobile-device-management-policy_Procedure.txt,إدارة الأجهزة المحمولة - إجراء,mobile_device_management,Information Technology,IT,Procedure,ar,المكتب الرئيسي,HO,3.3,Active,2024-10-25,,IT-0056 IT-0040 IT-0096
HR-0141,en/HR-0141_code-of-conduct_FAQ.txt,Code of Conduct - FAQ,code_of_conduct,Human Resources,HR,FAQ,en,Head Office,HO,3.1,Active,2024-08-08,,HR-0151 LEG-0023 LEG-0063
IT-0141,en/IT-0141_mobile-device-management-policy_FAQ.txt,Mobile Device Management - FAQ,mobile_device_management,Information Technology,IT,FAQ,en,Head Office,HO,3.1,Active,2024-12-19,,IT-0055 IT-0039 IT-0095
HR-0142,ar/HR-0142_code-of-conduct_FAQ.txt,مدونة السلوك - أسئلة شائعة,code_of_conduct,Human Resources,HR,FAQ,ar,المكتب الرئيسي,HO,3.1,Active,2024-01-20,,HR-0152 LEG-0024 LEG-0064
IT-0142,ar/IT-0142_mobile-device-management-policy_FAQ.txt,إدارة الأجهزة المحمولة - أسئلة شائعة,mobile_device_management,Information Technology,IT,FAQ,ar,المكتب الرئيسي,HO,3.1,Active,2023-01-10,,IT-0056 IT-0040 IT-0096
HR-0143,en/HR-0143_code-of-conduct_QuickReference.txt,Code of Conduct - Quick Reference,code_of_conduct,Human Resources,HR,Quick Reference,en,Head Office,HO,3.3,Active,2024-03-13,,HR-0151 LEG-0023 LEG-0063
IT-0143,en/IT-0143_mobile-device-management-policy_QuickReference.txt,Mobile Device Management - Quick Reference,mobile_device_management,Information Technology,IT,Quick Reference,en,Head Office,HO,3.4,Active,2024-11-03,,IT-0055 IT-0039 IT-0095
HR-0144,ar/HR-0144_code-of-conduct_QuickReference.txt,مدونة السلوك - مرجع سريع,code_of_conduct,Human Resources,HR,Quick Reference,ar,المكتب الرئيسي,HO,3.1,Active,2024-03-29,,HR-0152 LEG-0024 LEG-0064
IT-0144,ar/IT-0144_mobile-device-management-policy_QuickReference.txt,إدارة الأجهزة المحمولة - مرجع سريع,mobile_device_management,Information Technology,IT,Quick Reference,ar,المكتب الرئيسي,HO,3.1,Active,2024-01-24,,IT-0056 IT-0040 IT-0096
HR-0145,en/HR-0145_anti-harassment-policy_Policy.txt,Anti-Harassment Policy,anti_harassment,Human Resources,HR,Policy,en,Head Office,HO,3.3,Active,2023-05-14,,HR-0143 HR-0159 LEG-0039
IT-0145,en/IT-0145_generative-ai-usage-policy_Policy.txt,Generative AI Usage Policy,ai_usage,Information Technology,IT,Policy,en,Head Office,HO,3.4,Active,2024-10-29,,LEG-0007 IT-0031 LEG-0015
HR-0146,ar/HR-0146_anti-harassment-policy_Policy.txt,سياسة مكافحة التحرش,anti_harassment,Human Resources,HR,Policy,ar,المكتب الرئيسي,HO,3.2,Active,2024-01-05,,HR-0144 HR-0160 LEG-0040
IT-0146,ar/IT-0146_generative-ai-usage-policy_Policy.txt,سياسة استخدام الذكاء الاصطناعي التوليدي,ai_usage,Information Technology,IT,Policy,ar,المكتب الرئيسي,HO,3.4,Active,2023-01-14,,LEG-0008 IT-0032 LEG-0016
HR-0147,en/HR-0147_anti-harassment-policy_Procedure.txt,Anti-Harassment - Procedure,anti_harassment,Human Resources,HR,Procedure,en,Head Office,HO,3.1,Active,2023-09-19,,HR-0143 HR-0159 LEG-0039
IT-0147,en/IT-0147_generative-ai-usage-policy_Procedure.txt,Generative AI Usage - Procedure,ai_usage,Information Technology,IT,Procedure,en,Head Office,HO,3.3,Active,2024-10-28,,LEG-0007 IT-0031 LEG-0015
HR-0148,ar/HR-0148_anti-harassment-policy_Procedure.txt,مكافحة التحرش - إجراء,anti_harassment,Human Resources,HR,Procedure,ar,المكتب الرئيسي,HO,3.2,Active,2025-05-11,,HR-0144 HR-0160 LEG-0040
IT-0148,ar/IT-0148_generative-ai-usage-policy_Procedure.txt,استخدام الذكاء الاصطناعي التوليدي - إجراء,ai_usage,Information Technology,IT,Procedure,ar,المكتب الرئيسي,HO,3.4,Active,2024-12-25,,LEG-0008 IT-0032 LEG-0016
HR-0149,en/HR-0149_anti-harassment-policy_FAQ.txt,Anti-Harassment - FAQ,anti_harassment,Human Resources,HR,FAQ,en,Head Office,HO,3.1,Active,2023-12-06,,HR-0143 HR-0159 LEG-0039
IT-0149,en/IT-0149_generative-ai-usage-policy_FAQ.txt,Generative AI Usage - FAQ,ai_usage,Information Technology,IT,FAQ,en,Head Office,HO,3.3,Active,2024-05-04,,LEG-0007 IT-0031 LEG-0015
HR-0150,ar/HR-0150_anti-harassment-policy_FAQ.txt,مكافحة التحرش - أسئلة شائعة,anti_harassment,Human Resources,HR,FAQ,ar,المكتب الرئيسي,HO,3.4,Active,2023-07-10,,HR-0144 HR-0160 LEG-0040
IT-0150,ar/IT-0150_generative-ai-usage-policy_FAQ.txt,استخدام الذكاء الاصطناعي التوليدي - أسئلة شائعة,ai_usage,Information Technology,IT,FAQ,ar,المكتب الرئيسي,HO,3.2,Active,2025-02-23,,LEG-0008 IT-0032 LEG-0016
HR-0151,en/HR-0151_anti-harassment-policy_QuickReference.txt,Anti-Harassment - Quick Reference,anti_harassment,Human Resources,HR,Quick Reference,en,Head Office,HO,3.0,Active,2024-08-14,,HR-0143 HR-0159 LEG-0039
IT-0151,en/IT-0151_generative-ai-usage-policy_QuickReference.txt,Generative AI Usage - Quick Reference,ai_usage,Information Technology,IT,Quick Reference,en,Head Office,HO,3.1,Active,2023-09-03,,LEG-0007 IT-0031 LEG-0015
HR-0152,ar/HR-0152_anti-harassment-policy_QuickReference.txt,مكافحة التحرش - مرجع سريع,anti_harassment,Human Resources,HR,Quick Reference,ar,المكتب الرئيسي,HO,3.2,Active,2023-08-20,,HR-0144 HR-0160 LEG-0040
IT-0152,ar/IT-0152_generative-ai-usage-policy_QuickReference.txt,استخدام الذكاء الاصطناعي التوليدي - مرجع سريع,ai_usage,Information Technology,IT,Quick Reference,ar,المكتب الرئيسي,HO,3.4,Active,2023-07-23,,LEG-0008 IT-0032 LEG-0016
HR-0153,en/HR-0153_grievance-policy_Policy.txt,Grievance Policy,grievance,Human Resources,HR,Policy,en,Head Office,HO,3.3,Active,2024-04-08,,HR-0151 HR-0143
IT-0153,en/IT-0153_removable-media-policy_Policy.txt,Removable Media Policy,usb_removable_media,Information Technology,IT,Policy,en,Head Office,HO,3.0,Active,2024-03-10,,IT-0063 IT-0111 IT-0095
HR-0154,ar/HR-0154_grievance-policy_Policy.txt,سياسة التظلمات,grievance,Human Resources,HR,Policy,ar,المكتب الرئيسي,HO,3.3,Active,2024-10-06,,HR-0152 HR-0144
IT-0154,ar/IT-0154_removable-media-policy_Policy.txt,سياسة وسائط التخزين القابلة للإزالة,usb_removable_media,Information Technology,IT,Policy,ar,المكتب الرئيسي,HO,3.4,Active,2024-01-18,,IT-0064 IT-0112 IT-0096
HR-0155,en/HR-0155_grievance-policy_Procedure.txt,Grievance - Procedure,grievance,Human Resources,HR,Procedure,en,Head Office,HO,3.0,Active,2023-02-24,,HR-0151 HR-0143
IT-0155,en/IT-0155_removable-media-policy_Procedure.txt,Removable Media - Procedure,usb_removable_media,Information Technology,IT,Procedure,en,Head Office,HO,3.1,Active,2023-02-08,,IT-0063 IT-0111 IT-0095
HR-0156,ar/HR-0156_grievance-policy_Procedure.txt,التظلمات - إجراء,grievance,Human Resources,HR,Procedure,ar,المكتب الرئيسي,HO,3.3,Active,2025-01-10,,HR-0152 HR-0144
IT-0156,ar/IT-0156_removable-media-policy_Procedure.txt,وسائط التخزين القابلة للإزالة - إجراء,usb_removable_media,Information Technology,IT,Procedure,ar,المكتب الرئيسي,HO,3.3,Active,2023-05-06,,IT-0064 IT-0112 IT-0096
HR-0157,en/HR-0157_grievance-policy_FAQ.txt,Grievance - FAQ,grievance,Human Resources,HR,FAQ,en,Head Office,HO,3.1,Active,2025-03-14,,HR-0151 HR-0143
IT-0157,en/IT-0157_removable-media-policy_FAQ.txt,Removable Media - FAQ,usb_removable_media,Information Technology,IT,FAQ,en,Head Office,HO,3.3,Active,2025-03-08,,IT-0063 IT-0111 IT-0095
HR-0158,ar/HR-0158_grievance-policy_FAQ.txt,التظلمات - أسئلة شائعة,grievance,Human Resources,HR,FAQ,ar,المكتب الرئيسي,HO,3.1,Active,2023-05-07,,HR-0152 HR-0144
IT-0158,ar/IT-0158_removable-media-policy_FAQ.txt,وسائط التخزين القابلة للإزالة - أسئلة شائعة,usb_removable_media,Information Technology,IT,FAQ,ar,المكتب الرئيسي,HO,3.4,Active,2023-12-23,,IT-0064 IT-0112 IT-0096
HR-0159,en/HR-0159_grievance-policy_QuickReference.txt,Grievance - Quick Reference,grievance,Human Resources,HR,Quick Reference,en,Head Office,HO,3.3,Active,2024-11-04,,HR-0151 HR-0143
IT-0159,en/IT-0159_removable-media-policy_QuickReference.txt,Removable Media - Quick Reference,usb_removable_media,Information Technology,IT,Quick Reference,en,Head Office,HO,3.1,Active,2024-10-10,,IT-0063 IT-0111 IT-0095
HR-0160,ar/HR-0160_grievance-policy_QuickReference.txt,التظلمات - مرجع سريع,grievance,Human Resources,HR,Quick Reference,ar,المكتب الرئيسي,HO,3.0,Active,2023-02-02,,HR-0152 HR-0144
IT-0160,ar/IT-0160_removable-media-policy_QuickReference.txt,وسائط التخزين القابلة للإزالة - مرجع سريع,usb_removable_media,Information Technology,IT,Quick Reference,ar,المكتب الرئيسي,HO,3.0,Active,2023-11-20,,IT-0064 IT-0112 IT-0096
HR-0161,en/HR-0161_dress-code-policy_Policy.txt,Dress Code Policy,dress_code,Human Resources,HR,Policy,en,Head Office,HO,3.4,Active,2023-06-23,,FAC-0031
IT-0161,en/IT-0161_guest-wi-fi-policy_Policy.txt,Guest Wi-Fi Policy,guest_wifi,Information Technology,IT,Policy,en,Head Office,HO,3.3,Active,2023-08-20,,FAC-0031 IT-0047
HR-0162,ar/HR-0162_dress-code-policy_Policy.txt,سياسة الزي في العمل,dress_code,Human Resources,HR,Policy,ar,المكتب الرئيسي,HO,3.3,Active,2024-04-25,,FAC-0032
IT-0162,ar/IT-0162_guest-wi-fi-policy_Policy.txt,سياسة شبكة الضيوف اللاسلكية,guest_wifi,Information Technology,IT,Policy,ar,المكتب الرئيسي,HO,3.0,Active,2024-09-03,,FAC-0032 IT-0048
HR-0163,en/HR-0163_dress-code-policy_Procedure.txt,Dress Code - Procedure,dress_code,Human Resources,HR,Procedure,en,Head Office,HO,3.4,Active,2024-03-02,,FAC-0031
IT-0163,en/IT-0163_guest-wi-fi-policy_Procedure.txt,Guest Wi-Fi - Procedure,guest_wifi,Information Technology,IT,Procedure,en,Head Office,HO,3.3,Active,2024-08-11,,FAC-0031 IT-0047
HR-0164,ar/HR-0164_dress-code-policy_Procedure.txt,الزي في العمل - إجراء,dress_code,Human Resources,HR,Procedure,ar,المكتب الرئيسي,HO,3.1,Active,2024-10-19,,FAC-0032
IT-0164,ar/IT-0164_guest-wi-fi-policy_Procedure.txt,شبكة الضيوف اللاسلكية - إجراء,guest_wifi,Information Technology,IT,Procedure,ar,المكتب الرئيسي,HO,3.3,Active,2024-04-25,,FAC-0032 IT-0048
HR-0165,en/HR-0165_dress-code-policy_FAQ.txt,Dress Code - FAQ,dress_code,Human Resources,HR,FAQ,en,Head Office,HO,3.4,Active,2024-01-27,,FAC-0031
IT-0165,en/IT-0165_guest-wi-fi-policy_FAQ.txt,Guest Wi-Fi - FAQ,guest_wifi,Information Technology,IT,FAQ,en,Head Office,HO,3.0,Active,2023-07-18,,FAC-0031 IT-0047
HR-0166,ar/HR-0166_dress-code-policy_FAQ.txt,الزي في العمل - أسئلة شائعة,dress_code,Human Resources,HR,FAQ,ar,المكتب الرئيسي,HO,3.3,Active,2024-03-13,,FAC-0032
IT-0166,ar/IT-0166_guest-wi-fi-policy_FAQ.txt,شبكة الضيوف اللاسلكية - أسئلة شائعة,guest_wifi,Information Technology,IT,FAQ,ar,المكتب الرئيسي,HO,3.3,Active,2023-06-07,,FAC-0032 IT-0048
HR-0167,en/HR-0167_dress-code-policy_QuickReference.txt,Dress Code - Quick Reference,dress_code,Human Resources,HR,Quick Reference,en,Head Office,HO,3.2,Active,2023-02-15,,FAC-0031
IT-0167,en/IT-0167_guest-wi-fi-policy_QuickReference.txt,Guest Wi-Fi - Quick Reference,guest_wifi,Information Technology,IT,Quick Reference,en,Head Office,HO,3.2,Active,2024-01-16,,FAC-0031 IT-0047
HR-0168,ar/HR-0168_dress-code-policy_QuickReference.txt,الزي في العمل - مرجع سريع,dress_code,Human Resources,HR,Quick Reference,ar,المكتب الرئيسي,HO,3.2,Active,2023-07-06,,FAC-0032
IT-0168,ar/IT-0168_guest-wi-fi-policy_QuickReference.txt,شبكة الضيوف اللاسلكية - مرجع سريع,guest_wifi,Information Technology,IT,Quick Reference,ar,المكتب الرئيسي,HO,3.2,Active,2023-11-05,,FAC-0032 IT-0048
HR-0169,en/HR-0169_training-and-development-policy_Policy.txt,Training and Development Policy,training_development,Human Resources,HR,Policy,en,Head Office,HO,3.2,Active,2024-08-28,,HR-0087
IT-0169,en/IT-0169_password-self-service-reset_Policy.txt,Password Self-Service Reset,password_reset_self_service,Information Technology,IT,Policy,en,Head Office,HO,3.1,Active,2025-01-13,,IT-0007 IT-0135
HR-0170,ar/HR-0170_training-and-development-policy_Policy.txt,سياسة التدريب والتطوير,training_development,Human Resources,HR,Policy,ar,المكتب الرئيسي,HO,3.0,Active,2024-08-26,,HR-0088
IT-0170,ar/IT-0170_password-self-service-reset_Policy.txt,إعادة تعيين كلمة المرور الذاتية,password_reset_self_service,Information Technology,IT,Policy,ar,المكتب الرئيسي,HO,3.2,Active,2023-02-23,,IT-0008 IT-0136
HR-0171,en/HR-0171_training-and-development-policy_Procedure.txt,Training and Development - Procedure,training_development,Human Resources,HR,Procedure,en,Head Office,HO,3.1,Active,2023-03-03,,HR-0087
IT-0171,en/IT-0171_password-self-service-reset_Procedure.txt,Password Self-Service Reset - Procedure,password_reset_self_service,Information Technology,IT,Procedure,en,Head Office,HO,3.4,Active,2025-05-16,,IT-0007 IT-0135
HR-0172,ar/HR-0172_training-and-development-policy_Procedure.txt,التدريب والتطوير - إجراء,training_development,Human Resources,HR,Procedure,ar,المكتب الرئيسي,HO,3.4,Active,2024-04-22,,HR-0088
IT-0172,ar/IT-0172_password-self-service-reset_Procedure.txt,إعادة تعيين كلمة المرور الذاتية - إجراء,password_reset_self_service,Information Technology,IT,Procedure,ar,المكتب الرئيسي,HO,3.0,Active,2024-03-19,,IT-0008 IT-0136
HR-0173,en/HR-0173_training-and-development-policy_FAQ.txt,Training and Development - FAQ,training_development,Human Resources,HR,FAQ,en,Head Office,HO,3.3,Active,2023-06-16,,HR-0087
IT-0173,en/IT-0173_password-self-service-reset_FAQ.txt,Password Self-Service Reset - FAQ,password_reset_self_service,Information Technology,IT,FAQ,en,Head Office,HO,3.0,Active,2024-05-24,,IT-0007 IT-0135
HR-0174,ar/HR-0174_training-and-development-policy_FAQ.txt,التدريب والتطوير - أسئلة شائعة,training_development,Human Resources,HR,FAQ,ar,المكتب الرئيسي,HO,3.0,Active,2023-05-14,,HR-0088
IT-0174,ar/IT-0174_password-self-service-reset_FAQ.txt,إعادة تعيين كلمة المرور الذاتية - أسئلة شائعة,password_reset_self_service,Information Technology,IT,FAQ,ar,المكتب الرئيسي,HO,3.3,Active,2024-11-23,,IT-0008 IT-0136
HR-0175,en/HR-0175_training-and-development-policy_QuickReference.txt,Training and Development - Quick Reference,training_development,Human Resources,HR,Quick Reference,en,Head Office,HO,3.0,Active,2024-12-04,,HR-0087
IT-0175,en/IT-0175_password-self-service-reset_QuickReference.txt,Password Self-Service Reset - Quick Reference,password_reset_self_service,Information Technology,IT,Quick Reference,en,Head Office,HO,3.2,Active,2023-02-06,,IT-0007 IT-0135
HR-0176,ar/HR-0176_training-and-development-policy_QuickReference.txt,التدريب والتطوير - مرجع سريع,training_development,Human Resources,HR,Quick Reference,ar,المكتب الرئيسي,HO,3.0,Active,2023-02-21,,HR-0088
IT-0176,ar/IT-0176_password-self-service-reset_QuickReference.txt,إعادة تعيين كلمة المرور الذاتية - مرجع سريع,password_reset_self_service,Information Technology,IT,Quick Reference,ar,المكتب الرئيسي,HO,3.0,Active,2023-04-03,,IT-0008 IT-0136
HR-0177,en/HR-0177_secondment-policy_Policy.txt,Secondment Policy,secondment,Human Resources,HR,Policy,en,Head Office,HO,3.4,Active,2024-07-15,,HR-0191 HR-0095
HR-0178,ar/HR-0178_secondment-policy_Policy.txt,سياسة الإعارة الداخلية,secondment,Human Resources,HR,Policy,ar,المكتب الرئيسي,HO,3.1,Active,2024-06-23,,HR-0192 HR-0096
HR-0179,en/HR-0179_secondment-policy_Procedure.txt,Secondment - Procedure,secondment,Human Resources,HR,Procedure,en,Head Office,HO,3.3,Active,2024-08-06,,HR-0191 HR-0095
HR-0180,ar/HR-0180_secondment-policy_Procedure.txt,الإعارة الداخلية - إجراء,secondment,Human Resources,HR,Procedure,ar,المكتب الرئيسي,HO,3.2,Active,2023-01-08,,HR-0192 HR-0096
HR-0181,en/HR-0181_secondment-policy_FAQ.txt,Secondment - FAQ,secondment,Human Resources,HR,FAQ,en,Head Office,HO,3.3,Active,2024-05-04,,HR-0191 HR-0095
HR-0182,ar/HR-0182_secondment-policy_FAQ.txt,الإعارة الداخلية - أسئلة شائعة,secondment,Human Resources,HR,FAQ,ar,المكتب الرئيسي,HO,3.0,Active,2025-01-29,,HR-0192 HR-0096
HR-0183,en/HR-0183_secondment-policy_QuickReference.txt,Secondment - Quick Reference,secondment,Human Resources,HR,Quick Reference,en,Head Office,HO,3.4,Active,2023-11-25,,HR-0191 HR-0095
HR-0184,ar/HR-0184_secondment-policy_QuickReference.txt,الإعارة الداخلية - مرجع سريع,secondment,Human Resources,HR,Quick Reference,ar,المكتب الرئيسي,HO,3.0,Active,2024-08-25,,HR-0192 HR-0096
HR-0185,en/HR-0185_relocation-support-policy_Policy.txt,Relocation Support Policy,relocation,Human Resources,HR,Policy,en,Head Office,HO,3.4,Active,2023-06-19,,HR-0183 HR-0023
HR-0186,ar/HR-0186_relocation-support-policy_Policy.txt,سياسة دعم الانتقال,relocation,Human Resources,HR,Policy,ar,المكتب الرئيسي,HO,3.1,Active,2023-01-22,,HR-0184 HR-0024
HR-0187,en/HR-0187_relocation-support-policy_Procedure.txt,Relocation Support - Procedure,relocation,Human Resources,HR,Procedure,en,Head Office,HO,3.3,Active,2023-01-12,,HR-0183 HR-0023
HR-0188,ar/HR-0188_relocation-support-policy_Procedure.txt,دعم الانتقال - إجراء,relocation,Human Resources,HR,Procedure,ar,المكتب الرئيسي,HO,3.0,Active,2023-11-23,,HR-0184 HR-0024
HR-0189,en/HR-0189_relocation-support-policy_FAQ.txt,Relocation Support - FAQ,relocation,Human Resources,HR,FAQ,en,Head Office,HO,3.3,Active,2023-01-03,,HR-0183 HR-0023
HR-0190,ar/HR-0190_relocation-support-policy_FAQ.txt,دعم الانتقال - أسئلة شائعة,relocation,Human Resources,HR,FAQ,ar,المكتب الرئيسي,HO,3.4,Active,2024-05-30,,HR-0184 HR-0024
HR-0191,en/HR-0191_relocation-support-policy_QuickReference.txt,Relocation Support - Quick Reference,relocation,Human Resources,HR,Quick Reference,en,Head Office,HO,3.4,Active,2023-06-21,,HR-0183 HR-0023
HR-0192,ar/HR-0192_relocation-support-policy_QuickReference.txt,دعم الانتقال - مرجع سريع,relocation,Human Resources,HR,Quick Reference,ar,المكتب الرئيسي,HO,3.4,Active,2024-05-11,,HR-0184 HR-0024
HR-0193,en/HR-0193_public-holidays-policy_Policy.txt,Public Holidays Policy,public_holidays,Human Resources,HR,Policy,en,Head Office,HO,3.1,Active,2025-05-31,,HR-0007 HR-0071
HR-0194,ar/HR-0194_public-holidays-policy_Policy.txt,سياسة العطلات الرسمية,public_holidays,Human Resources,HR,Policy,ar,المكتب الرئيسي,HO,3.3,Active,2023-08-19,,HR-0008 HR-0072
HR-0195,en/HR-0195_public-holidays-policy_Procedure.txt,Public Holidays - Procedure,public_holidays,Human Resources,HR,Procedure,en,Head Office,HO,3.2,Active,2023-05-03,,HR-0007 HR-0071
HR-0196,ar/HR-0196_public-holidays-policy_Procedure.txt,العطلات الرسمية - إجراء,public_holidays,Human Resources,HR,Procedure,ar,المكتب الرئيسي,HO,3.2,Active,2023-11-09,,HR-0008 HR-0072
HR-0197,en/HR-0197_public-holidays-policy_FAQ.txt,Public Holidays - FAQ,public_holidays,Human Resources,HR,FAQ,en,Head Office,HO,3.1,Active,2024-05-10,,HR-0007 HR-0071
HR-0198,ar/HR-0198_public-holidays-policy_FAQ.txt,العطلات الرسمية - أسئلة شائعة,public_holidays,Human Resources,HR,FAQ,ar,المكتب الرئيسي,HO,3.3,Active,2024-11-28,,HR-0008 HR-0072
HR-0199,en/HR-0199_public-holidays-policy_QuickReference.txt,Public Holidays - Quick Reference,public_holidays,Human Resources,HR,Quick Reference,en,Head Office,HO,3.3,Active,2025-03-23,,HR-0007 HR-0071
HR-0200,ar/HR-0200_public-holidays-policy_QuickReference.txt,العطلات الرسمية - مرجع سريع,public_holidays,Human Resources,HR,Quick Reference,ar,المكتب الرئيسي,HO,3.2,Active,2023-07-18,,HR-0008 HR-0072
HR-0201,en/HR-0201_employee-referral-program_Policy.txt,Employee Referral Program,employee_referral,Human Resources,HR,Policy,en,Head Office,HO,3.4,Active,2024-04-21,,HR-0111 HR-0143
HR-0202,ar/HR-0202_employee-referral-program_Policy.txt,برنامج ترشيح الموظفين,employee_referral,Human Resources,HR,Policy,ar,المكتب الرئيسي,HO,3.3,Active,2024-05-09,,HR-0112 HR-0144
HR-0203,en/HR-0203_employee-referral-program_Procedure.txt,Employee Referral Program - Procedure,employee_referral,Human Resources,HR,Procedure,en,Head Office,HO,3.3,Active,2023-03-10,,HR-0111 HR-0143
HR-0204,ar/HR-0204_employee-referral-program_Procedure.txt,برنامج ترشيح الموظفين - إجراء,employee_referral,Human Resources,HR,Procedure,ar,المكتب الرئيسي,HO,3.2,Active,2024-06-25,,HR-0112 HR-0144
HR-0205,en/HR-0205_employee-referral-program_FAQ.txt,Employee Referral Program - FAQ,employee_referral,Human Resources,HR,FAQ,en,Head Office,HO,3.0,Active,2024-05-24,,HR-0111 HR-0143
HR-0206,ar/HR-0206_employee-referral-program_FAQ.txt,برنامج ترشيح الموظفين - أسئلة شائعة,employee_referral,Human Resources,HR,FAQ,ar,المكتب الرئيسي,HO,3.4,Active,2024-10-18,,HR-0112 HR-0144
HR-0207,en/HR-0207_employee-referral-program_QuickReference.txt,Employee Referral Program - Quick Reference,employee_referral,Human Resources,HR,Quick Reference,en,Head Office,HO,3.2,Active,2025-03-23,,HR-0111 HR-0143
HR-0208,ar/HR-0208_employee-referral-program_QuickReference.txt,برنامج ترشيح الموظفين - مرجع سريع,employee_referral,Human Resources,HR,Quick Reference,ar,المكتب الرئيسي,HO,3.2,Active,2023-04-07,,HR-0112 HR-0144
HR-0209,en/HR-0209_sabbatical-leave-policy_Policy.txt,Sabbatical Leave Policy,sabbatical_leave,Human Resources,HR,Policy,en,Head Office,HO,3.1,Active,2023-04-15,,HR-0007 HR-0039 HR-0127
HR-0210,ar/HR-0210_sabbatical-leave-policy_Policy.txt,سياسة الإجازة التفرغية,sabbatical_leave,Human Resources,HR,Policy,ar,المكتب الرئيسي,HO,3.2,Active,2024-07-30,,HR-0008 HR-0040 HR-0128
HR-0211,en/HR-0211_sabbatical-leave-policy_Procedure.txt,Sabbatical Leave - Procedure,sabbatical_leave,Human Resources,HR,Procedure,en,Head Office,HO,3.2,Active,2025-04-18,,HR-0007 HR-0039 HR-0127
HR-0212,ar/HR-0212_sabbatical-leave-policy_Procedure.txt,الإجازة التفرغية - إجراء,sabbatical_leave,Human Resources,HR,Procedure,ar,المكتب الرئيسي,HO,3.3,Active,2023-02-12,,HR-0008 HR-0040 HR-0128
HR-0213,en/HR-0213_sabbatical-leave-policy_FAQ.txt,Sabbatical Leave - FAQ,sabbatical_leave,Human Resources,HR,FAQ,en,Head Office,HO,3.4,Active,2025-06-08,,HR-0007 HR-0039 HR-0127
HR-0214,ar/HR-0214_sabbatical-leave-policy_FAQ.txt,الإجازة التفرغية - أسئلة شائعة,sabbatical_leave,Human Resources,HR,FAQ,ar,المكتب الرئيسي,HO,3.2,Active,2023-09-27,,HR-0008 HR-0040 HR-0128
HR-0215,en/HR-0215_sabbatical-leave-policy_QuickReference.txt,Sabbatical Leave - Quick Reference,sabbatical_leave,Human Resources,HR,Quick Reference,en,Head Office,HO,3.2,Active,2024-01-10,,HR-0007 HR-0039 HR-0127
HR-0216,ar/HR-0216_sabbatical-leave-policy_QuickReference.txt,الإجازة التفرغية - مرجع سريع,sabbatical_leave,Human Resources,HR,Quick Reference,ar,المكتب الرئيسي,HO,3.4,Active,2025-03-15,,HR-0008 HR-0040 HR-0128
HR-0217,en/HR-0217_health-insurance-policy_Policy.txt,Health Insurance Policy,health_insurance,Human Resources,HR,Policy,en,Head Office,HO,3.0,Active,2024-04-15,,HR-0111 FIN-0071
HR-0218,ar/HR-0218_health-insurance-policy_Policy.txt,سياسة التأمين الصحي,health_insurance,Human Resources,HR,Policy,ar,المكتب الرئيسي,HO,3.4,Active,2023-01-07,,HR-0112 FIN-0072
HR-0219,en/HR-0219_health-insurance-policy_Procedure.txt,Health Insurance - Procedure,health_insurance,Human Resources,HR,Procedure,en,Head Office,HO,3.1,Active,2024-07-15,,HR-0111 FIN-0071
HR-0220,ar/HR-0220_health-insurance-policy_Procedure.txt,التأمين الصحي - إجراء,health_insurance,Human Resources,HR,Procedure,ar,المكتب الرئيسي,HO,3.1,Active,2025-03-28,,HR-0112 FIN-0072
HR-0221,en/HR-0221_health-insurance-policy_FAQ.txt,Health Insurance - FAQ,health_insurance,Human Resources,HR,FAQ,en,Head Office,HO,3.1,Active,2024-02-27,,HR-0111 FIN-0071
HR-0222,ar/HR-0222_health-insurance-policy_FAQ.txt,التأمين الصحي - أسئلة شائعة,health_insurance,Human Resources,HR,FAQ,ar,المكتب الرئيسي,HO,3.2,Active,2024-09-22,,HR-0112 FIN-0072
HR-0223,en/HR-0223_health-insurance-policy_QuickReference.txt,Health Insurance - Quick Reference,health_insurance,Human Resources,HR,Quick Reference,en,Head Office,HO,3.2,Active,2024-06-24,,HR-0111 FIN-0071
HR-0224,ar/HR-0224_health-insurance-policy_QuickReference.txt,التأمين الصحي - مرجع سريع,health_insurance,Human Resources,HR,Quick Reference,ar,المكتب الرئيسي,HO,3.4,Active,2023-02-08,,HR-0112 FIN-0072
HR-0225,en/HR-0225_tuition-reimbursement-policy_Policy.txt,Tuition Reimbursement Policy,tuition_reimbursement,Human Resources,HR,Policy,en,Head Office,HO,3.1,Active,2023-03-22,,HR-0175 HR-0127
HR-0226,ar/HR-0226_tuition-reimbursement-policy_Policy.txt,سياسة سداد الرسوم الدراسية,tuition_reimbursement,Human Resources,HR,Policy,ar,المكتب الرئيسي,HO,3.0,Active,2023-08-01,,HR-0176 HR-0128
HR-0227,en/HR-0227_tuition-reimbursement-policy_Procedure.txt,Tuition Reimbursement - Procedure,tuition_reimbursement,Human Resources,HR,Procedure,en,Head Office,HO,3.0,Active,2024-07-29,,HR-0175 HR-0127
HR-0228,ar/HR-0228_tuition-reimbursement-policy_Procedure.txt,سداد الرسوم الدراسية - إجراء,tuition_reimbursement,Human Resources,HR,Procedure,ar,المكتب الرئيسي,HO,3.0,Active,2023-07-09,,HR-0176 HR-0128
HR-0229,en/HR-0229_tuition-reimbursement-policy_FAQ.txt,Tuition Reimbursement - FAQ,tuition_reimbursement,Human Resources,HR,FAQ,en,Head Office,HO,3.2,Active,2023-11-02,,HR-0175 HR-0127
HR-0230,ar/HR-0230_tuition-reimbursement-policy_FAQ.txt,سداد الرسوم الدراسية - أسئلة شائعة,tuition_reimbursement,Human Resources,HR,FAQ,ar,المكتب الرئيسي,HO,3.3,Active,2023-12-08,,HR-0176 HR-0128
HR-0231,en/HR-0231_tuition-reimbursement-policy_QuickReference.txt,Tuition Reimbursement - Quick Reference,tuition_reimbursement,Human Resources,HR,Quick Reference,en,Head Office,HO,3.4,Active,2024-03-22,,HR-0175 HR-0127
HR-0232,ar/HR-0232_tuition-reimbursement-policy_QuickReference.txt,سداد الرسوم الدراسية - مرجع سريع,tuition_reimbursement,Human Resources,HR,Quick Reference,ar,المكتب الرئيسي,HO,3.1,Active,2024-09-16,,HR-0176 HR-0128
HR-0233,en/HR-0233_company-car-policy_Policy.txt,Company Car Policy,company_car,Human Resources,HR,Policy,en,Head Office,HO,3.3,Active,2023-11-25,,FIN-0007 FIN-0015
HR-0234,ar/HR-0234_company-car-policy_Policy.txt,سياسة سيارة الشركة,company_car,Human Resources,HR,Policy,ar,المكتب الرئيسي,HO,3.0,Active,2025-05-10,,FIN-0008 FIN-0016
HR-0235,en/HR-0235_company-car-policy_Procedure.txt,Company Car - Procedure,company_car,Human Resources,HR,Procedure,en,Head Office,HO,3.1,Active,2024-07-18,,FIN-0007 FIN-0015
HR-0236,ar/HR-0236_company-car-policy_Procedure.txt,سيارة الشركة - إجراء,company_car,Human Resources,HR,Procedure,ar,المكتب الرئيسي,HO,3.1,Active,2025-01-03,,FIN-0008 FIN-0016
HR-0237,en/HR-0237_company-car-policy_FAQ.txt,Company Car - FAQ,company_car,Human Resources,HR,FAQ,en,Head Office,HO,3.3,Active,2024-09-21,,FIN-0007 FIN-0015
HR-0238,ar/HR-0238_company-car-policy_FAQ.txt,سيارة الشركة - أسئلة شائعة,company_car,Human Resources,HR,FAQ,ar,المكتب الرئيسي,HO,3.0,Active,2024-09-07,,FIN-0008 FIN-0016
HR-0239,en/HR-0239_company-car-policy_QuickReference.txt,Company Car - Quick Reference,company_car,Human Resources,HR,Quick Reference,en,Head Office,HO,3.0,Active,2023-06-23,,FIN-0007 FIN-0015
HR-0240,ar/HR-0240_company-car-policy_QuickReference.txt,سيارة الشركة - مرجع سريع,company_car,Human Resources,HR,Quick Reference,ar,المكتب الرئيسي,HO,3.3,Active,2025-05-27,,FIN-0008 FIN-0016
HR-0241,en/HR-0241_employee-assistance-program_Policy.txt,Employee Assistance Program,employee_assistance_program,Human Resources,HR,Policy,en,Head Office,HO,3.0,Active,2024-05-24,,HR-0223 HR-0151
HR-0242,ar/HR-0242_employee-assistance-program_Policy.txt,برنامج مساعدة الموظفين,employee_assistance_program,Human Resources,HR,Policy,ar,المكتب الرئيسي,HO,3.4,Active,2024-01-25,,HR-0224 HR-0152
HR-0243,en/HR-0243_employee-assistance-program_Procedure.txt,Employee Assistance Program - Procedure,employee_assistance_program,Human Resources,HR,Procedure,en,Head Office,HO,3.4,Active,2023-05-02,,HR-0223 HR-0151
HR-0244,ar/HR-0244_employee-assistance-program_Procedure.txt,برنامج مساعدة الموظفين - إجراء,employee_assistance_program,Human Resources,HR,Procedure,ar,المكتب الرئيسي,HO,3.3,Active,2025-03-10,,HR-0224 HR-0152
HR-0245,en/HR-0245_employee-assistance-program_FAQ.txt,Employee Assistance Program - FAQ,employee_assistance_program,Human Resources,HR,FAQ,en,Head Office,HO,3.0,Active,2024-05-13,,HR-0223 HR-0151
HR-0246,ar/HR-0246_employee-assistance-program_FAQ.txt,برنامج مساعدة الموظفين - أسئلة شائعة,employee_assistance_program,Human Resources,HR,FAQ,ar,المكتب الرئيسي,HO,3.4,Active,2025-02-09,,HR-0224 HR-0152
HR-0247,en/HR-0247_employee-assistance-program_QuickReference.txt,Employee Assistance Program - Quick Reference,employee_assistance_program,Human Resources,HR,Quick Reference,en,Head Office,HO,3.1,Active,2023-10-11,,HR-0223 HR-0151
HR-0248,ar/HR-0248_employee-assistance-program_QuickReference.txt,برنامج مساعدة الموظفين - مرجع سريع,employee_assistance_program,Human Resources,HR,Quick Reference,ar,المكتب الرئيسي,HO,3.2,Active,2024-05-19,,HR-0224 HR-0152
HR-0249,en/HR-0249_jury-duty-and-civic-leave_Policy.txt,Jury Duty and Civic Leave,jury_duty_leave,Human Resources,HR,Policy,en,Head Office,HO,3.4,Active,2025-02-19,,HR-0007 HR-0039
HR-0250,ar/HR-0250_jury-duty-and-civic-leave_Policy.txt,إجازة الواجب المدني,jury_duty_leave,Human Resources,HR,Policy,ar,المكتب الرئيسي,HO,3.4,Active,2023-01-03,,HR-0008 HR-0040
HR-0251,en/HR-0251_jury-duty-and-civic-leave_Procedure.txt,Jury Duty and Civic Leave - Procedure,jury_duty_leave,Human Resources,HR,Procedure,en,Head Office,HO,3.2,Active,2024-03-31,,HR-0007 HR-0039
HR-0252,ar/HR-0252_jury-duty-and-civic-leave_Procedure.txt,إجازة الواجب المدني - إجراء,jury_duty_leave,Human Resources,HR,Procedure,ar,المكتب الرئيسي,HO,3.1,Active,2023-05-21,,HR-0008 HR-0040
HR-0253,en/HR-0253_jury-duty-and-civic-leave_FAQ.txt,Jury Duty and Civic Leave - FAQ,jury_duty_leave,Human Resources,HR,FAQ,en,Head Office,HO,3.3,Active,2024-02-20,,HR-0007 HR-0039
HR-0254,ar/HR-0254_jury-duty-and-civic-leave_FAQ.txt,إجازة الواجب المدني - أسئلة شائعة,jury_duty_leave,Human Resources,HR,FAQ,ar,المكتب الرئيسي,HO,3.2,Active,2025-04-17,,HR-0008 HR-0040
HR-0255,en/HR-0255_jury-duty-and-civic-leave_QuickReference.txt,Jury Duty and Civic Leave - Quick Reference,jury_duty_leave,Human Resources,HR,Quick Reference,en,Head Office,HO,3.1,Active,2025-03-07,,HR-0007 HR-0039
HR-0256,ar/HR-0256_jury-duty-and-civic-leave_QuickReference.txt,إجازة الواجب المدني - مرجع سريع,jury_duty_leave,Human Resources,HR,Quick Reference,ar,المكتب الرئيسي,HO,3.3,Active,2023-04-27,,HR-0008 HR-0040
HR-0257,en/HR-0257_annual-leave-policy_Policy.txt,Annual Leave Policy (Riyadh Office),annual_leave,Human Resources,HR,Policy,en,Riyadh Office,RUH,2.4,Active,2024-12-13,,HR-0015 HR-0023 HR-0039
IT-0177,en/IT-0177_password-policy_Policy.txt,Password Policy (Riyadh Office),password_policy,Information Technology,IT,Policy,en,Riyadh Office,RUH,2.2,Active,2024-03-15,,IT-0015 IT-0023 IT-0095
FIN-0121,en/FIN-0121_expense-reimbursement-policy_Policy.txt,Expense Reimbursement Policy (Riyadh Office),expense_reimbursement,Finance,FIN,Policy,en,Riyadh Office,RUH,2.2,Active,2024-04-17,,FIN-0015 FIN-0023 FIN-0031
FAC-0113,en/FAC-0113_meeting-room-booking-policy_Policy.txt,Meeting Room Booking Policy (Riyadh Office),meeting_room_booking,Facilities,FAC,Policy,en,Riyadh Office,RUH,2.4,Active,2025-01-21,,FAC-0031 FAC-0015
HR-0258,ar/HR-0258_annual-leave-policy_Policy.txt,سياسة الإجازة السنوية (مكتب الرياض),annual_leave,Human Resources,HR,Policy,ar,مكتب الرياض,RUH,2.1,Active,2023-10-29,,HR-0016 HR-0024 HR-0040
IT-0178,ar/IT-0178_password-policy_Policy.txt,سياسة كلمات المرور (مكتب الرياض),password_policy,Information Technology,IT,Policy,ar,مكتب الرياض,RUH,2.1,Active,2025-02-16,,IT-0016 IT-0024 IT-0096
FIN-0122,ar/FIN-0122_expense-reimbursement-policy_Policy.txt,سياسة استرداد المصروفات (مكتب الرياض),expense_reimbursement,Finance,FIN,Policy,ar,مكتب الرياض,RUH,2.0,Active,2023-11-02,,FIN-0016 FIN-0024 FIN-0032
FAC-0114,ar/FAC-0114_meeting-room-booking-policy_Policy.txt,سياسة حجز قاعات الاجتماعات (مكتب الرياض),meeting_room_booking,Facilities,FAC,Policy,ar,مكتب الرياض,RUH,2.4,Active,2023-08-26,,FAC-0032 FAC-0016
HR-0259,en/HR-0259_annual-leave-policy_QuickReference.txt,Annual Leave - Quick Reference (Riyadh Office),annual_leave,Human Resources,HR,Quick Reference,en,Riyadh Office,RUH,2.1,Active,2024-12-01,,HR-0015 HR-0023 HR-0039
IT-0179,en/IT-0179_password-policy_QuickReference.txt,Password - Quick Reference (Riyadh Office),password_policy,Information Technology,IT,Quick Reference,en,Riyadh Office,RUH,2.4,Active,2023-07-06,,IT-0015 IT-0023 IT-0095
FIN-0123,en/FIN-0123_expense-reimbursement-policy_QuickReference.txt,Expense Reimbursement - Quick Reference (Riyadh Office),expense_reimbursement,Finance,FIN,Quick Reference,en,Riyadh Office,RUH,2.2,Active,2023-08-14,,FIN-0015 FIN-0023 FIN-0031
FAC-0115,en/FAC-0115_meeting-room-booking-policy_QuickReference.txt,Meeting Room Booking - Quick Reference (Riyadh Office),meeting_room_booking,Facilities,FAC,Quick Reference,en,Riyadh Office,RUH,2.2,Active,2024-09-03,,FAC-0031 FAC-0015
HR-0260,ar/HR-0260_annual-leave-policy_QuickReference.txt,الإجازة السنوية - مرجع سريع (مكتب الرياض),annual_leave,Human Resources,HR,Quick Reference,ar,مكتب الرياض,RUH,2.1,Active,2023-03-20,,HR-0016 HR-0024 HR-0040
IT-0180,ar/IT-0180_password-policy_QuickReference.txt,كلمات المرور - مرجع سريع (مكتب الرياض),password_policy,Information Technology,IT,Quick Reference,ar,مكتب الرياض,RUH,2.2,Active,2025-04-05,,IT-0016 IT-0024 IT-0096
FIN-0124,ar/FIN-0124_expense-reimbursement-policy_QuickReference.txt,استرداد المصروفات - مرجع سريع (مكتب الرياض),expense_reimbursement,Finance,FIN,Quick Reference,ar,مكتب الرياض,RUH,1.2,Superseded,2024-01-18,FIN-0008,FIN-0016 FIN-0024 FIN-0032
FAC-0116,ar/FAC-0116_meeting-room-booking-policy_QuickReference.txt,حجز قاعات الاجتماعات - مرجع سريع (مكتب الرياض),meeting_room_booking,Facilities,FAC,Quick Reference,ar,مكتب الرياض,RUH,2.2,Active,2025-01-09,,FAC-0032 FAC-0016
HR-0261,en/HR-0261_annual-leave-policy_Procedure.txt,Annual Leave - Procedure (Riyadh Office),annual_leave,Human Resources,HR,Procedure,en,Riyadh Office,RUH,2.4,Active,2023-06-29,,HR-0015 HR-0023 HR-0039
IT-0181,en/IT-0181_password-policy_Procedure.txt,Password - Procedure (Riyadh Office),password_policy,Information Technology,IT,Procedure,en,Riyadh Office,RUH,2.2,Active,2024-06-27,,IT-0015 IT-0023 IT-0095
FIN-0125,en/FIN-0125_expense-reimbursement-policy_Procedure.txt,Expense Reimbursement - Procedure (Riyadh Office),expense_reimbursement,Finance,FIN,Procedure,en,Riyadh Office,RUH,2.2,Active,2023-08-26,,FIN-0015 FIN-0023 FIN-0031
FAC-0117,en/FAC-0117_meeting-room-booking-policy_Procedure.txt,Meeting Room Booking - Procedure (Riyadh Office),meeting_room_booking,Facilities,FAC,Procedure,en,Riyadh Office,RUH,2.2,Active,2024-06-12,,FAC-0031 FAC-0015
HR-0262,ar/HR-0262_annual-leave-policy_Procedure.txt,الإجازة السنوية - إجراء (مكتب الرياض),annual_leave,Human Resources,HR,Procedure,ar,مكتب الرياض,RUH,2.0,Active,2024-04-29,,HR-0016 HR-0024 HR-0040
IT-0182,ar/IT-0182_password-policy_Procedure.txt,كلمات المرور - إجراء (مكتب الرياض),password_policy,Information Technology,IT,Procedure,ar,مكتب الرياض,RUH,1.2,Superseded,2023-11-09,IT-0004,IT-0016 IT-0024 IT-0096
FIN-0126,ar/FIN-0126_expense-reimbursement-policy_Procedure.txt,استرداد المصروفات - إجراء (مكتب الرياض),expense_reimbursement,Finance,FIN,Procedure,ar,مكتب الرياض,RUH,2.4,Active,2025-03-24,,FIN-0016 FIN-0024 FIN-0032
FAC-0118,ar/FAC-0118_meeting-room-booking-policy_Procedure.txt,حجز قاعات الاجتماعات - إجراء (مكتب الرياض),meeting_room_booking,Facilities,FAC,Procedure,ar,مكتب الرياض,RUH,2.2,Active,2025-01-29,,FAC-0032 FAC-0016
HR-0263,en/HR-0263_sick-leave-policy_Policy.txt,Sick Leave Policy (Riyadh Office),sick_leave,Human Resources,HR,Policy,en,Riyadh Office,RUH,2.0,Active,2024-09-01,,HR-0007 HR-0039 FAC-0063
IT-0183,en/IT-0183_multi-factor-authentication-policy_Policy.txt,Multi-Factor Authentication Policy (Riyadh Office),mfa,Information Technology,IT,Policy,en,Riyadh Office,RUH,2.4,Active,2024-07-26,,IT-0007 IT-0047
FIN-0127,en/FIN-0127_petty-cash-policy_Policy.txt,Petty Cash Policy (Riyadh Office),petty_cash,Finance,FIN,Policy,en,Riyadh Office,RUH,2.2,Active,2023-05-24,,FIN-0007
FAC-0119,en/FAC-0119_parking-policy_Policy.txt,Parking Policy (Riyadh Office),parking,Facilities,FAC,Policy,en,Riyadh Office,RUH,2.0,Active,2024-07-26,,FAC-0023
HR-0264,ar/HR-0264_sick-leave-policy_Policy.txt,سياسة الإجازة المرضية (مكتب الرياض),sick_leave,Human Resources,HR,Policy,ar,مكتب الرياض,RUH,1.6,Superseded,2024-01-27,HR-0010,HR-0008 HR-0040 FAC-0064
IT-0184,ar/IT-0184_multi-factor-authentication-policy_Policy.txt,سياسة المصادقة متعددة العوامل (مكتب الرياض),mfa,Information Technology,IT,Policy,ar,مكتب الرياض,RUH,2.1,Active,2023-09-05,,IT-0008 IT-0048
FIN-0128,ar/FIN-0128_petty-cash-policy_Policy.txt,سياسة المصروفات النثرية (مكتب الرياض),petty_cash,Finance,FIN,Policy,ar,مكتب الرياض,RUH,1.6,Superseded,2024-01-23,FIN-0058,FIN-0008
FAC-0120,ar/FAC-0120_parking-policy_Policy.txt,سياسة مواقف السيارات (مكتب الرياض),parking,Facilities,FAC,Policy,ar,مكتب الرياض,RUH,2.2,Active,2023-11-27,,FAC-0024
HR-0265,en/HR-0265_sick-leave-policy_QuickReference.txt,Sick Leave - Quick Reference (Riyadh Office),sick_leave,Human Resources,HR,Quick Reference,en,Riyadh Office,RUH,2.0,Active,2023-06-09,,HR-0007 HR-0039 FAC-0063
IT-0185,en/IT-0185_multi-factor-authentication-policy_QuickReference.txt,Multi-Factor Authentication - Quick Reference (Riyadh Office),mfa,Information Technology,IT,Quick Reference,en,Riyadh Office,RUH,2.1,Active,2023-10-19,,IT-0007 IT-0047
FIN-0129,en/FIN-0129_petty-cash-policy_QuickReference.txt,Petty Cash - Quick Reference (Riyadh Office),petty_cash,Finance,FIN,Quick Reference,en,Riyadh Office,RUH,2.2,Active,2024-10-06,,FIN-0007
FAC-0121,en/FAC-0121_parking-policy_QuickReference.txt,Parking - Quick Reference (Riyadh Office),parking,Facilities,FAC,Quick Reference,en,Riyadh Office,RUH,2.4,Active,2025-05-12,,FAC-0023
HR-0266,ar/HR-0266_sick-leave-policy_QuickReference.txt,الإجازة المرضية - مرجع سريع (مكتب الرياض),sick_leave,Human Resources,HR,Quick Reference,ar,مكتب الرياض,RUH,1.3,Superseded,2023-09-30,HR-0016,HR-0008 HR-0040 FAC-0064
IT-0186,ar/IT-0186_multi-factor-authentication-policy_QuickReference.txt,المصادقة متعددة العوامل - مرجع سريع (مكتب الرياض),mfa,Information Technology,IT,Quick Reference,ar,مكتب الرياض,RUH,2.0,Active,2023-10-10,,IT-0008 IT-0048
FIN-0130,ar/FIN-0130_petty-cash-policy_QuickReference.txt,المصروفات النثرية - مرجع سريع (مكتب الرياض),petty_cash,Finance,FIN,Quick Reference,ar,مكتب الرياض,RUH,2.3,Active,2024-09-24,,FIN-0008
FAC-0122,ar/FAC-0122_parking-policy_QuickReference.txt,مواقف السيارات - مرجع سريع (مكتب الرياض),parking,Facilities,FAC,Quick Reference,ar,مكتب الرياض,RUH,2.0,Active,2024-02-29,,FAC-0024
HR-0267,en/HR-0267_sick-leave-policy_Procedure.txt,Sick Leave - Procedure (Riyadh Office),sick_leave,Human Resources,HR,Procedure,en,Riyadh Office,RUH,2.1,Active,2024-06-18,,HR-0007 HR-0039 FAC-0063
IT-0187,en/IT-0187_multi-factor-authentication-policy_Procedure.txt,Multi-Factor Authentication - Procedure (Riyadh Office),mfa,Information Technology,IT,Procedure,en,Riyadh Office,RUH,2.2,Active,2023-02-13,,IT-0007 IT-0047
FIN-0131,en/FIN-0131_petty-cash-policy_Procedure.txt,Petty Cash - Procedure (Riyadh Office),petty_cash,Finance,FIN,Procedure,en,Riyadh Office,RUH,2.2,Active,2025-05-05,,FIN-0007
FAC-0123,en/FAC-0123_parking-policy_Procedure.txt,Parking - Procedure (Riyadh Office),parking,Facilities,FAC,Procedure,en,Riyadh Office,RUH,2.4,Active,2023-08-24,,FAC-0023
HR-0268,ar/HR-0268_sick-leave-policy_Procedure.txt,الإجازة المرضية - إجراء (مكتب الرياض),sick_leave,Human Resources,HR,Procedure,ar,مكتب الرياض,RUH,2.1,Active,2025-01-26,,HR-0008 HR-0040 FAC-0064
IT-0188,ar/IT-0188_multi-factor-authentication-policy_Procedure.txt,المصادقة متعددة العوامل - إجراء (مكتب الرياض),mfa,Information Technology,IT,Procedure,ar,مكتب الرياض,RUH,2.0,Active,2025-05-24,,IT-0008 IT-0048
FIN-0132,ar/FIN-0132_petty-cash-policy_Procedure.txt,المصروفات النثرية - إجراء (مكتب الرياض),petty_cash,Finance,FIN,Procedure,ar,مكتب الرياض,RUH,2.3,Active,2024-08-03,,FIN-0008
FAC-0124,ar/FAC-0124_parking-policy_Procedure.txt,مواقف السيارات - إجراء (مكتب الرياض),parking,Facilities,FAC,Procedure,ar,مكتب الرياض,RUH,2.1,Active,2024-12-25,,FAC-0024
HR-0269,en/HR-0269_parental-leave-policy_Policy.txt,Parental Leave Policy (Riyadh Office),parental_leave,Human Resources,HR,Policy,en,Riyadh Office,RUH,2.2,Active,2023-03-25,,HR-0007 HR-0015 HR-0191
IT-0189,en/IT-0189_system-access-request-policy_Policy.txt,System Access Request Policy (Riyadh Office),system_access,Information Technology,IT,Policy,en,Riyadh Office,RUH,1.2,Superseded,2024-01-10,IT-0017,IT-0007 IT-0031 HR-0111
FIN-0133,en/FIN-0133_payroll-schedule-policy_Policy.txt,Payroll Schedule Policy (Riyadh Office),payroll_schedule,Finance,FIN,Policy,en,Riyadh Office,RUH,2.0,Active,2023-01-29,,HR-0103 FIN-0079
FAC-0125,en/FAC-0125_building-access-policy_Policy.txt,Building Access Policy (Riyadh Office),building_access,Facilities,FAC,Policy,en,Riyadh Office,RUH,2.3,Active,2023-09-17,,FAC-0015 FAC-0031
HR-0270,ar/HR-0270_parental-leave-policy_Policy.txt,سياسة إجازة الوالدية (مكتب الرياض),parental_leave,Human Resources,HR,Policy,ar,مكتب الرياض,RUH,2.2,Active,2024-07-12,,HR-0008 HR-0016 HR-0192
IT-0190,ar/IT-0190_system-access-request-policy_Policy.txt,سياسة طلب الوصول إلى الأنظمة (مكتب الرياض),system_access,Information Technology,IT,Policy,ar,مكتب الرياض,RUH,2.1,Active,2023-09-17,,IT-0008 IT-0032 HR-0112
FIN-0134,ar/FIN-0134_payroll-schedule-policy_Policy.txt,سياسة جدول الرواتب (مكتب الرياض),payroll_schedule,Finance,FIN,Policy,ar,مكتب الرياض,RUH,2.4,Active,2023-07-15,,HR-0104 FIN-0080
FAC-0126,ar/FAC-0126_building-access-policy_Policy.txt,سياسة الدخول إلى المبنى (مكتب الرياض),building_access,Facilities,FAC,Policy,ar,مكتب الرياض,RUH,2.2,Active,2023-12-30,,FAC-0016 FAC-0032
HR-0271,en/HR-0271_parental-leave-policy_QuickReference.txt,Parental Leave - Quick Reference (Riyadh Office),parental_leave,Human Resources,HR,Quick Reference,en,Riyadh Office,RUH,2.2,Active,2023-06-11,,HR-0007 HR-0015 HR-0191
IT-0191,en/IT-0191_system-access-request-policy_QuickReference.txt,System Access Request - Quick Reference (Riyadh Office),system_access,Information Technology,IT,Quick Reference,en,Riyadh Office,RUH,2.3,Active,2025-05-21,,IT-0007 IT-0031 HR-0111
FIN-0135,en/FIN-0135_payroll-schedule-policy_QuickReference.txt,Payroll Schedule - Quick Reference (Riyadh Office),payroll_schedule,Finance,FIN,Quick Reference,en,Riyadh Office,RUH,2.1,Active,2024-06-25,,HR-0103 FIN-0079
FAC-0127,en/FAC-0127_building-access-policy_QuickReference.txt,Building Access - Quick Reference (Riyadh Office),building_access,Facilities,FAC,Quick Reference,en,Riyadh Office,RUH,2.3,Active,2024-11-09,,FAC-0015 FAC-0031
HR-0272,ar/HR-0272_parental-leave-policy_QuickReference.txt,إجازة الوالدية - مرجع سريع (مكتب الرياض),parental_leave,Human Resources,HR,Quick Reference,ar,مكتب الرياض,RUH,2.2,Active,2024-08-31,,HR-0008 HR-0016 HR-0192
IT-0192,ar/IT-0192_system-access-request-policy_QuickReference.txt,طلب الوصول إلى الأنظمة - مرجع سريع (مكتب الرياض),system_access,Information Technology,IT,Quick Reference,ar,مكتب الرياض,RUH,1.6,Superseded,2023-01-30,IT-0024,IT-0008 IT-0032 HR-0112
FIN-0136,ar/FIN-0136_payroll-schedule-policy_QuickReference.txt,جدول الرواتب - مرجع سريع (مكتب الرياض),payroll_schedule,Finance,FIN,Quick Reference,ar,مكتب الرياض,RUH,1.1,Superseded,2023-01-29,FIN-0072,HR-0104 FIN-0080
FAC-0128,ar/FAC-0128_building-access-policy_QuickReference.txt,الدخول إلى المبنى - مرجع سريع (مكتب الرياض),building_access,Facilities,FAC,Quick Reference,ar,مكتب الرياض,RUH,2.3,Active,2023-02-25,,FAC-0016 FAC-0032
HR-0273,en/HR-0273_parental-leave-policy_Procedure.txt,Parental Leave - Procedure (Riyadh Office),parental_leave,Human Resources,HR,Procedure,en,Riyadh Office,RUH,2.1,Active,2024-07-19,,HR-0007 HR-0015 HR-0191
IT-0193,en/IT-0193_system-access-request-policy_Procedure.txt,System Access Request - Procedure (Riyadh Office),system_access,Information Technology,IT,Procedure,en,Riyadh Office,RUH,2.3,Active,2023-12-15,,IT-0007 IT-0031 HR-0111
FIN-0137,en/FIN-0137_payroll-schedule-policy_Procedure.txt,Payroll Schedule - Procedure (Riyadh Office),payroll_schedule,Finance,FIN,Procedure,en,Riyadh Office,RUH,2.3,Active,2023-06-06,,HR-0103 FIN-0079
FAC-0129,en/FAC-0129_building-access-policy_Procedure.txt,Building Access - Procedure (Riyadh Office),building_access,Facilities,FAC,Procedure,en,Riyadh Office,RUH,1.0,Superseded,2023-09-11,FAC-0019,FAC-0015 FAC-0031
HR-0274,ar/HR-0274_parental-leave-policy_Procedure.txt,إجازة الوالدية - إجراء (مكتب الرياض),parental_leave,Human Resources,HR,Procedure,ar,مكتب الرياض,RUH,2.3,Active,2023-10-31,,HR-0008 HR-0016 HR-0192
IT-0194,ar/IT-0194_system-access-request-policy_Procedure.txt,طلب الوصول إلى الأنظمة - إجراء (مكتب الرياض),system_access,Information Technology,IT,Procedure,ar,مكتب الرياض,RUH,2.0,Active,2023-09-30,,IT-0008 IT-0032 HR-0112
FIN-0138,ar/FIN-0138_payroll-schedule-policy_Procedure.txt,جدول الرواتب - إجراء (مكتب الرياض),payroll_schedule,Finance,FIN,Procedure,ar,مكتب الرياض,RUH,2.2,Active,2023-06-13,,HR-0104 FIN-0080
FAC-0130,ar/FAC-0130_building-access-policy_Procedure.txt,الدخول إلى المبنى - إجراء (مكتب الرياض),building_access,Facilities,FAC,Procedure,ar,مكتب الرياض,RUH,2.4,Active,2025-03-11,,FAC-0016 FAC-0032
HR-0275,en/HR-0275_bereavement-leave-policy_Policy.txt,Bereavement Leave Policy (Riyadh Office),bereavement_leave,Human Resources,HR,Policy,en,Riyadh Office,RUH,2.1,Active,2024-03-07,,HR-0007 HR-0159
IT-0195,en/IT-0195_vpn-and-remote-access-policy_Policy.txt,VPN and Remote Access Policy (Riyadh Office),vpn_remote_access,Information Technology,IT,Policy,en,Riyadh Office,RUH,2.4,Active,2024-09-21,,HR-0063 IT-0015
FIN-0139,en/FIN-0139_travel-cash-advance-policy_Policy.txt,Travel Cash Advance Policy (Riyadh Office),travel_advance,Finance,FIN,Policy,en,Riyadh Office,RUH,2.2,Active,2023-08-02,,FIN-0023 FIN-0031 FIN-0007
FAC-0131,en/FAC-0131_visitor-management-policy_Policy.txt,Visitor Management Policy (Riyadh Office),visitor_management,Facilities,FAC,Policy,en,Riyadh Office,RUH,2.3,Active,2023-10-28,,FAC-0023 LEG-0007
HR-0276,ar/HR-0276_bereavement-leave-policy_Policy.txt,سياسة إجازة الوفاة (مكتب الرياض),bereavement_leave,Human Resources,HR,Policy,ar,مكتب الرياض,RUH,1.3,Superseded,2023-05-20,HR-0026,HR-0008 HR-0160
IT-0196,ar/IT-0196_vpn-and-remote-access-policy_Policy.txt,سياسة الوصول عن بُعد و VPN (مكتب الرياض),vpn_remote_access,Information Technology,IT,Policy,ar,مكتب الرياض,RUH,2.1,Active,2023-06-18,,HR-0064 IT-0016
FIN-0140,ar/FIN-0140_travel-cash-advance-policy_Policy.txt,سياسة السلفة النقدية للسفر (مكتب الرياض),travel_advance,Finance,FIN,Policy,ar,مكتب الرياض,RUH,2.0,Active,2023-09-24,,FIN-0024 FIN-0032 FIN-0008
FAC-0132,ar/FAC-0132_visitor-management-policy_Policy.txt,سياسة إدارة الزوار (مكتب الرياض),visitor_management,Facilities,FAC,Policy,ar,مكتب الرياض,RUH,2.0,Active,2025-01-19,,FAC-0024 LEG-0008
HR-0277,en/HR-0277_bereavement-leave-policy_QuickReference.txt,Bereavement Leave - Quick Reference (Riyadh Office),bereavement_leave,Human Resources,HR,Quick Reference,en,Riyadh Office,RUH,2.3,Active,2024-04-19,,HR-0007 HR-0159
IT-0197,en/IT-0197_vpn-and-remote-access-policy_QuickReference.txt,VPN and Remote Access - Quick Reference (Riyadh Office),vpn_remote_access,Information Technology,IT,Quick Reference,en,Riyadh Office,RUH,2.4,Active,2023-06-14,,HR-0063 IT-0015
FIN-0141,en/FIN-0141_travel-cash-advance-policy_QuickReference.txt,Travel Cash Advance - Quick Reference (Riyadh Office),travel_advance,Finance,FIN,Quick Reference,en,Riyadh Office,RUH,2.4,Active,2025-06-12,,FIN-0023 FIN-0031 FIN-0007
FAC-0133,en/FAC-0133_visitor-management-policy_QuickReference.txt,Visitor Management - Quick Reference (Riyadh Office),visitor_management,Facilities,FAC,Quick Reference,en,Riyadh Office,RUH,2.2,Active,2025-02-12,,FAC-0023 LEG-0007
HR-0278,ar/HR-0278_bereavement-leave-policy_QuickReference.txt,إجازة الوفاة - مرجع سريع (مكتب الرياض),bereavement_leave,Human Resources,HR,Quick Reference,ar,مكتب الرياض,RUH,2.1,Active,2024-10-12,,HR-0008 HR-0160
IT-0198,ar/IT-0198_vpn-and-remote-access-policy_QuickReference.txt,الوصول عن بُعد و VPN - مرجع سريع (مكتب الرياض),vpn_remote_access,Information Technology,IT,Quick Reference,ar,مكتب الرياض,RUH,2.2,Active,2024-06-06,,HR-0064 IT-0016
FIN-0142,ar/FIN-0142_travel-cash-advance-policy_QuickReference.txt,السلفة النقدية للسفر - مرجع سريع (مكتب الرياض),travel_advance,Finance,FIN,Quick Reference,ar,مكتب الرياض,RUH,2.0,Active,2023-07-03,,FIN-0024 FIN-0032 FIN-0008
FAC-0134,ar/FAC-0134_visitor-management-policy_QuickReference.txt,إدارة الزوار - مرجع سريع (مكتب الرياض),visitor_management,Facilities,FAC,Quick Reference,ar,مكتب الرياض,RUH,2.3,Active,2024-11-15,,FAC-0024 LEG-0008
HR-0279,en/HR-0279_bereavement-leave-policy_Procedure.txt,Bereavement Leave - Procedure (Riyadh Office),bereavement_leave,Human Resources,HR,Procedure,en,Riyadh Office,RUH,2.1,Active,2024-06-07,,HR-0007 HR-0159
IT-0199,en/IT-0199_vpn-and-remote-access-policy_Procedure.txt,VPN and Remote Access - Procedure (Riyadh Office),vpn_remote_access,Information Technology,IT,Procedure,en,Riyadh Office,RUH,2.3,Active,2023-08-19,,HR-0063 IT-0015
FIN-0143,en/FIN-0143_travel-cash-advance-policy_Procedure.txt,Travel Cash Advance - Procedure (Riyadh Office),travel_advance,Finance,FIN,Procedure,en,Riyadh Office,RUH,2.2,Active,2025-03-21,,FIN-0023 FIN-0031 FIN-0007
FAC-0135,en/FAC-0135_visitor-management-policy_Procedure.txt,Visitor Management - Procedure (Riyadh Office),visitor_management,Facilities,FAC,Procedure,en,Riyadh Office,RUH,2.3,Active,2023-10-26,,FAC-0023 LEG-0007
HR-0280,ar/HR-0280_bereavement-leave-policy_Procedure.txt,إجازة الوفاة - إجراء (مكتب الرياض),bereavement_leave,Human Resources,HR,Procedure,ar,مكتب الرياض,RUH,2.2,Active,2025-05-31,,HR-0008 HR-0160
IT-0200,ar/IT-0200_vpn-and-remote-access-policy_Procedure.txt,الوصول عن بُعد و VPN - إجراء (مكتب الرياض),vpn_remote_access,Information Technology,IT,Procedure,ar,مكتب الرياض,RUH,2.2,Active,2023-10-28,,HR-0064 IT-0016
FIN-0144,ar/FIN-0144_travel-cash-advance-policy_Procedure.txt,السلفة النقدية للسفر - إجراء (مكتب الرياض),travel_advance,Finance,FIN,Procedure,ar,مكتب الرياض,RUH,2.3,Active,2025-04-09,,FIN-0024 FIN-0032 FIN-0008
FAC-0136,ar/FAC-0136_visitor-management-policy_Procedure.txt,إدارة الزوار - إجراء (مكتب الرياض),visitor_management,Facilities,FAC,Procedure,ar,مكتب الرياض,RUH,1.2,Superseded,2023-03-06,FAC-0028,FAC-0024 LEG-0008
HR-0281,en/HR-0281_unpaid-leave-policy_Policy.txt,Unpaid Leave Policy (Riyadh Office),unpaid_leave,Human Resources,HR,Policy,en,Riyadh Office,RUH,2.3,Active,2025-03-22,,HR-0007 HR-0015
IT-0201,en/IT-0201_hardware-request-policy_Policy.txt,Hardware Request Policy (Riyadh Office),hardware_request,Information Technology,IT,Policy,en,Riyadh Office,RUH,2.1,Active,2023-01-02,,IT-0087 IT-0071 FAC-0063
FIN-0145,en/FIN-0145_expense-reimbursement-policy_Policy.txt,Expense Reimbursement Policy (Jeddah Office),expense_reimbursement,Finance,FIN,Policy,en,Jeddah Office,JED,2.4,Active,2024-05-16,,FIN-0015 FIN-0023 FIN-0031
FAC-0137,en/FAC-0137_workplace-health-and-safety-policy_Policy.txt,Workplace Health and Safety Policy (Riyadh Office),health_safety,Facilities,FAC,Policy,en,Riyadh Office,RUH,2.1,Active,2025-06-15,,FAC-0047 FAC-0055 FAC-0063
HR-0282,ar/HR-0282_unpaid-leave-policy_Policy.txt,سياسة الإجازة غير المدفوعة (مكتب الرياض),unpaid_leave,Human Resources,HR,Policy,ar,مكتب الرياض,RUH,2.2,Active,2024-07-07,,HR-0008 HR-0016
IT-0202,ar/IT-0202_hardware-request-policy_Policy.txt,سياسة طلب الأجهزة (مكتب الرياض),hardware_request,Information Technology,IT,Policy,ar,مكتب الرياض,RUH,2.1,Active,2024-06-06,,IT-0088 IT-0072 FAC-0064
FIN-0146,ar/FIN-0146_expense-reimbursement-policy_Policy.txt,سياسة استرداد المصروفات (مكتب جدة),expense_reimbursement,Finance,FIN,Policy,ar,مكتب جدة,JED,2.2,Active,2023-10-25,,FIN-0016 FIN-0024 FIN-0032
FAC-0138,ar/FAC-0138_workplace-health-and-safety-policy_Policy.txt,سياسة الصحة والسلامة في مكان العمل (مكتب الرياض),health_safety,Facilities,FAC,Policy,ar,مكتب الرياض,RUH,2.4,Active,2025-05-10,,FAC-0048 FAC-0056 FAC-0064
HR-0283,en/HR-0283_unpaid-leave-policy_QuickReference.txt,Unpaid Leave - Quick Reference (Riyadh Office),unpaid_leave,Human Resources,HR,Quick Reference,en,Riyadh Office,RUH,2.2,Active,2023-09-08,,HR-0007 HR-0015
IT-0203,en/IT-0203_hardware-request-policy_QuickReference.txt,Hardware Request - Quick Reference (Riyadh Office),hardware_request,Information Technology,IT,Quick Reference,en,Riyadh Office,RUH,2.4,Active,2024-11-06,,IT-0087 IT-0071 FAC-0063
FIN-0147,en/FIN-0147_expense-reimbursement-policy_QuickReference.txt,Expense Reimbursement - Quick Reference (Jeddah Office),expense_reimbursement,Finance,FIN,Quick Reference,en,Jeddah Office,JED,2.3,Active,2024-10-21,,FIN-0015 FIN-0023 FIN-0031
FAC-0139,en/FAC-0139_workplace-health-and-safety-policy_QuickReference.txt,Workplace Health and Safety - Quick Reference (Riyadh Office),health_safety,Facilities,FAC,Quick Reference,en,Riyadh Office,RUH,1.5,Superseded,2023-01-15,FAC-0039,FAC-0047 FAC-0055 FAC-0063
HR-0284,ar/HR-0284_unpaid-leave-policy_QuickReference.txt,الإجازة غير المدفوعة - مرجع سريع (مكتب الرياض),unpaid_leave,Human Resources,HR,Quick Reference,ar,مكتب الرياض,RUH,2.0,Active,2024-01-24,,HR-0008 HR-0016
IT-0204,ar/IT-0204_hardware-request-policy_QuickReference.txt,طلب الأجهزة - مرجع سريع (مكتب الرياض),hardware_request,Information Technology,IT,Quick Reference,ar,مكتب الرياض,RUH,2.3,Active,2023-02-04,,IT-0088 IT-0072 FAC-0064
FIN-0148,ar/FIN-0148_expense-reimbursement-policy_QuickReference.txt,استرداد المصروفات - مرجع سريع (مكتب جدة),expense_reimbursement,Finance,FIN,Quick Reference,ar,مكتب جدة,JED,2.3,Active,2024-10-19,,FIN-0016 FIN-0024 FIN-0032
FAC-0140,ar/FAC-0140_workplace-health-and-safety-policy_QuickReference.txt,الصحة والسلامة في مكان العمل - مرجع سريع (مكتب الرياض),health_safety,Facilities,FAC,Quick Reference,ar,مكتب الرياض,RUH,1.3,Superseded,2023-08-23,FAC-0040,FAC-0048 FAC-0056 FAC-0064
HR-0285,en/HR-0285_unpaid-leave-policy_Procedure.txt,Unpaid Leave - Procedure (Riyadh Office),unpaid_leave,Human Resources,HR,Procedure,en,Riyadh Office,RUH,2.2,Active,2025-01-26,,HR-0007 HR-0015
IT-0205,en/IT-0205_hardware-request-policy_Procedure.txt,Hardware Request - Procedure (Riyadh Office),hardware_request,Information Technology,IT,Procedure,en,Riyadh Office,RUH,2.2,Active,2023-03-03,,IT-0087 IT-0071 FAC-0063
FIN-0149,en/FIN-0149_expense-reimbursement-policy_Procedure.txt,Expense Reimbursement - Procedure (Jeddah Office),expense_reimbursement,Finance,FIN,Procedure,en,Jeddah Office,JED,1.2,Superseded,2023-07-14,FIN-0003,FIN-0015 FIN-0023 FIN-0031
FAC-0141,en/FAC-0141_workplace-health-and-safety-policy_Procedure.txt,Workplace Health and Safety - Procedure (Riyadh Office),health_safety,Facilities,FAC,Procedure,en,Riyadh Office,RUH,2.3,Active,2023-09-23,,FAC-0047 FAC-0055 FAC-0063
HR-0286,ar/HR-0286_unpaid-leave-policy_Procedure.txt,الإجازة غير المدفوعة - إجراء (مكتب الرياض),unpaid_leave,Human Resources,HR,Procedure,ar,مكتب الرياض,RUH,2.2,Active,2023-10-29,,HR-0008 HR-0016
IT-0206,ar/IT-0206_hardware-request-policy_Procedure.txt,طلب الأجهزة - إجراء (مكتب الرياض),hardware_request,Information Technology,IT,Procedure,ar,مكتب الرياض,RUH,1.4,Superseded,2023-05-26,IT-0076,IT-0088 IT-0072 FAC-0064
FIN-0150,ar/FIN-0150_expense-reimbursement-policy_Procedure.txt,استرداد المصروفات - إجراء (مكتب جدة),expense_reimbursement,Finance,FIN,Procedure,ar,مكتب جدة,JED,2.0,Active,2024-10-26,,FIN-0016 FIN-0024 FIN-0032
FAC-0142,ar/FAC-0142_workplace-health-and-safety-policy_Procedure.txt,الصحة والسلامة في مكان العمل - إجراء (مكتب الرياض),health_safety,Facilities,FAC,Procedure,ar,مكتب الرياض,RUH,2.1,Active,2024-09-22,,FAC-0048 FAC-0056 FAC-0064
HR-0287,en/HR-0287_working-hours-policy_Policy.txt,Working Hours Policy (Riyadh Office),working_hours,Human Resources,HR,Policy,en,Riyadh Office,RUH,2.2,Active,2024-06-25,,HR-0055 HR-0071 HR-0063
IT-0207,en/IT-0207_clear-desk-and-screen-policy_Policy.txt,Clear Desk and Screen Policy (Riyadh Office),clear_desk,Information Technology,IT,Policy,en,Riyadh Office,RUH,2.2,Active,2023-12-14,,IT-0127 LEG-0007
FIN-0151,en/FIN-0151_petty-cash-policy_Policy.txt,Petty Cash Policy (Jeddah Office),petty_cash,Finance,FIN,Policy,en,Jeddah Office,JED,2.0,Active,2023-12-23,,FIN-0007
FAC-0143,en/FAC-0143_fire-safety-policy_Policy.txt,Fire Safety Policy (Riyadh Office),fire_safety,Facilities,FAC,Policy,en,Riyadh Office,RUH,2.0,Active,2024-03-02,,FAC-0039 FAC-0023
HR-0288,ar/HR-0288_working-hours-policy_Policy.txt,سياسة ساعات العمل (مكتب الرياض),working_hours,Human Resources,HR,Policy,ar,مكتب الرياض,RUH,2.3,Active,2023-08-09,,HR-0056 HR-0072 HR-0064
IT-0208,ar/IT-0208_clear-desk-and-screen-policy_Policy.txt,سياسة المكتب والشاشة النظيفين (مكتب الرياض),clear_desk,Information Technology,IT,Policy,ar,مكتب الرياض,RUH,2.3,Active,2025-05-28,,IT-0128 LEG-0008
FIN-0152,ar/FIN-0152_petty-cash-policy_Policy.txt,سياسة المصروفات النثرية (مكتب جدة),petty_cash,Finance,FIN,Policy,ar,مكتب جدة,JED,2.3,Active,2024-05-11,,FIN-0008
FAC-0144,ar/FAC-0144_fire-safety-policy_Policy.txt,سياسة السلامة من الحرائق (مكتب الرياض),fire_safety,Facilities,FAC,Policy,ar,مكتب الرياض,RUH,2.0,Active,2025-02-08,,FAC-0040 FAC-0024
HR-0289,en/HR-0289_working-hours-policy_QuickReference.txt,Working Hours - Quick Reference (Riyadh Office),working_hours,Human Resources,HR,Quick Reference,en,Riyadh Office,RUH,2.4,Active,2023-01-30,,HR-0055 HR-0071 HR-0063
IT-0209,en/IT-0209_clear-desk-and-screen-policy_QuickReference.txt,Clear Desk and Screen - Quick Reference (Riyadh Office),clear_desk,Information Technology,IT,Quick Reference,en,Riyadh Office,RUH,2.2,Active,2025-06-17,,IT-0127 LEG-0007
FIN-0153,en/FIN-0153_petty-cash-policy_QuickReference.txt,Petty Cash - Quick Reference (Jeddah Office),petty_cash,Finance,FIN,Quick Reference,en,Jeddah Office,JED,2.3,Active,2024-11-09,,FIN-0007
FAC-0145,en/FAC-0145_fire-safety-policy_QuickReference.txt,Fire Safety - Quick Reference (Riyadh Office),fire_safety,Facilities,FAC,Quick Reference,en,Riyadh Office,RUH,2.1,Active,2023-08-01,,FAC-0039 FAC-0023
HR-0290,ar/HR-0290_working-hours-policy_QuickReference.txt,ساعات العمل - مرجع سريع (مكتب الرياض),working_hours,Human Resources,HR,Quick Reference,ar,مكتب الرياض,RUH,1.5,Superseded,2023-03-19,HR-0048,HR-0056 HR-0072 HR-0064
IT-0210,ar/IT-0210_clear-desk-and-screen-policy_QuickReference.txt,المكتب والشاشة النظيفين - مرجع سريع (مكتب الرياض),clear_desk,Information Technology,IT,Quick Reference,ar,مكتب الرياض,RUH,2.3,Active,2025-06-17,,IT-0128 LEG-0008
FIN-0154,ar/FIN-0154_petty-cash-policy_QuickReference.txt,المصروفات النثرية - مرجع سريع (مكتب جدة),petty_cash,Finance,FIN,Quick Reference,ar,مكتب جدة,JED,2.2,Active,2025-06-10,,FIN-0008
FAC-0146,ar/FAC-0146_fire-safety-policy_QuickReference.txt,السلامة من الحرائق - مرجع سريع (مكتب الرياض),fire_safety,Facilities,FAC,Quick Reference,ar,مكتب الرياض,RUH,2.3,Active,2024-03-14,,FAC-0040 FAC-0024
HR-0291,en/HR-0291_working-hours-policy_Procedure.txt,Working Hours - Procedure (Riyadh Office),working_hours,Human Resources,HR,Procedure,en,Riyadh Office,RUH,2.1,Active,2023-02-21,,HR-0055 HR-0071 HR-0063
IT-0211,en/IT-0211_clear-desk-and-screen-policy_Procedure.txt,Clear Desk and Screen - Procedure (Riyadh Office),clear_desk,Information Technology,IT,Procedure,en,Riyadh Office,RUH,2.3,Active,2025-03-10,,IT-0127 LEG-0007
FIN-0155,en/FIN-0155_petty-cash-policy_Procedure.txt,Petty Cash - Procedure (Jeddah Office),petty_cash,Finance,FIN,Procedure,en,Jeddah Office,JED,2.1,Active,2023-09-28,,FIN-0007
FAC-0147,en/FAC-0147_fire-safety-policy_Procedure.txt,Fire Safety - Procedure (Riyadh Office),fire_safety,Facilities,FAC,Procedure,en,Riyadh Office,RUH,2.2,Active,2023-06-19,,FAC-0039 FAC-0023
HR-0292,ar/HR-0292_working-hours-policy_Procedure.txt,ساعات العمل - إجراء (مكتب الرياض),working_hours,Human Resources,HR,Procedure,ar,مكتب الرياض,RUH,2.4,Active,2024-10-24,,HR-0056 HR-0072 HR-0064
IT-0212,ar/IT-0212_clear-desk-and-screen-policy_Procedure.txt,المكتب والشاشة النظيفين - إجراء (مكتب الرياض),clear_desk,Information Technology,IT,Procedure,ar,مكتب الرياض,RUH,2.4,Active,2025-02-26,,IT-0128 LEG-0008
FIN-0156,ar/FIN-0156_petty-cash-policy_Procedure.txt,المصروفات النثرية - إجراء (مكتب جدة),petty_cash,Finance,FIN,Procedure,ar,مكتب جدة,JED,1.6,Superseded,2023-10-14,FIN-0060,FIN-0008
FAC-0148,ar/FAC-0148_fire-safety-policy_Procedure.txt,السلامة من الحرائق - إجراء (مكتب الرياض),fire_safety,Facilities,FAC,Procedure,ar,مكتب الرياض,RUH,2.2,Active,2023-10-12,,FAC-0040 FAC-0024
HR-0293,en/HR-0293_overtime-policy_Policy.txt,Overtime Policy (Riyadh Office),overtime,Human Resources,HR,Policy,en,Riyadh Office,RUH,2.2,Active,2025-03-26,,HR-0047 OPS-0047
IT-0213,en/IT-0213_printing-policy_Policy.txt,Printing Policy (Riyadh Office),printing,Information Technology,IT,Policy,en,Riyadh Office,RUH,1.1,Superseded,2023-11-21,IT-0121,IT-0119
FIN-0157,en/FIN-0157_payroll-schedule-policy_Policy.txt,Payroll Schedule Policy (Jeddah Office),payroll_schedule,Finance,FIN,Policy,en,Jeddah Office,JED,2.3,Active,2024-01-24,,HR-0103 FIN-0079
FAC-0149,en/FAC-0149_workspace-ergonomics-policy_Policy.txt,Workspace Ergonomics Policy (Riyadh Office),workspace_ergonomics,Facilities,FAC,Policy,en,Riyadh Office,RUH,2.4,Active,2024-05-26,,IT-0079 FAC-0039 HR-0063
HR-0294,ar/HR-0294_overtime-policy_Policy.txt,سياسة العمل الإضافي (مكتب الرياض),overtime,Human Resources,HR,Policy,ar,مكتب الرياض,RUH,2.0,Active,2023-10-16,,HR-0048 OPS-0048
IT-0214,ar/IT-0214_printing-policy_Policy.txt,سياسة الطباعة (مكتب الرياض),printing,Information Technology,IT,Policy,ar,مكتب الرياض,RUH,2.4,Active,2025-01-15,,IT-0120
FIN-0158,ar/FIN-0158_payroll-schedule-policy_Policy.txt,سياسة جدول الرواتب (مكتب جدة),payroll_schedule,Finance,FIN,Policy,ar,مكتب جدة,JED,2.2,Active,2024-04-10,,HR-0104 FIN-0080
FAC-0150,ar/FAC-0150_workspace-ergonomics-policy_Policy.txt,سياسة بيئة العمل المريحة (مكتب الرياض),workspace_ergonomics,Facilities,FAC,Policy,ar,مكتب الرياض,RUH,2.4,Active,2025-03-05,,IT-0080 FAC-0040 HR-0064
HR-0295,en/HR-0295_overtime-policy_QuickReference.txt,Overtime - Quick Reference (Riyadh Office),overtime,Human Resources,HR,Quick Reference,en,Riyadh Office,RUH,1.6,Superseded,2023-06-18,HR-0055,HR-0047 OPS-0047
IT-0215,en/IT-0215_printing-policy_QuickReference.txt,Printing - Quick Reference (Riyadh Office),printing,Information Technology,IT,Quick Reference,en,Riyadh Office,RUH,2.1,Active,2023-11-11,,IT-0119
FIN-0159,en/FIN-0159_payroll-schedule-policy_QuickReference.txt,Payroll Schedule - Quick Reference (Jeddah Office),payroll_schedule,Finance,FIN,Quick Reference,en,Jeddah Office,JED,1.5,Superseded,2023-03-08,FIN-0071,HR-0103 FIN-0079
FAC-0151,en/FAC-0151_workspace-ergonomics-policy_QuickReference.txt,Workspace Ergonomics - Quick Reference (Riyadh Office),workspace_ergonomics,Facilities,FAC,Quick Reference,en,Riyadh Office,RUH,2.3,Active,2023-06-15,,IT-0079 FAC-0039 HR-0063
HR-0296,ar/HR-0296_overtime-policy_QuickReference.txt,العمل الإضافي - مرجع سريع (مكتب الرياض),overtime,Human Resources,HR,Quick Reference,ar,مكتب الرياض,RUH,2.0,Active,2025-06-16,,HR-0048 OPS-0048
IT-0216,ar/IT-0216_printing-policy_QuickReference.txt,الطباعة - مرجع سريع (مكتب الرياض),printing,Information Technology,IT,Quick Reference,ar,مكتب الرياض,RUH,2.1,Active,2024-12-01,,IT-0120
FIN-0160,ar/FIN-0160_payroll-schedule-policy_QuickReference.txt,جدول الرواتب - مرجع سريع (مكتب جدة),payroll_schedule,Finance,FIN,Quick Reference,ar,مكتب جدة,JED,1.5,Superseded,2023-05-04,FIN-0072,HR-0104 FIN-0080
FAC-0152,ar/FAC-0152_workspace-ergonomics-policy_QuickReference.txt,بيئة العمل المريحة - مرجع سريع (مكتب الرياض),workspace_ergonomics,Facilities,FAC,Quick Reference,ar,مكتب الرياض,RUH,2.4,Active,2023-03-07,,IT-0080 FAC-0040 HR-0064
HR-0297,en/HR-0297_overtime-policy_Procedure.txt,Overtime - Procedure (Riyadh Office),overtime,Human Resources,HR,Procedure,en,Riyadh Office,RUH,2.1,Active,2024-07-16,,HR-0047 OPS-0047
IT-0217,en/IT-0217_printing-policy_Procedure.txt,Printing - Procedure (Riyadh Office),printing,Information Technology,IT,Procedure,en,Riyadh Office,RUH,2.0,Active,2023-02-12,,IT-0119
FIN-0161,en/FIN-0161_payroll-schedule-policy_Procedure.txt,Payroll Schedule - Procedure (Jeddah Office),payroll_schedule,Finance,FIN,Procedure,en,Jeddah Office,JED,2.0,Active,2023-12-22,,HR-0103 FIN-0079
FAC-0153,en/FAC-0153_workspace-ergonomics-policy_Procedure.txt,Workspace Ergonomics - Procedure (Riyadh Office),workspace_ergonomics,Facilities,FAC,Procedure,en,Riyadh Office,RUH,2.2,Active,2024-01-22,,IT-0079 FAC-0039 HR-0063
HR-0298,ar/HR-0298_overtime-policy_Procedure.txt,العمل الإضافي - إجراء (مكتب الرياض),overtime,Human Resources,HR,Procedure,ar,مكتب الرياض,RUH,2.1,Active,2023-10-28,,HR-0048 OPS-0048
IT-0218,ar/IT-0218_printing-policy_Procedure.txt,الطباعة - إجراء (مكتب الرياض),printing,Information Technology,IT,Procedure,ar,مكتب الرياض,RUH,2.4,Active,2025-04-22,,IT-0120
FIN-0162,ar/FIN-0162_payroll-schedule-policy_Procedure.txt,جدول الرواتب - إجراء (مكتب جدة),payroll_schedule,Finance,FIN,Procedure,ar,مكتب جدة,JED,2.2,Active,2023-09-01,,HR-0104 FIN-0080
FAC-0154,ar/FAC-0154_workspace-ergonomics-policy_Procedure.txt,بيئة العمل المريحة - إجراء (مكتب الرياض),workspace_ergonomics,Facilities,FAC,Procedure,ar,مكتب الرياض,RUH,1.2,Superseded,2024-01-22,FAC-0060,IT-0080 FAC-0040 HR-0064
HR-0299,en/HR-0299_remote-work-policy_Policy.txt,Remote Work Policy (Riyadh Office),remote_work,Human Resources,HR,Policy,en,Riyadh Office,RUH,2.0,Active,2023-02-21,,HR-0047 IT-0047 IT-0079
IT-0219,en/IT-0219_it-support-service-levels_Policy.txt,IT Support Service Levels (Riyadh Office),help_desk_sla,Information Technology,IT,Policy,en,Riyadh Office,RUH,2.1,Active,2024-12-20,,IT-0023 IT-0079
FIN-0163,en/FIN-0163_travel-cash-advance-policy_Policy.txt,Travel Cash Advance Policy (Jeddah Office),travel_advance,Finance,FIN,Policy,en,Jeddah Office,JED,2.0,Active,2023-08-13,,FIN-0023 FIN-0031 FIN-0007
FAC-0155,en/FAC-0155_kitchen-and-break-area-policy_Policy.txt,Kitchen and Break Area Policy (Riyadh Office),kitchen_use,Facilities,FAC,Policy,en,Riyadh Office,RUH,2.3,Active,2023-02-05,,
HR-0300,ar/HR-0300_remote-work-policy_Policy.txt,سياسة العمل عن بُعد (مكتب الرياض),remote_work,Human Resources,HR,Policy,ar,مكتب الرياض,RUH,2.0,Active,2025-01-06,,HR-0048 IT-0048 IT-0080
IT-0220,ar/IT-0220_it-support-service-levels_Policy.txt,مستويات خدمة الدعم التقني (مكتب الرياض),help_desk_sla,Information Technology,IT,Policy,ar,مكتب الرياض,RUH,2.0,Active,2024-12-02,,IT-0024 IT-0080
FIN-0164,ar/FIN-0164_travel-cash-advance-policy_Policy.txt,سياسة السلفة النقدية للسفر (مكتب جدة),travel_advance,Finance,FIN,Policy,ar,مكتب جدة,JED,2.0,Active,2023-01-10,,FIN-0024 FIN-0032 FIN-0008
FAC-0156,ar/FAC-0156_kitchen-and-break-area-policy_Policy.txt,سياسة المطبخ ومناطق الاستراحة (مكتب الرياض),kitchen_use,Facilities,FAC,Policy,ar,مكتب الرياض,RUH,2.4,Active,2025-02-07,,
HR-0301,en/HR-0301_remote-work-policy_QuickReference.txt,Remote Work - Quick Reference (Riyadh Office),remote_work,Human Resources,HR,Quick Reference,en,Riyadh Office,RUH,2.2,Active,2024-02-23,,HR-0047 IT-0047 IT-0079
IT-0221,en/IT-0221_it-support-service-levels_QuickReference.txt,IT Support Service Levels - Quick Reference (Riyadh Office),help_desk_sla,Information Technology,IT,Quick Reference,en,Riyadh Office,RUH,1.4,Superseded,2023-05-10,IT-0135,IT-0023 IT-0079
FIN-0165,en/FIN-0165_travel-cash-advance-policy_QuickReference.txt,Travel Cash Advance - Quick Reference (Jeddah Office),travel_advance,Finance,FIN,Quick Reference,en,Jeddah Office,JED,2.3,Active,2023-11-10,,FIN-0023 FIN-0031 FIN-0007
FAC-0157,en/FAC-0157_kitchen-and-break-area-policy_QuickReference.txt,Kitchen and Break Area - Quick Reference (Riyadh Office),kitchen_use,Facilities,FAC,Quick Reference,en,Riyadh Office,RUH,2.3,Active,2023-02-28,,
HR-0302,ar/HR-0302_remote-work-policy_QuickReference.txt,العمل عن بُعد - مرجع سريع (مكتب الرياض),remote_work,Human Resources,HR,Quick Reference,ar,مكتب الرياض,RUH,1.3,Superseded,2023-03-16,HR-0064,HR-0048 IT-0048 IT-0080
IT-0222,ar/IT-0222_it-support-service-levels_QuickReference.txt,مستويات خدمة الدعم التقني - مرجع سريع (مكتب الرياض),help_desk_sla,Information Technology,IT,Quick Reference,ar,مكتب الرياض,RUH,2.4,Active,2023-03-08,,IT-0024 IT-0080
FIN-0166,ar/FIN-0166_travel-cash-advance-policy_QuickReference.txt,السلفة النقدية للسفر - مرجع سريع (مكتب جدة),travel_advance,Finance,FIN,Quick Reference,ar,مكتب جدة,JED,2.3,Active,2024-07-26,,FIN-0024 FIN-0032 FIN-0008
FAC-0158,ar/FAC-0158_kitchen-and-break-area-policy_QuickReference.txt,المطبخ ومناطق الاستراحة - مرجع سريع (مكتب الرياض),kitchen_use,Facilities,FAC,Quick Reference,ar,مكتب الرياض,RUH,2.1,Active,2023-03-14,,
HR-0303,en/HR-0303_remote-work-policy_Procedure.txt,Remote Work - Procedure (Riyadh Office),remote_work,Human Resources,HR,Procedure,en,Riyadh Office,RUH,2.3,Active,2025-05-14,,HR-0047 IT-0047 IT-0079
IT-0223,en/IT-0223_it-support-service-levels_Procedure.txt,IT Support Service Levels - Procedure (Riyadh Office),help_desk_sla,Information Technology,IT,Procedure,en,Riyadh Office,RUH,2.2,Active,2024-11-13,,IT-0023 IT-0079
FIN-0167,en/FIN-0167_travel-cash-advance-policy_Procedure.txt,Travel Cash Advance - Procedure (Jeddah Office),travel_advance,Finance,FIN,Procedure,en,Jeddah Office,JED,2.3,Active,2023-03-31,,FIN-0023 FIN-0031 FIN-0007
FAC-0159,en/FAC-0159_kitchen-and-break-area-policy_Procedure.txt,Kitchen and Break Area - Procedure (Riyadh Office),kitchen_use,Facilities,FAC,Procedure,en,Riyadh Office,RUH,2.3,Active,2025-05-30,,
HR-0304,ar/HR-0304_remote-work-policy_Procedure.txt,العمل عن بُعد - إجراء (مكتب الرياض),remote_work,Human Resources,HR,Procedure,ar,مكتب الرياض,RUH,2.0,Active,2023-06-11,,HR-0048 IT-0048 IT-0080
IT-0224,ar/IT-0224_it-support-service-levels_Procedure.txt,مستويات خدمة الدعم التقني - إجراء (مكتب الرياض),help_desk_sla,Information Technology,IT,Procedure,ar,مكتب الرياض,RUH,2.3,Active,2023-07-08,,IT-0024 IT-0080
FIN-0168,ar/FIN-0168_travel-cash-advance-policy_Procedure.txt,السلفة النقدية للسفر - إجراء (مكتب جدة),travel_advance,Finance,FIN,Procedure,ar,مكتب جدة,JED,2.0,Active,2024-06-30,,FIN-0024 FIN-0032 FIN-0008
FAC-0160,ar/FAC-0160_kitchen-and-break-area-policy_Procedure.txt,المطبخ ومناطق الاستراحة - إجراء (مكتب الرياض),kitchen_use,Facilities,FAC,Procedure,ar,مكتب الرياض,RUH,1.2,Superseded,2023-04-09,FAC-0068,
HR-0305,en/HR-0305_flexible-hours-policy_Policy.txt,Flexible Hours Policy (Riyadh Office),flexible_hours,Human Resources,HR,Policy,en,Riyadh Office,RUH,2.2,Active,2024-03-16,,HR-0047 HR-0063
IT-0225,en/IT-0225_guest-wi-fi-policy_Policy.txt,Guest Wi-Fi Policy (Riyadh Office),guest_wifi,Information Technology,IT,Policy,en,Riyadh Office,RUH,2.0,Active,2023-05-02,,FAC-0031 IT-0047
FIN-0169,en/FIN-0169_expense-reimbursement-policy_Policy.txt,Expense Reimbursement Policy (Dubai Office),expense_reimbursement,Finance,FIN,Policy,en,Dubai Office,DXB,2.1,Active,2024-03-26,,FIN-0015 FIN-0023 FIN-0031
FAC-0161,en/FAC-0161_mail-and-courier-policy_Policy.txt,Mail and Courier Policy (Riyadh Office),mail_courier,Facilities,FAC,Policy,en,Riyadh Office,RUH,2.1,Active,2024-04-03,,
HR-0306,ar/HR-0306_flexible-hours-policy_Policy.txt,سياسة ساعات العمل المرنة (مكتب الرياض),flexible_hours,Human Resources,HR,Policy,ar,مكتب الرياض,RUH,1.6,Superseded,2023-05-24,HR-0066,HR-0048 HR-0064
IT-0226,ar/IT-0226_guest-wi-fi-policy_Policy.txt,سياسة شبكة الضيوف اللاسلكية (مكتب الرياض),guest_wifi,Information Technology,IT,Policy,ar,مكتب الرياض,RUH,2.0,Active,2024-06-01,,FAC-0032 IT-0048
FIN-0170,ar/FIN-0170_expense-reimbursement-policy_Policy.txt,سياسة استرداد المصروفات (مكتب دبي),expense_reimbursement,Finance,FIN,Policy,ar,مكتب دبي,DXB,2.4,Active,2024-03-24,,FIN-0016 FIN-0024 FIN-0032
FAC-0162,ar/FAC-0162_mail-and-courier-policy_Policy.txt,سياسة البريد والشحن (مكتب الرياض),mail_courier,Facilities,FAC,Policy,ar,مكتب الرياض,RUH,2.2,Active,2023-06-14,,
HR-0307,en/HR-0307_flexible-hours-policy_QuickReference.txt,Flexible Hours - Quick Reference (Riyadh Office),flexible_hours,Human Resources,HR,Quick Reference,en,Riyadh Office,RUH,2.1,Active,2024-09-19,,HR-0047 HR-0063
IT-0227,en/IT-0227_guest-wi-fi-policy_QuickReference.txt,Guest Wi-Fi - Quick Reference (Riyadh Office),guest_wifi,Information Technology,IT,Quick Reference,en,Riyadh Office,RUH,2.1,Active,2025-05-30,,FAC-0031 IT-0047
FIN-0171,en/FIN-0171_expense-reimbursement-policy_QuickReference.txt,Expense Reimbursement - Quick Reference (Dubai Office),expense_reimbursement,Finance,FIN,Quick Reference,en,Dubai Office,DXB,2.1,Active,2024-08-30,,FIN-0015 FIN-0023 FIN-0031
FAC-0163,en/FAC-0163_mail-and-courier-policy_QuickReference.txt,Mail and Courier - Quick Reference (Riyadh Office),mail_courier,Facilities,FAC,Quick Reference,en,Riyadh Office,RUH,1.1,Superseded,2023-06-30,FAC-0079,
HR-0308,ar/HR-0308_flexible-hours-policy_QuickReference.txt,ساعات العمل المرنة - مرجع سريع (مكتب الرياض),flexible_hours,Human Resources,HR,Quick Reference,ar,مكتب الرياض,RUH,2.3,Active,2024-01-10,,HR-0048 HR-0064
IT-0228,ar/IT-0228_guest-wi-fi-policy_QuickReference.txt,شبكة الضيوف اللاسلكية - مرجع سريع (مكتب الرياض),guest_wifi,Information Technology,IT,Quick Reference,ar,مكتب الرياض,RUH,2.0,Active,2023-02-10,,FAC-0032 IT-0048
FIN-0172,ar/FIN-0172_expense-reimbursement-policy_QuickReference.txt,استرداد المصروفات - مرجع سريع (مكتب دبي),expense_reimbursement,Finance,FIN,Quick Reference,ar,مكتب دبي,DXB,2.0,Active,2023-04-11,,FIN-0016 FIN-0024 FIN-0032
FAC-0164,ar/FAC-0164_mail-and-courier-policy_QuickReference.txt,البريد والشحن - مرجع سريع (مكتب الرياض),mail_courier,Facilities,FAC,Quick Reference,ar,مكتب الرياض,RUH,2.1,Active,2024-07-14,,
HR-0309,en/HR-0309_flexible-hours-policy_Procedure.txt,Flexible Hours - Procedure (Riyadh Office),flexible_hours,Human Resources,HR,Procedure,en,Riyadh Office,RUH,2.2,Active,2024-11-19,,HR-0047 HR-0063
IT-0229,en/IT-0229_guest-wi-fi-policy_Procedure.txt,Guest Wi-Fi - Procedure (Riyadh Office),guest_wifi,Information Technology,IT,Procedure,en,Riyadh Office,RUH,2.0,Active,2023-10-06,,FAC-0031 IT-0047
FIN-0173,en/FIN-0173_expense-reimbursement-policy_Procedure.txt,Expense Reimbursement - Procedure (Dubai Office),expense_reimbursement,Finance,FIN,Procedure,en,Dubai Office,DXB,2.2,Active,2023-12-06,,FIN-0015 FIN-0023 FIN-0031
FAC-0165,en/FAC-0165_mail-and-courier-policy_Procedure.txt,Mail and Courier - Procedure (Riyadh Office),mail_courier,Facilities,FAC,Procedure,en,Riyadh Office,RUH,2.3,Active,2025-06-17,,
HR-0310,ar/HR-0310_flexible-hours-policy_Procedure.txt,ساعات العمل المرنة - إجراء (مكتب الرياض),flexible_hours,Human Resources,HR,Procedure,ar,مكتب الرياض,RUH,2.2,Active,2023-04-20,,HR-0048 HR-0064
IT-0230,ar/IT-0230_guest-wi-fi-policy_Procedure.txt,شبكة الضيوف اللاسلكية - إجراء (مكتب الرياض),guest_wifi,Information Technology,IT,Procedure,ar,مكتب الرياض,RUH,2.4,Active,2023-12-21,,FAC-0032 IT-0048
FIN-0174,ar/FIN-0174_expense-reimbursement-policy_Procedure.txt,استرداد المصروفات - إجراء (مكتب دبي),expense_reimbursement,Finance,FIN,Procedure,ar,مكتب دبي,DXB,2.4,Active,2023-01-19,,FIN-0016 FIN-0024 FIN-0032
FAC-0166,ar/FAC-0166_mail-and-courier-policy_Procedure.txt,البريد والشحن - إجراء (مكتب الرياض),mail_courier,Facilities,FAC,Procedure,ar,مكتب الرياض,RUH,1.6,Superseded,2023-11-23,FAC-0076,
HR-0311,en/HR-0311_probation-policy_Policy.txt,Probation Policy (Riyadh Office),probation,Human Resources,HR,Policy,en,Riyadh Office,RUH,2.1,Active,2025-05-09,,HR-0111 HR-0087 HR-0127
IT-0231,en/IT-0231_password-policy_Policy.txt,Password Policy (Jeddah Office),password_policy,Information Technology,IT,Policy,en,Jeddah Office,JED,2.1,Active,2025-06-15,,IT-0015 IT-0023 IT-0095
FIN-0175,en/FIN-0175_petty-cash-policy_Policy.txt,Petty Cash Policy (Dubai Office),petty_cash,Finance,FIN,Policy,en,Dubai Office,DXB,2.2,Active,2025-06-14,,FIN-0007
FAC-0167,en/FAC-0167_hot-desk-booking-policy_Policy.txt,Hot Desk Booking Policy (Riyadh Office),desk_booking,Facilities,FAC,Policy,en,Riyadh Office,RUH,2.1,Active,2023-02-12,,FAC-0007 HR-0063
HR-0312,ar/HR-0312_probation-policy_Policy.txt,سياسة فترة التجربة (مكتب الرياض),probation,Human Resources,HR,Policy,ar,مكتب الرياض,RUH,2.0,Active,2025-06-17,,HR-0112 HR-0088 HR-0128
IT-0232,ar/IT-0232_password-policy_Policy.txt,سياسة كلمات المرور (مكتب جدة),password_policy,Information Technology,IT,Policy,ar,مكتب جدة,JED,2.0,Active,2023-09-27,,IT-0016 IT-0024 IT-0096
FIN-0176,ar/FIN-0176_petty-cash-policy_Policy.txt,سياسة المصروفات النثرية (مكتب دبي),petty_cash,Finance,FIN,Policy,ar,مكتب دبي,DXB,1.6,Superseded,2023-12-23,FIN-0058,FIN-0008
FAC-0168,ar/FAC-0168_hot-desk-booking-policy_Policy.txt,سياسة حجز المكاتب المشتركة (مكتب الرياض),desk_booking,Facilities,FAC,Policy,ar,مكتب الرياض,RUH,2.1,Active,2023-01-09,,FAC-0008 HR-0064
HR-0313,en/HR-0313_probation-policy_QuickReference.txt,Probation - Quick Reference (Riyadh Office),probation,Human Resources,HR,Quick Reference,en,Riyadh Office,RUH,1.1,Superseded,2023-02-28,HR-0079,HR-0111 HR-0087 HR-0127
IT-0233,en/IT-0233_password-policy_QuickReference.txt,Password - Quick Reference (Jeddah Office),password_policy,Information Technology,IT,Quick Reference,en,Jeddah Office,JED,1.0,Superseded,2023-01-10,IT-0007,IT-0015 IT-0023 IT-0095
FIN-0177,en/FIN-0177_petty-cash-policy_QuickReference.txt,Petty Cash - Quick Reference (Dubai Office),petty_cash,Finance,FIN,Quick Reference,en,Dubai Office,DXB,2.1,Active,2025-03-09,,FIN-0007
FAC-0169,en/FAC-0169_hot-desk-booking-policy_QuickReference.txt,Hot Desk Booking - Quick Reference (Riyadh Office),desk_booking,Facilities,FAC,Quick Reference,en,Riyadh Office,RUH,2.3,Active,2024-04-10,,FAC-0007 HR-0063
HR-0314,ar/HR-0314_probation-policy_QuickReference.txt,فترة التجربة - مرجع سريع (مكتب الرياض),probation,Human Resources,HR,Quick Reference,ar,مكتب الرياض,RUH,2.3,Active,2023-08-10,,HR-0112 HR-0088 HR-0128
IT-0234,ar/IT-0234_password-policy_QuickReference.txt,كلمات المرور - مرجع سريع (مكتب جدة),password_policy,Information Technology,IT,Quick Reference,ar,مكتب جدة,JED,1.4,Superseded,2023-08-12,IT-0008,IT-0016 IT-0024 IT-0096
FIN-0178,ar/FIN-0178_petty-cash-policy_QuickReference.txt,المصروفات النثرية - مرجع سريع (مكتب دبي),petty_cash,Finance,FIN,Quick Reference,ar,مكتب دبي,DXB,2.3,Active,2024-11-15,,FIN-0008
FAC-0170,ar/FAC-0170_hot-desk-booking-policy_QuickReference.txt,حجز المكاتب المشتركة - مرجع سريع (مكتب الرياض),desk_booking,Facilities,FAC,Quick Reference,ar,مكتب الرياض,RUH,2.4,Active,2025-04-23,,FAC-0008 HR-0064
HR-0315,en/HR-0315_probation-policy_Procedure.txt,Probation - Procedure (Riyadh Office),probation,Human Resources,HR,Procedure,en,Riyadh Office,RUH,2.0,Active,2023-04-30,,HR-0111 HR-0087 HR-0127
IT-0235,en/IT-0235_password-policy_Procedure.txt,Password - Procedure (Jeddah Office),password_policy,Information Technology,IT,Procedure,en,Jeddah Office,JED,2.1,Active,2025-05-04,,IT-0015 IT-0023 IT-0095
FIN-0179,en/FIN-0179_petty-cash-policy_Procedure.txt,Petty Cash - Procedure (Dubai Office),petty_cash,Finance,FIN,Procedure,en,Dubai Office,DXB,2.4,Active,2024-08-23,,FIN-0007
FAC-0171,en/FAC-0171_hot-desk-booking-policy_Procedure.txt,Hot Desk Booking - Procedure (Riyadh Office),desk_booking,Facilities,FAC,Procedure,en,Riyadh Office,RUH,2.1,Active,2024-08-30,,FAC-0007 HR-0063
HR-0316,ar/HR-0316_probation-policy_Procedure.txt,فترة التجربة - إجراء (مكتب الرياض),probation,Human Resources,HR,Procedure,ar,مكتب الرياض,RUH,2.1,Active,2023-05-22,,HR-0112 HR-0088 HR-0128
IT-0236,ar/IT-0236_password-policy_Procedure.txt,كلمات المرور - إجراء (مكتب جدة),password_policy,Information Technology,IT,Procedure,ar,مكتب جدة,JED,2.4,Active,2024-10-25,,IT-0016 IT-0024 IT-0096
FIN-0180,ar/FIN-0180_petty-cash-policy_Procedure.txt,المصروفات النثرية - إجراء (مكتب دبي),petty_cash,Finance,FIN,Procedure,ar,مكتب دبي,DXB,2.3,Active,2025-02-12,,FIN-0008
FAC-0172,ar/FAC-0172_hot-desk-booking-policy_Procedure.txt,حجز المكاتب المشتركة - إجراء (مكتب الرياض),desk_booking,Facilities,FAC,Procedure,ar,مكتب الرياض,RUH,2.3,Active,2023-11-14,,FAC-0008 HR-0064
HR-0317,en/HR-0317_performance-review-policy_Policy.txt,Performance Review Policy (Riyadh Office),performance_review,Human Resources,HR,Policy,en,Riyadh Office,RUH,2.1,Active,2024-03-03,,HR-0079 HR-0095 HR-0103
IT-0237,en/IT-0237_multi-factor-authentication-policy_Policy.txt,Multi-Factor Authentication Policy (Jeddah Office),mfa,Information Technology,IT,Policy,en,Jeddah Office,JED,2.3,Active,2023-05-14,,IT-0007 IT-0047
FIN-0181,en/FIN-0181_payroll-schedule-policy_Policy.txt,Payroll Schedule Policy (Dubai Office),payroll_schedule,Finance,FIN,Policy,en,Dubai Office,DXB,2.1,Active,2025-02-19,,HR-0103 FIN-0079
FAC-0173,en/FAC-0173_ev-charging-policy_Policy.txt,EV Charging Policy (Riyadh Office),ev_charging,Facilities,FAC,Policy,en,Riyadh Office,RUH,2.2,Active,2023-11-14,,FAC-0015 FAC-0023
HR-0318,ar/HR-0318_performance-review-policy_Policy.txt,سياسة تقييم الأداء (مكتب الرياض),performance_review,Human Resources,HR,Policy,ar,مكتب الرياض,RUH,2.2,Active,2024-10-20,,HR-0080 HR-0096 HR-0104
IT-0238,ar/IT-0238_multi-factor-authentication-policy_Policy.txt,سياسة المصادقة متعددة العوامل (مكتب جدة),mfa,Information Technology,IT,Policy,ar,مكتب جدة,JED,2.1,Active,2023-10-09,,IT-0008 IT-0048
FIN-0182,ar/FIN-0182_payroll-schedule-policy_Policy.txt,سياسة جدول الرواتب (مكتب دبي),payroll_schedule,Finance,FIN,Policy,ar,مكتب دبي,DXB,2.2,Active,2024-03-23,,HR-0104 FIN-0080
FAC-0174,ar/FAC-0174_ev-charging-policy_Policy.txt,سياسة شحن السيارات الكهربائية (مكتب الرياض),ev_charging,Facilities,FAC,Policy,ar,مكتب الرياض,RUH,2.2,Active,2024-08-07,,FAC-0016 FAC-0024
HR-0319,en/HR-0319_performance-review-policy_QuickReference.txt,Performance Review - Quick Reference (Riyadh Office),performance_review,Human Resources,HR,Quick Reference,en,Riyadh Office,RUH,2.2,Active,2024-05-21,,HR-0079 HR-0095 HR-0103
IT-0239,en/IT-0239_multi-factor-authentication-policy_QuickReference.txt,Multi-Factor Authentication - Quick Reference (Jeddah Office),mfa,Information Technology,IT,Quick Reference,en,Jeddah Office,JED,2.2,Active,2023-07-19,,IT-0007 IT-0047
FIN-0183,en/FIN-0183_payroll-schedule-policy_QuickReference.txt,Payroll Schedule - Quick Reference (Dubai Office),payroll_schedule,Finance,FIN,Quick Reference,en,Dubai Office,DXB,2.0,Active,2023-12-27,,HR-0103 FIN-0079
FAC-0175,en/FAC-0175_ev-charging-policy_QuickReference.txt,EV Charging - Quick Reference (Riyadh Office),ev_charging,Facilities,FAC,Quick Reference,en,Riyadh Office,RUH,2.1,Active,2025-03-14,,FAC-0015 FAC-0023
HR-0320,ar/HR-0320_performance-review-policy_QuickReference.txt,تقييم الأداء - مرجع سريع (مكتب الرياض),performance_review,Human Resources,HR,Quick Reference,ar,مكتب الرياض,RUH,2.2,Active,2024-01-31,,HR-0080 HR-0096 HR-0104
IT-0240,ar/IT-0240_multi-factor-authentication-policy_QuickReference.txt,المصادقة متعددة العوامل - مرجع سريع (مكتب جدة),mfa,Information Technology,IT,Quick Reference,ar,مكتب جدة,JED,2.3,Active,2023-09-15,,IT-0008 IT-0048
FIN-0184,ar/FIN-0184_payroll-schedule-policy_QuickReference.txt,جدول الرواتب - مرجع سريع (مكتب دبي),payroll_schedule,Finance,FIN,Quick Reference,ar,مكتب دبي,DXB,2.3,Active,2023-04-06,,HR-0104 FIN-0080
FAC-0176,ar/FAC-0176_ev-charging-policy_QuickReference.txt,شحن السيارات الكهربائية - مرجع سريع (مكتب الرياض),ev_charging,Facilities,FAC,Quick Reference,ar,مكتب الرياض,RUH,2.2,Active,2023-02-02,,FAC-0016 FAC-0024
HR-0321,en/HR-0321_performance-review-policy_Procedure.txt,Performance Review - Procedure (Riyadh Office),performance_review,Human Resources,HR,Procedure,en,Riyadh Office,RUH,2.2,Active,2024-06-22,,HR-0079 HR-0095 HR-0103
IT-0241,en/IT-0241_multi-factor-authentication-policy_Procedure.txt,Multi-Factor Authentication - Procedure (Jeddah Office),mfa,Information Technology,IT,Procedure,en,Jeddah Office,JED,2.4,Active,2025-05-14,,IT-0007 IT-0047
FIN-0185,en/FIN-0185_payroll-schedule-policy_Procedure.txt,Payroll Schedule - Procedure (Dubai Office),payroll_schedule,Finance,FIN,Procedure,en,Dubai Office,DXB,2.4,Active,2023-08-14,,HR-0103 FIN-0079
FAC-0177,en/FAC-0177_ev-charging-policy_Procedure.txt,EV Charging - Procedure (Riyadh Office),ev_charging,Facilities,FAC,Procedure,en,Riyadh Office,RUH,2.1,Active,2023-12-06,,FAC-0015 FAC-0023
HR-0322,ar/HR-0322_performance-review-policy_Procedure.txt,تقييم الأداء - إجراء (مكتب الرياض),performance_review,Human Resources,HR,Procedure,ar,مكتب الرياض,RUH,2.2,Active,2024-02-27,,HR-0080 HR-0096 HR-0104
IT-0242,ar/IT-0242_multi-factor-authentication-policy_Procedure.txt,المصادقة متعددة العوامل - إجراء (مكتب جدة),mfa,Information Technology,IT,Procedure,ar,مكتب جدة,JED,2.0,Active,2024-05-12,,IT-0008 IT-0048
FIN-0186,ar/FIN-0186_payroll-schedule-policy_Procedure.txt,جدول الرواتب - إجراء (مكتب دبي),payroll_schedule,Finance,FIN,Procedure,ar,مكتب دبي,DXB,2.1,Active,2023-09-23,,HR-0104 FIN-0080
FAC-0178,ar/FAC-0178_ev-charging-policy_Procedure.txt,شحن السيارات الكهربائية - إجراء (مكتب الرياض),ev_charging,Facilities,FAC,Procedure,ar,مكتب الرياض,RUH,2.1,Active,2025-05-23,,FAC-0016 FAC-0024
HR-0323,en/HR-0323_promotion-policy_Policy.txt,Promotion Policy (Riyadh Office),promotion,Human Resources,HR,Policy,en,Riyadh Office,RUH,2.0,Active,2023-06-29,,HR-0087 HR-0103
IT-0243,en/IT-0243_system-access-request-policy_Policy.txt,System Access Request Policy (Jeddah Office),system_access,Information Technology,IT,Policy,en,Jeddah Office,JED,2.0,Active,2025-01-13,,IT-0007 IT-0031 HR-0111
FIN-0187,en/FIN-0187_travel-cash-advance-policy_Policy.txt,Travel Cash Advance Policy (Dubai Office),travel_advance,Finance,FIN,Policy,en,Dubai Office,DXB,1.4,Superseded,2023-08-30,FIN-0089,FIN-0023 FIN-0031 FIN-0007
FAC-0179,en/FAC-0179_smoking-policy_Policy.txt,Smoking Policy (Riyadh Office),smoking_policy,Facilities,FAC,Policy,en,Riyadh Office,RUH,2.4,Active,2024-06-03,,FAC-0039 FAC-0047
HR-0324,ar/HR-0324_promotion-policy_Policy.txt,سياسة الترقية (مكتب الرياض),promotion,Human Resources,HR,Policy,ar,مكتب الرياض,RUH,2.4,Active,2023-03-24,,HR-0088 HR-0104
IT-0244,ar/IT-0244_system-access-request-policy_Policy.txt,سياسة طلب الوصول إلى الأنظمة (مكتب جدة),system_access,Information Technology,IT,Policy,ar,مكتب جدة,JED,2.1,Active,2023-04-09,,IT-0008 IT-0032 HR-0112
FIN-0188,ar/FIN-0188_travel-cash-advance-policy_Policy.txt,سياسة السلفة النقدية للسفر (مكتب دبي),travel_advance,Finance,FIN,Policy,ar,مكتب دبي,DXB,2.2,Active,2025-01-13,,FIN-0024 FIN-0032 FIN-0008
FAC-0180,ar/FAC-0180_smoking-policy_Policy.txt,سياسة التدخين (مكتب الرياض),smoking_policy,Facilities,FAC,Policy,ar,مكتب الرياض,RUH,2.0,Active,2025-04-07,,FAC-0040 FAC-0048
HR-0325,en/HR-0325_promotion-policy_QuickReference.txt,Promotion - Quick Reference (Riyadh Office),promotion,Human Resources,HR,Quick Reference,en,Riyadh Office,RUH,2.0,Active,2023-08-26,,HR-0087 HR-0103
IT-0245,en/IT-0245_system-access-request-policy_QuickReference.txt,System Access Request - Quick Reference (Jeddah Office),system_access,Information Technology,IT,Quick Reference,en,Jeddah Office,JED,1.6,Superseded,2023-07-25,IT-0023,IT-0007 IT-0031 HR-0111
FIN-0189,en/FIN-0189_travel-cash-advance-policy_QuickReference.txt,Travel Cash Advance - Quick Reference (Dubai Office),travel_advance,Finance,FIN,Quick Reference,en,Dubai Office,DXB,2.1,Active,2023-09-30,,FIN-0023 FIN-0031 FIN-0007
FAC-0181,en/FAC-0181_smoking-policy_QuickReference.txt,Smoking - Quick Reference (Riyadh Office),smoking_policy,Facilities,FAC,Quick Reference,en,Riyadh Office,RUH,2.4,Active,2024-03-01,,FAC-0039 FAC-0047
HR-0326,ar/HR-0326_promotion-policy_QuickReference.txt,الترقية - مرجع سريع (مكتب الرياض),promotion,Human Resources,HR,Quick Reference,ar,مكتب الرياض,RUH,2.2,Active,2024-09-27,,HR-0088 HR-0104
IT-0246,ar/IT-0246_system-access-request-policy_QuickReference.txt,طلب الوصول إلى الأنظمة - مرجع سريع (مكتب جدة),system_access,Information Technology,IT,Quick Reference,ar,مكتب جدة,JED,1.2,Superseded,2023-04-02,IT-0024,IT-0008 IT-0032 HR-0112
FIN-0190,ar/FIN-0190_travel-cash-advance-policy_QuickReference.txt,السلفة النقدية للسفر - مرجع سريع (مكتب دبي),travel_advance,Finance,FIN,Quick Reference,ar,مكتب دبي,DXB,2.1,Active,2024-12-04,,FIN-0024 FIN-0032 FIN-0008
FAC-0182,ar/FAC-0182_smoking-policy_QuickReference.txt,التدخين - مرجع سريع (مكتب الرياض),smoking_policy,Facilities,FAC,Quick Reference,ar,مكتب الرياض,RUH,1.2,Superseded,2023-07-01,FAC-0104,FAC-0040 FAC-0048
HR-0327,en/HR-0327_promotion-policy_Procedure.txt,Promotion - Procedure (Riyadh Office),promotion,Human Resources,HR,Procedure,en,Riyadh Office,RUH,2.0,Active,2024-11-17,,HR-0087 HR-0103
IT-0247,en/IT-0247_system-access-request-policy_Procedure.txt,System Access Request - Procedure (Jeddah Office),system_access,Information Technology,IT,Procedure,en,Jeddah Office,JED,2.2,Active,2025-05-27,,IT-0007 IT-0031 HR-0111
FIN-0191,en/FIN-0191_travel-cash-advance-policy_Procedure.txt,Travel Cash Advance - Procedure (Dubai Office),travel_advance,Finance,FIN,Procedure,en,Dubai Office,DXB,2.2,Active,2023-08-01,,FIN-0023 FIN-0031 FIN-0007
FAC-0183,en/FAC-0183_smoking-policy_Procedure.txt,Smoking - Procedure (Riyadh Office),smoking_policy,Facilities,FAC,Procedure,en,Riyadh Office,RUH,2.0,Active,2024-05-31,,FAC-0039 FAC-0047
HR-0328,ar/HR-0328_promotion-policy_Procedure.txt,الترقية - إجراء (مكتب الرياض),promotion,Human Resources,HR,Procedure,ar,مكتب الرياض,RUH,2.1,Active,2024-10-21,,HR-0088 HR-0104
IT-0248,ar/IT-0248_system-access-request-policy_Procedure.txt,طلب الوصول إلى الأنظمة - إجراء (مكتب جدة),system_access,Information Technology,IT,Procedure,ar,مكتب جدة,JED,2.2,Active,2023-08-30,,IT-0008 IT-0032 HR-0112
FIN-0192,ar/FIN-0192_travel-cash-advance-policy_Procedure.txt,السلفة النقدية للسفر - إجراء (مكتب دبي),travel_advance,Finance,FIN,Procedure,ar,مكتب دبي,DXB,2.3,Active,2025-01-05,,FIN-0024 FIN-0032 FIN-0008
FAC-0184,ar/FAC-0184_smoking-policy_Procedure.txt,التدخين - إجراء (مكتب الرياض),smoking_policy,Facilities,FAC,Procedure,ar,مكتب الرياض,RUH,2.2,Active,2023-06-08,,FAC-0040 FAC-0048
HR-0329,en/HR-0329_salary-review-policy_Policy.txt,Salary Review Policy (Riyadh Office),salary_review,Human Resources,HR,Policy,en,Riyadh Office,RUH,2.2,Active,2023-12-02,,HR-0087 HR-0095
IT-0249,en/IT-0249_vpn-and-remote-access-policy_Policy.txt,VPN and Remote Access Policy (Jeddah Office),vpn_remote_access,Information Technology,IT,Policy,en,Jeddah Office,JED,2.2,Active,2023-10-23,,HR-0063 IT-0015
FIN-0193,en/FIN-0193_expense-reimbursement-policy_Policy.txt,Expense Reimbursement Policy (Cairo Office),expense_reimbursement,Finance,FIN,Policy,en,Cairo Office,CAI,2.2,Active,2024-02-01,,FIN-0015 FIN-0023 FIN-0031
FAC-0185,en/FAC-0185_lost-and-found-policy_Policy.txt,Lost and Found Policy (Riyadh Office),lost_and_found,Facilities,FAC,Policy,en,Riyadh Office,RUH,1.1,Superseded,2023-04-23,FAC-0105,FAC-0023 FAC-0031
HR-0330,ar/HR-0330_salary-review-policy_Policy.txt,سياسة مراجعة الرواتب (مكتب الرياض),salary_review,Human Resources,HR,Policy,ar,مكتب الرياض,RUH,2.1,Active,2023-04-08,,HR-0088 HR-0096
IT-0250,ar/IT-0250_vpn-and-remote-access-policy_Policy.txt,سياسة الوصول عن بُعد و VPN (مكتب جدة),vpn_remote_access,Information Technology,IT,Policy,ar,مكتب جدة,JED,2.0,Active,2025-04-16,,HR-0064 IT-0016
FIN-0194,ar/FIN-0194_expense-reimbursement-policy_Policy.txt,سياسة استرداد المصروفات (مكتب القاهرة),expense_reimbursement,Finance,FIN,Policy,ar,مكتب القاهرة,CAI,2.1,Active,2025-03-24,,FIN-0016 FIN-0024 FIN-0032
FAC-0186,ar/FAC-0186_lost-and-found-policy_Policy.txt,سياسة المفقودات (مكتب الرياض),lost_and_found,Facilities,FAC,Policy,ar,مكتب الرياض,RUH,1.0,Superseded,2024-01-31,FAC-0106,FAC-0024 FAC-0032
HR-0331,en/HR-0331_salary-review-policy_QuickReference.txt,Salary Review - Quick Reference (Riyadh Office),salary_review,Human Resources,HR,Quick Reference,en,Riyadh Office,RUH,2.3,Active,2023-02-16,,HR-0087 HR-0095
IT-0251,en/IT-0251_vpn-and-remote-access-policy_QuickReference.txt,VPN and Remote Access - Quick Reference (Jeddah Office),vpn_remote_access,Information Technology,IT,Quick Reference,en,Jeddah Office,JED,2.1,Active,2023-04-12,,HR-0063 IT-0015
FIN-0195,en/FIN-0195_expense-reimbursement-policy_QuickReference.txt,Expense Reimbursement - Quick Reference (Cairo Office),expense_reimbursement,Finance,FIN,Quick Reference,en,Cairo Office,CAI,2.4,Active,2024-12-07,,FIN-0015 FIN-0023 FIN-0031
FAC-0187,en/FAC-0187_lost-and-found-policy_QuickReference.txt,Lost and Found - Quick Reference (Riyadh Office),lost_and_found,Facilities,FAC,Quick Reference,en,Riyadh Office,RUH,2.1,Active,2023-03-05,,FAC-0023 FAC-0031
HR-0332,ar/HR-0332_salary-review-policy_QuickReference.txt,مراجعة الرواتب - مرجع سريع (مكتب الرياض),salary_review,Human Resources,HR,Quick Reference,ar,مكتب الرياض,RUH,2.0,Active,2025-04-25,,HR-0088 HR-0096
IT-0252,ar/IT-0252_vpn-and-remote-access-policy_QuickReference.txt,الوصول عن بُعد و VPN - مرجع سريع (مكتب جدة),vpn_remote_access,Information Technology,IT,Quick Reference,ar,مكتب جدة,JED,2.2,Active,2025-05-10,,HR-0064 IT-0016
FIN-0196,ar/FIN-0196_expense-reimbursement-policy_QuickReference.txt,استرداد المصروفات - مرجع سريع (مكتب القاهرة),expense_reimbursement,Finance,FIN,Quick Reference,ar,مكتب القاهرة,CAI,1.4,Superseded,2023-03-24,FIN-0008,FIN-0016 FIN-0024 FIN-0032
FAC-0188,ar/FAC-0188_lost-and-found-policy_QuickReference.txt,المفقودات - مرجع سريع (مكتب الرياض),lost_and_found,Facilities,FAC,Quick Reference,ar,مكتب الرياض,RUH,2.4,Active,2024-04-09,,FAC-0024 FAC-0032
HR-0333,en/HR-0333_salary-review-policy_Procedure.txt,Salary Review - Procedure (Riyadh Office),salary_review,Human Resources,HR,Procedure,en,Riyadh Office,RUH,2.2,Active,2024-01-17,,HR-0087 HR-0095
IT-0253,en/IT-0253_vpn-and-remote-access-policy_Procedure.txt,VPN and Remote Access - Procedure (Jeddah Office),vpn_remote_access,Information Technology,IT,Procedure,en,Jeddah Office,JED,2.2,Active,2023-10-25,,HR-0063 IT-0015
FIN-0197,en/FIN-0197_expense-reimbursement-policy_Procedure.txt,Expense Reimbursement - Procedure (Cairo Office),expense_reimbursement,Finance,FIN,Procedure,en,Cairo Office,CAI,2.4,Active,2025-05-24,,FIN-0015 FIN-0023 FIN-0031
FAC-0189,en/FAC-0189_lost-and-found-policy_Procedure.txt,Lost and Found - Procedure (Riyadh Office),lost_and_found,Facilities,FAC,Procedure,en,Riyadh Office,RUH,1.3,Superseded,2023-03-23,FAC-0107,FAC-0023 FAC-0031
HR-0334,ar/HR-0334_salary-review-policy_Procedure.txt,مراجعة الرواتب - إجراء (مكتب الرياض),salary_review,Human Resources,HR,Procedure,ar,مكتب الرياض,RUH,2.2,Active,2023-09-01,,HR-0088 HR-0096
IT-0254,ar/IT-0254_vpn-and-remote-access-policy_Procedure.txt,الوصول عن بُعد و VPN - إجراء (مكتب جدة),vpn_remote_access,Information Technology,IT,Procedure,ar,مكتب جدة,JED,2.3,Active,2024-11-30,,HR-0064 IT-0016
FIN-0198,ar/FIN-0198_expense-reimbursement-policy_Procedure.txt,استرداد المصروفات - إجراء (مكتب القاهرة),expense_reimbursement,Finance,FIN,Procedure,ar,مكتب القاهرة,CAI,2.2,Active,2024-10-17,,FIN-0016 FIN-0024 FIN-0032
FAC-0190,ar/FAC-0190_lost-and-found-policy_Procedure.txt,المفقودات - إجراء (مكتب الرياض),lost_and_found,Facilities,FAC,Procedure,ar,مكتب الرياض,RUH,2.2,Active,2025-04-05,,FAC-0024 FAC-0032
HR-0335,en/HR-0335_onboarding-policy_Policy.txt,Onboarding Policy (Riyadh Office),onboarding,Human Resources,HR,Policy,en,Riyadh Office,RUH,1.3,Superseded,2023-12-15,HR-0105,HR-0079 HR-0143 IT-0023
IT-0255,en/IT-0255_hardware-request-policy_Policy.txt,Hardware Request Policy (Jeddah Office),hardware_request,Information Technology,IT,Policy,en,Jeddah Office,JED,2.1,Active,2025-04-02,,IT-0087 IT-0071 FAC-0063
FIN-0199,en/FIN-0199_petty-cash-policy_Policy.txt,Petty Cash Policy (Cairo Office),petty_cash,Finance,FIN,Policy,en,Cairo Office,CAI,2.4,Active,2023-09-01,,FIN-0007
FAC-0191,en/FAC-0191_meeting-room-booking-policy_Policy.txt,Meeting Room Booking Policy (Jeddah Office),meeting_room_booking,Facilities,FAC,Policy,en,Jeddah Office,JED,2.3,Active,2024-06-10,,FAC-0031 FAC-0015
HR-0336,ar/HR-0336_onboarding-policy_Policy.txt,سياسة الإلحاق الوظيفي (مكتب الرياض),onboarding,Human Resources,HR,Policy,ar,مكتب الرياض,RUH,2.3,Active,2024-07-14,,HR-0080 HR-0144 IT-0024
IT-0256,ar/IT-0256_hardware-request-policy_Policy.txt,سياسة طلب الأجهزة (مكتب جدة),hardware_request,Information Technology,IT,Policy,ar,مكتب جدة,JED,2.3,Active,2024-03-17,,IT-0088 IT-0072 FAC-0064
FIN-0200,ar/FIN-0200_petty-cash-policy_Policy.txt,سياسة المصروفات النثرية (مكتب القاهرة),petty_cash,Finance,FIN,Policy,ar,مكتب القاهرة,CAI,2.1,Active,2025-01-18,,FIN-0008
FAC-0192,ar/FAC-0192_meeting-room-booking-policy_Policy.txt,سياسة حجز قاعات الاجتماعات (مكتب جدة),meeting_room_booking,Facilities,FAC,Policy,ar,مكتب جدة,JED,2.2,Active,2025-04-17,,FAC-0032 FAC-0016
HR-0337,en/HR-0337_onboarding-policy_QuickReference.txt,Onboarding - Quick Reference (Riyadh Office),onboarding,Human Resources,HR,Quick Reference,en,Riyadh Office,RUH,2.4,Active,2024-10-24,,HR-0079 HR-0143 IT-0023
IT-0257,en/IT-0257_hardware-request-policy_QuickReference.txt,Hardware Request - Quick Reference (Jeddah Office),hardware_request,Information Technology,IT,Quick Reference,en,Jeddah Office,JED,2.3,Active,2023-04-10,,IT-0087 IT-0071 FAC-0063
FIN-0201,en/FIN-0201_petty-cash-policy_QuickReference.txt,Petty Cash - Quick Reference (Cairo Office),petty_cash,Finance,FIN,Quick Reference,en,Cairo Office,CAI,2.2,Active,2025-03-29,,FIN-0007
FAC-0193,en/FAC-0193_meeting-room-booking-policy_QuickReference.txt,Meeting Room Booking - Quick Reference (Jeddah Office),meeting_room_booking,Facilities,FAC,Quick Reference,en,Jeddah Office,JED,2.3,Active,2023-05-23,,FAC-0031 FAC-0015
HR-0338,ar/HR-0338_onboarding-policy_QuickReference.txt,الإلحاق الوظيفي - مرجع سريع (مكتب الرياض),onboarding,Human Resources,HR,Quick Reference,ar,مكتب الرياض,RUH,2.4,Active,2023-12-27,,HR-0080 HR-0144 IT-0024
IT-0258,ar/IT-0258_hardware-request-policy_QuickReference.txt,طلب الأجهزة - مرجع سريع (مكتب جدة),hardware_request,Information Technology,IT,Quick Reference,ar,مكتب جدة,JED,1.5,Superseded,2023-01-03,IT-0080,IT-0088 IT-0072 FAC-0064
FIN-0202,ar/FIN-0202_petty-cash-policy_QuickReference.txt,المصروفات النثرية - مرجع سريع (مكتب القاهرة),petty_cash,Finance,FIN,Quick Reference,ar,مكتب القاهرة,CAI,2.2,Active,2023-06-09,,FIN-0008
FAC-0194,ar/FAC-0194_meeting-room-booking-policy_QuickReference.txt,حجز قاعات الاجتماعات - مرجع سريع (مكتب جدة),meeting_room_booking,Facilities,FAC,Quick Reference,ar,مكتب جدة,JED,2.0,Active,2024-05-28,,FAC-0032 FAC-0016
HR-0339,en/HR-0339_onboarding-policy_Procedure.txt,Onboarding - Procedure (Riyadh Office),onboarding,Human Resources,HR,Procedure,en,Riyadh Office,RUH,2.4,Active,2025-01-26,,HR-0079 HR-0143 IT-0023
IT-0259,en/IT-0259_hardware-request-policy_Procedure.txt,Hardware Request - Procedure (Jeddah Office),hardware_request,Information Technology,IT,Procedure,en,Jeddah Office,JED,1.6,Superseded,2023-12-12,IT-0075,IT-0087 IT-0071 FAC-0063
FIN-0203,en/FIN-0203_petty-cash-policy_Procedure.txt,Petty Cash - Procedure (Cairo Office),petty_cash,Finance,FIN,Procedure,en,Cairo Office,CAI,1.1,Superseded,2023-01-21,FIN-0059,FIN-0007
FAC-0195,en/FAC-0195_meeting-room-booking-policy_Procedure.txt,Meeting Room Booking - Procedure (Jeddah Office),meeting_room_booking,Facilities,FAC,Procedure,en,Jeddah Office,JED,2.1,Active,2025-05-03,,FAC-0031 FAC-0015
HR-0340,ar/HR-0340_onboarding-policy_Procedure.txt,الإلحاق الوظيفي - إجراء (مكتب الرياض),onboarding,Human Resources,HR,Procedure,ar,مكتب الرياض,RUH,2.4,Active,2024-05-29,,HR-0080 HR-0144 IT-0024
IT-0260,ar/IT-0260_hardware-request-policy_Procedure.txt,طلب الأجهزة - إجراء (مكتب جدة),hardware_request,Information Technology,IT,Procedure,ar,مكتب جدة,JED,2.2,Active,2023-07-03,,IT-0088 IT-0072 FAC-0064
FIN-0204,ar/FIN-0204_petty-cash-policy_Procedure.txt,المصروفات النثرية - إجراء (مكتب القاهرة),petty_cash,Finance,FIN,Procedure,ar,مكتب القاهرة,CAI,2.0,Active,2023-06-27,,FIN-0008
FAC-0196,ar/FAC-0196_meeting-room-booking-policy_Procedure.txt,حجز قاعات الاجتماعات - إجراء (مكتب جدة),meeting_room_booking,Facilities,FAC,Procedure,ar,مكتب جدة,JED,2.2,Active,2023-05-10,,FAC-0032 FAC-0016
HR-0341,en/HR-0341_offboarding-policy_Policy.txt,Offboarding Policy (Riyadh Office),offboarding,Human Resources,HR,Policy,en,Riyadh Office,RUH,2.1,Active,2024-11-01,,HR-0127 IT-0087 IT-0023
IT-0261,en/IT-0261_clear-desk-and-screen-policy_Policy.txt,Clear Desk and Screen Policy (Jeddah Office),clear_desk,Information Technology,IT,Policy,en,Jeddah Office,JED,2.2,Active,2024-05-11,,IT-0127 LEG-0007
FIN-0205,en/FIN-0205_payroll-schedule-policy_Policy.txt,Payroll Schedule Policy (Cairo Office),payroll_schedule,Finance,FIN,Policy,en,Cairo Office,CAI,2.0,Active,2023-08-05,,HR-0103 FIN-0079
FAC-0197,en/FAC-0197_parking-policy_Policy.txt,Parking Policy (Jeddah Office),parking,Facilities,FAC,Policy,en,Jeddah Office,JED,2.3,Active,2024-10-20,,FAC-0023
HR-0342,ar/HR-0342_offboarding-policy_Policy.txt,سياسة إنهاء الخدمة (مكتب الرياض),offboarding,Human Resources,HR,Policy,ar,مكتب الرياض,RUH,2.0,Active,2024-07-23,,HR-0128 IT-0088 IT-0024
IT-0262,ar/IT-0262_clear-desk-and-screen-policy_Policy.txt,سياسة المكتب والشاشة النظيفين (مكتب جدة),clear_desk,Information Technology,IT,Policy,ar,مكتب جدة,JED,2.4,Active,2025-03-13,,IT-0128 LEG-0008
FIN-0206,ar/FIN-0206_payroll-schedule-policy_Policy.txt,سياسة جدول الرواتب (مكتب القاهرة),payroll_schedule,Finance,FIN,Policy,ar,مكتب القاهرة,CAI,2.3,Active,2024-04-19,,HR-0104 FIN-0080
FAC-0198,ar/FAC-0198_parking-policy_Policy.txt,سياسة مواقف السيارات (مكتب جدة),parking,Facilities,FAC,Policy,ar,مكتب جدة,JED,2.1,Active,2024-12-24,,FAC-0024
HR-0343,en/HR-0343_offboarding-policy_QuickReference.txt,Offboarding - Quick Reference (Riyadh Office),offboarding,Human Resources,HR,Quick Reference,en,Riyadh Office,RUH,2.4,Active,2024-06-25,,HR-0127 IT-0087 IT-0023
IT-0263,en/IT-0263_clear-desk-and-screen-policy_QuickReference.txt,Clear Desk and Screen - Quick Reference (Jeddah Office),clear_desk,Information Technology,IT,Quick Reference,en,Jeddah Office,JED,2.0,Active,2025-05-21,,IT-0127 LEG-0007
FIN-0207,en/FIN-0207_payroll-schedule-policy_QuickReference.txt,Payroll Schedule - Quick Reference (Cairo Office),payroll_schedule,Finance,FIN,Quick Reference,en,Cairo Office,CAI,2.4,Active,2024-08-13,,HR-0103 FIN-0079
FAC-0199,en/FAC-0199_parking-policy_QuickReference.txt,Parking - Quick Reference (Jeddah Office),parking,Facilities,FAC,Quick Reference,en,Jeddah Office,JED,2.3,Active,2023-06-16,,FAC-0023
HR-0344,ar/HR-0344_offboarding-policy_QuickReference.txt,إنهاء الخدمة - مرجع سريع (مكتب الرياض),offboarding,Human Resources,HR,Quick Reference,ar,مكتب الرياض,RUH,2.0,Active,2025-04-29,,HR-0128 IT-0088 IT-0024
IT-0264,ar/IT-0264_clear-desk-and-screen-policy_QuickReference.txt,المكتب والشاشة النظيفين - مرجع سريع (مكتب جدة),clear_desk,Information Technology,IT,Quick Reference,ar,مكتب جدة,JED,2.4,Active,2024-09-04,,IT-0128 LEG-0008
FIN-0208,ar/FIN-0208_payroll-schedule-policy_QuickReference.txt,جدول الرواتب - مرجع سريع (مكتب القاهرة),payroll_schedule,Finance,FIN,Quick Reference,ar,مكتب القاهرة,CAI,2.4,Active,2023-04-20,,HR-0104 FIN-0080
FAC-0200,ar/FAC-0200_parking-policy_QuickReference.txt,مواقف السيارات - مرجع سريع (مكتب جدة),parking,Facilities,FAC,Quick Reference,ar,مكتب جدة,JED,2.3,Active,2023-04-06,,FAC-0024
HR-0345,en/HR-0345_offboarding-policy_Procedure.txt,Offboarding - Procedure (Riyadh Office),offboarding,Human Resources,HR,Procedure,en,Riyadh Office,RUH,2.1,Active,2023-12-22,,HR-0127 IT-0087 IT-0023
IT-0265,en/IT-0265_clear-desk-and-screen-policy_Procedure.txt,Clear Desk and Screen - Procedure (Jeddah Office),clear_desk,Information Technology,IT,Procedure,en,Jeddah Office,JED,2.1,Active,2023-12-27,,IT-0127 LEG-0007
FIN-0209,en/FIN-0209_payroll-schedule-policy_Procedure.txt,Payroll Schedule - Procedure (Cairo Office),payroll_schedule,Finance,FIN,Procedure,en,Cairo Office,CAI,1.2,Superseded,2023-10-06,FIN-0067,HR-0103 FIN-0079
FAC-0201,en/FAC-0201_parking-policy_Procedure.txt,Parking - Procedure (Jeddah Office),parking,Facilities,FAC,Procedure,en,Jeddah Office,JED,2.0,Active,2024-05-05,,FAC-0023
HR-0346,ar/HR-0346_offboarding-policy_Procedure.txt,إنهاء الخدمة - إجراء (مكتب الرياض),offboarding,Human Resources,HR,Procedure,ar,مكتب الرياض,RUH,2.0,Active,2024-10-10,,HR-0128 IT-0088 IT-0024
IT-0266,ar/IT-0266_clear-desk-and-screen-policy_Procedure.txt,المكتب والشاشة النظيفين - إجراء (مكتب جدة),clear_desk,Information Technology,IT,Procedure,ar,مكتب جدة,JED,2.2,Active,2025-03-11,,IT-0128 LEG-0008
FIN-0210,ar/FIN-0210_payroll-schedule-policy_Procedure.txt,جدول الرواتب - إجراء (مكتب القاهرة),payroll_schedule,Finance,FIN,Procedure,ar,مكتب القاهرة,CAI,2.4,Active,2024-06-28,,HR-0104 FIN-0080
FAC-0202,ar/FAC-0202_parking-policy_Procedure.txt,مواقف السيارات - إجراء (مكتب جدة),parking,Facilities,FAC,Procedure,ar,مكتب جدة,JED,2.0,Active,2024-11-06,,FAC-0024
HR-0347,en/HR-0347_resignation-and-notice-policy_Policy.txt,Resignation and Notice Policy (Riyadh Office),resignation_notice,Human Resources,HR,Policy,en,Riyadh Office,RUH,2.1,Active,2024-07-28,,HR-0119 HR-0135
IT-0267,en/IT-0267_printing-policy_Policy.txt,Printing Policy (Jeddah Office),printing,Information Technology,IT,Policy,en,Jeddah Office,JED,2.4,Active,2025-05-09,,IT-0119
FIN-0211,en/FIN-0211_travel-cash-advance-policy_Policy.txt,Travel Cash Advance Policy (Cairo Office),travel_advance,Finance,FIN,Policy,en,Cairo Office,CAI,2.1,Active,2025-04-01,,FIN-0023 FIN-0031 FIN-0007
FAC-0203,en/FAC-0203_building-access-policy_Policy.txt,Building Access Policy (Jeddah Office),building_access,Facilities,FAC,Policy,en,Jeddah Office,JED,2.4,Active,2025-06-03,,FAC-0015 FAC-0031
HR-0348,ar/HR-0348_resignation-and-notice-policy_Policy.txt,سياسة الاستقالة ومدة الإشعار (مكتب الرياض),resignation_notice,Human Resources,HR,Policy,ar,مكتب الرياض,RUH,2.4,Active,2024-03-09,,HR-0120 HR-0136
IT-0268,ar/IT-0268_printing-policy_Policy.txt,سياسة الطباعة (مكتب جدة),printing,Information Technology,IT,Policy,ar,مكتب جدة,JED,2.0,Active,2025-03-16,,IT-0120
FIN-0212,ar/FIN-0212_travel-cash-advance-policy_Policy.txt,سياسة السلفة النقدية للسفر (مكتب القاهرة),travel_advance,Finance,FIN,Policy,ar,مكتب القاهرة,CAI,2.2,Active,2024-01-24,,FIN-0024 FIN-0032 FIN-0008
FAC-0204,ar/FAC-0204_building-access-policy_Policy.txt,سياسة الدخول إلى المبنى (مكتب جدة),building_access,Facilities,FAC,Policy,ar,مكتب جدة,JED,2.0,Active,2023-02-21,,FAC-0016 FAC-0032
HR-0349,en/HR-0349_resignation-and-notice-policy_QuickReference.txt,Resignation and Notice - Quick Reference (Riyadh Office),resignation_notice,Human Resources,HR,Quick Reference,en,Riyadh Office,RUH,2.3,Active,2024-04-08,,HR-0119 HR-0135
IT-0269,en/IT-0269_printing-policy_QuickReference.txt,Printing - Quick Reference (Jeddah Office),printing,Information Technology,IT,Quick Reference,en,Jeddah Office,JED,2.1,Active,2025-04-13,,IT-0119
FIN-0213,en/FIN-0213_travel-cash-advance-policy_QuickReference.txt,Travel Cash Advance - Quick Reference (Cairo Office),travel_advance,Finance,FIN,Quick Reference,en,Cairo Office,CAI,2.2,Active,2025-03-03,,FIN-0023 FIN-0031 FIN-0007
FAC-0205,en/FAC-0205_building-access-policy_QuickReference.txt,Building Access - Quick Reference (Jeddah Office),building_access,Facilities,FAC,Quick Reference,en,Jeddah Office,JED,2.1,Active,2024-03-31,,FAC-0015 FAC-0031
HR-0350,ar/HR-0350_resignation-and-notice-policy_QuickReference.txt,الاستقالة ومدة الإشعار - مرجع سريع (مكتب الرياض),resignation_notice,Human Resources,HR,Quick Reference,ar,مكتب الرياض,RUH,2.0,Active,2023-11-18,,HR-0120 HR-0136
IT-0270,ar/IT-0270_printing-policy_QuickReference.txt,الطباعة - مرجع سريع (مكتب جدة),printing,Information Technology,IT,Quick Reference,ar,مكتب جدة,JED,2.2,Active,2023-03-29,,IT-0120
FIN-0214,ar/FIN-0214_travel-cash-advance-policy_QuickReference.txt,السلفة النقدية للسفر - مرجع سريع (مكتب القاهرة),travel_advance,Finance,FIN,Quick Reference,ar,مكتب القاهرة,CAI,2.3,Active,2024-11-10,,FIN-0024 FIN-0032 FIN-0008
FAC-0206,ar/FAC-0206_building-access-policy_QuickReference.txt,الدخول إلى المبنى - مرجع سريع (مكتب جدة),building_access,Facilities,FAC,Quick Reference,ar,مكتب جدة,JED,1.3,Superseded,2023-08-27,FAC-0024,FAC-0016 FAC-0032
HR-0351,en/HR-0351_resignation-and-notice-policy_Procedure.txt,Resignation and Notice - Procedure (Riyadh Office),resignation_notice,Human Resources,HR,Procedure,en,Riyadh Office,RUH,2.4,Active,2023-06-09,,HR-0119 HR-0135
IT-0271,en/IT-0271_printing-policy_Procedure.txt,Printing - Procedure (Jeddah Office),printing,Information Technology,IT,Procedure,en,Jeddah Office,JED,2.2,Active,2023-09-05,,IT-0119
FIN-0215,en/FIN-0215_travel-cash-advance-policy_Procedure.txt,Travel Cash Advance - Procedure (Cairo Office),travel_advance,Finance,FIN,Procedure,en,Cairo Office,CAI,2.1,Active,2023-10-03,,FIN-0023 FIN-0031 FIN-0007
FAC-0207,en/FAC-0207_building-access-policy_Procedure.txt,Building Access - Procedure (Jeddah Office),building_access,Facilities,FAC,Procedure,en,Jeddah Office,JED,1.4,Superseded,2023-04-07,FAC-0019,FAC-0015 FAC-0031
HR-0352,ar/HR-0352_resignation-and-notice-policy_Procedure.txt,الاستقالة ومدة الإشعار - إجراء (مكتب الرياض),resignation_notice,Human Resources,HR,Procedure,ar,مكتب الرياض,RUH,2.2,Active,2023-07-18,,HR-0120 HR-0136
IT-0272,ar/IT-0272_printing-policy_Procedure.txt,الطباعة - إجراء (مكتب جدة),printing,Information Technology,IT,Procedure,ar,مكتب جدة,JED,2.4,Active,2023-04-27,,IT-0120
FIN-0216,ar/FIN-0216_travel-cash-advance-policy_Procedure.txt,السلفة النقدية للسفر - إجراء (مكتب القاهرة),travel_advance,Finance,FIN,Procedure,ar,مكتب القاهرة,CAI,1.3,Superseded,2023-05-03,FIN-0092,FIN-0024 FIN-0032 FIN-0008
FAC-0208,ar/FAC-0208_building-access-policy_Procedure.txt,الدخول إلى المبنى - إجراء (مكتب جدة),building_access,Facilities,FAC,Procedure,ar,مكتب جدة,JED,2.1,Active,2024-07-06,,FAC-0016 FAC-0032
HR-0353,en/HR-0353_dress-code-policy_Policy.txt,Dress Code Policy (Riyadh Office),dress_code,Human Resources,HR,Policy,en,Riyadh Office,RUH,2.1,Active,2023-04-29,,FAC-0031
IT-0273,en/IT-0273_it-support-service-levels_Policy.txt,IT Support Service Levels (Jeddah Office),help_desk_sla,Information Technology,IT,Policy,en,Jeddah Office,JED,2.1,Active,2024-08-14,,IT-0023 IT-0079
FIN-0217,en/FIN-0217_expense-reimbursement-policy_Policy.txt,Expense Reimbursement Policy (Remote-first Teams),expense_reimbursement,Finance,FIN,Policy,en,Remote-first Teams,REM,1.0,Superseded,2023-12-14,FIN-0001,FIN-0015 FIN-0023 FIN-0031
FAC-0209,en/FAC-0209_visitor-management-policy_Policy.txt,Visitor Management Policy (Jeddah Office),visitor_management,Facilities,FAC,Policy,en,Jeddah Office,JED,2.4,Active,2023-10-22,,FAC-0023 LEG-0007
HR-0354,ar/HR-0354_dress-code-policy_Policy.txt,سياسة الزي في العمل (مكتب الرياض),dress_code,Human Resources,HR,Policy,ar,مكتب الرياض,RUH,2.4,Active,2023-08-16,,FAC-0032
IT-0274,ar/IT-0274_it-support-service-levels_Policy.txt,مستويات خدمة الدعم التقني (مكتب جدة),help_desk_sla,Information Technology,IT,Policy,ar,مكتب جدة,JED,2.4,Active,2025-05-17,,IT-0024 IT-0080
FIN-0218,ar/FIN-0218_expense-reimbursement-policy_Policy.txt,سياسة استرداد المصروفات (الفرق العاملة عن بُعد),expense_reimbursement,Finance,FIN,Policy,ar,الفرق العاملة عن بُعد,REM,2.1,Active,2023-05-05,,FIN-0016 FIN-0024 FIN-0032
FAC-0210,ar/FAC-0210_visitor-management-policy_Policy.txt,سياسة إدارة الزوار (مكتب جدة),visitor_management,Facilities,FAC,Policy,ar,مكتب جدة,JED,1.0,Superseded,2023-12-12,FAC-0026,FAC-0024 LEG-0008
HR-0355,en/HR-0355_dress-code-policy_QuickReference.txt,Dress Code - Quick Reference (Riyadh Office),dress_code,Human Resources,HR,Quick Reference,en,Riyadh Office,RUH,2.4,Active,2024-04-01,,FAC-0031
IT-0275,en/IT-0275_it-support-service-levels_QuickReference.txt,IT Support Service Levels - Quick Reference (Jeddah Office),help_desk_sla,Information Technology,IT,Quick Reference,en,Jeddah Office,JED,1.0,Superseded,2023-01-13,IT-0135,IT-0023 IT-0079
FIN-0219,en/FIN-0219_expense-reimbursement-policy_QuickReference.txt,Expense Reimbursement - Quick Reference (Remote-first Teams),expense_reimbursement,Finance,FIN,Quick Reference,en,Remote-first Teams,REM,2.3,Active,2024-09-23,,FIN-0015 FIN-0023 FIN-0031
FAC-0211,en/FAC-0211_visitor-management-policy_QuickReference.txt,Visitor Management - Quick Reference (Jeddah Office),visitor_management,Facilities,FAC,Quick Reference,en,Jeddah Office,JED,2.3,Active,2023-10-23,,FAC-0023 LEG-0007
HR-0356,ar/HR-0356_dress-code-policy_QuickReference.txt,الزي في العمل - مرجع سريع (مكتب الرياض),dress_code,Human Resources,HR,Quick Reference,ar,مكتب الرياض,RUH,2.2,Active,2023-04-26,,FAC-0032
IT-0276,ar/IT-0276_it-support-service-levels_QuickReference.txt,مستويات خدمة الدعم التقني - مرجع سريع (مكتب جدة),help_desk_sla,Information Technology,IT,Quick Reference,ar,مكتب جدة,JED,2.3,Active,2023-10-04,,IT-0024 IT-0080
FIN-0220,ar/FIN-0220_expense-reimbursement-policy_QuickReference.txt,استرداد المصروفات - مرجع سريع (الفرق العاملة عن بُعد),expense_reimbursement,Finance,FIN,Quick Reference,ar,الفرق العاملة عن بُعد,REM,2.1,Active,2024-09-16,,FIN-0016 FIN-0024 FIN-0032
FAC-0212,ar/FAC-0212_visitor-management-policy_QuickReference.txt,إدارة الزوار - مرجع سريع (مكتب جدة),visitor_management,Facilities,FAC,Quick Reference,ar,مكتب جدة,JED,2.3,Active,2024-01-25,,FAC-0024 LEG-0008
HR-0357,en/HR-0357_dress-code-policy_Procedure.txt,Dress Code - Procedure (Riyadh Office),dress_code,Human Resources,HR,Procedure,en,Riyadh Office,RUH,2.4,Active,2024-05-31,,FAC-0031
IT-0277,en/IT-0277_it-support-service-levels_Procedure.txt,IT Support Service Levels - Procedure (Jeddah Office),help_desk_sla,Information Technology,IT,Procedure,en,Jeddah Office,JED,2.2,Active,2025-05-10,,IT-0023 IT-0079
FIN-0221,en/FIN-0221_expense-reimbursement-policy_Procedure.txt,Expense Reimbursement - Procedure (Remote-first Teams),expense_reimbursement,Finance,FIN,Procedure,en,Remote-first Teams,REM,2.2,Active,2025-02-22,,FIN-0015 FIN-0023 FIN-0031
FAC-0213,en/FAC-0213_visitor-management-policy_Procedure.txt,Visitor Management - Procedure (Jeddah Office),visitor_management,Facilities,FAC,Procedure,en,Jeddah Office,JED,2.0,Active,2023-05-18,,FAC-0023 LEG-0007
HR-0358,ar/HR-0358_dress-code-policy_Procedure.txt,الزي في العمل - إجراء (مكتب الرياض),dress_code,Human Resources,HR,Procedure,ar,مكتب الرياض,RUH,2.0,Active,2024-04-02,,FAC-0032
IT-0278,ar/IT-0278_it-support-service-levels_Procedure.txt,مستويات خدمة الدعم التقني - إجراء (مكتب جدة),help_desk_sla,Information Technology,IT,Procedure,ar,مكتب جدة,JED,2.0,Active,2025-04-26,,IT-0024 IT-0080
FIN-0222,ar/FIN-0222_expense-reimbursement-policy_Procedure.txt,استرداد المصروفات - إجراء (الفرق العاملة عن بُعد),expense_reimbursement,Finance,FIN,Procedure,ar,الفرق العاملة عن بُعد,REM,2.0,Active,2023-05-18,,FIN-0016 FIN-0024 FIN-0032
FAC-0214,ar/FAC-0214_visitor-management-policy_Procedure.txt,إدارة الزوار - إجراء (مكتب جدة),visitor_management,Facilities,FAC,Procedure,ar,مكتب جدة,JED,1.1,Superseded,2023-03-12,FAC-0028,FAC-0024 LEG-0008
HR-0359,en/HR-0359_training-and-development-policy_Policy.txt,Training and Development Policy (Riyadh Office),training_development,Human Resources,HR,Policy,en,Riyadh Office,RUH,2.2,Active,2023-03-02,,HR-0087
IT-0279,en/IT-0279_guest-wi-fi-policy_Policy.txt,Guest Wi-Fi Policy (Jeddah Office),guest_wifi,Information Technology,IT,Policy,en,Jeddah Office,JED,2.0,Active,2025-01-14,,FAC-0031 IT-0047
FIN-0223,en/FIN-0223_petty-cash-policy_Policy.txt,Petty Cash Policy (Remote-first Teams),petty_cash,Finance,FIN,Policy,en,Remote-first Teams,REM,2.1,Active,2023-10-09,,FIN-0007
FAC-0215,en/FAC-0215_workplace-health-and-safety-policy_Policy.txt,Workplace Health and Safety Policy (Jeddah Office),health_safety,Facilities,FAC,Policy,en,Jeddah Office,JED,2.3,Active,2024-07-16,,FAC-0047 FAC-0055 FAC-0063
HR-0360,ar/HR-0360_training-and-development-policy_Policy.txt,سياسة التدريب والتطوير (مكتب الرياض),training_development,Human Resources,HR,Policy,ar,مكتب الرياض,RUH,2.4,Active,2024-12-17,,HR-0088
IT-0280,ar/IT-0280_guest-wi-fi-policy_Policy.txt,سياسة شبكة الضيوف اللاسلكية (مكتب جدة),guest_wifi,Information Technology,IT,Policy,ar,مكتب جدة,JED,2.0,Active,2024-11-08,,FAC-0032 IT-0048
FIN-0224,ar/FIN-0224_petty-cash-policy_Policy.txt,سياسة المصروفات النثرية (الفرق العاملة عن بُعد),petty_cash,Finance,FIN,Policy,ar,الفرق العاملة عن بُعد,REM,2.4,Active,2024-12-10,,FIN-0008
FAC-0216,ar/FAC-0216_workplace-health-and-safety-policy_Policy.txt,سياسة الصحة والسلامة في مكان العمل (مكتب جدة),health_safety,Facilities,FAC,Policy,ar,مكتب جدة,JED,2.1,Active,2025-04-01,,FAC-0048 FAC-0056 FAC-0064
HR-0361,en/HR-0361_training-and-development-policy_QuickReference.txt,Training and Development - Quick Reference (Riyadh Office),training_development,Human Resources,HR,Quick Reference,en,Riyadh Office,RUH,2.3,Active,2023-02-06,,HR-0087
IT-0281,en/IT-0281_guest-wi-fi-policy_QuickReference.txt,Guest Wi-Fi - Quick Reference (Jeddah Office),guest_wifi,Information Technology,IT,Quick Reference,en,Jeddah Office,JED,2.4,Active,2023-02-06,,FAC-0031 IT-0047
FIN-0225,en/FIN-0225_petty-cash-policy_QuickReference.txt,Petty Cash - Quick Reference (Remote-first Teams),petty_cash,Finance,FIN,Quick Reference,en,Remote-first Teams,REM,2.3,Active,2023-02-27,,FIN-0007
FAC-0217,en/FAC-0217_workplace-health-and-safety-policy_QuickReference.txt,Workplace Health and Safety - Quick Reference (Jeddah Office),health_safety,Facilities,FAC,Quick Reference,en,Jeddah Office,JED,2.4,Active,2023-12-16,,FAC-0047 FAC-0055 FAC-0063
HR-0362,ar/HR-0362_training-and-development-policy_QuickReference.txt,التدريب والتطوير - مرجع سريع (مكتب الرياض),training_development,Human Resources,HR,Quick Reference,ar,مكتب الرياض,RUH,2.2,Active,2023-03-16,,HR-0088
IT-0282,ar/IT-0282_guest-wi-fi-policy_QuickReference.txt,شبكة الضيوف اللاسلكية - مرجع سريع (مكتب جدة),guest_wifi,Information Technology,IT,Quick Reference,ar,مكتب جدة,JED,2.0,Active,2025-03-09,,FAC-0032 IT-0048
FIN-0226,ar/FIN-0226_petty-cash-policy_QuickReference.txt,المصروفات النثرية - مرجع سريع (الفرق العاملة عن بُعد),petty_cash,Finance,FIN,Quick Reference,ar,الفرق العاملة عن بُعد,REM,1.3,Superseded,2023-09-27,FIN-0064,FIN-0008
FAC-0218,ar/FAC-0218_workplace-health-and-safety-policy_QuickReference.txt,الصحة والسلامة في مكان العمل - مرجع سريع (مكتب جدة),health_safety,Facilities,FAC,Quick Reference,ar,مكتب جدة,JED,2.1,Active,2025-05-03,,FAC-0048 FAC-0056 FAC-0064
HR-0363,en/HR-0363_training-and-development-policy_Procedure.txt,Training and Development - Procedure (Riyadh Office),training_development,Human Resources,HR,Procedure,en,Riyadh Office,RUH,2.1,Active,2025-05-24,,HR-0087
IT-0283,en/IT-0283_guest-wi-fi-policy_Procedure.txt,Guest Wi-Fi - Procedure (Jeddah Office),guest_wifi,Information Technology,IT,Procedure,en,Jeddah Office,JED,2.1,Active,2024-09-29,,FAC-0031 IT-0047
FIN-0227,en/FIN-0227_petty-cash-policy_Procedure.txt,Petty Cash - Procedure (Remote-first Teams),petty_cash,Finance,FIN,Procedure,en,Remote-first Teams,REM,2.1,Active,2023-11-15,,FIN-0007
FAC-0219,en/FAC-0219_workplace-health-and-safety-policy_Procedure.txt,Workplace Health and Safety - Procedure (Jeddah Office),health_safety,Facilities,FAC,Procedure,en,Jeddah Office,JED,2.2,Active,2024-06-18,,FAC-0047 FAC-0055 FAC-0063
HR-0364,ar/HR-0364_training-and-development-policy_Procedure.txt,التدريب والتطوير - إجراء (مكتب الرياض),training_development,Human Resources,HR,Procedure,ar,مكتب الرياض,RUH,2.3,Active,2023-09-18,,HR-0088
IT-0284,ar/IT-0284_guest-wi-fi-policy_Procedure.txt,شبكة الضيوف اللاسلكية - إجراء (مكتب جدة),guest_wifi,Information Technology,IT,Procedure,ar,مكتب جدة,JED,2.4,Active,2025-04-24,,FAC-0032 IT-0048
FIN-0228,ar/FIN-0228_petty-cash-policy_Procedure.txt,المصروفات النثرية - إجراء (الفرق العاملة عن بُعد),petty_cash,Finance,FIN,Procedure,ar,الفرق العاملة عن بُعد,REM,2.2,Active,2023-08-23,,FIN-0008
FAC-0220,ar/FAC-0220_workplace-health-and-safety-policy_Procedure.txt,الصحة والسلامة في مكان العمل - إجراء (مكتب جدة),health_safety,Facilities,FAC,Procedure,ar,مكتب جدة,JED,2.2,Active,2023-03-27,,FAC-0048 FAC-0056 FAC-0064
HR-0365,en/HR-0365_company-car-policy_Policy.txt,Company Car Policy (Riyadh Office),company_car,Human Resources,HR,Policy,en,Riyadh Office,RUH,2.0,Active,2023-02-27,,FIN-0007 FIN-0015
IT-0285,en/IT-0285_password-policy_Policy.txt,Password Policy (Dubai Office),password_policy,Information Technology,IT,Policy,en,Dubai Office,DXB,2.1,Active,2024-09-13,,IT-0015 IT-0023 IT-0095
FIN-0229,en/FIN-0229_payroll-schedule-policy_Policy.txt,Payroll Schedule Policy (Remote-first Teams),payroll_schedule,Finance,FIN,Policy,en,Remote-first Teams,REM,2.3,Active,2024-06-01,,HR-0103 FIN-0079
FAC-0221,en/FAC-0221_fire-safety-policy_Policy.txt,Fire Safety Policy (Jeddah Office),fire_safety,Facilities,FAC,Policy,en,Jeddah Office,JED,2.4,Active,2023-09-09,,FAC-0039 FAC-0023
HR-0366,ar/HR-0366_company-car-policy_Policy.txt,سياسة سيارة الشركة (مكتب الرياض),company_car,Human Resources,HR,Policy,ar,مكتب الرياض,RUH,2.4,Active,2025-03-23,,FIN-0008 FIN-0016
IT-0286,ar/IT-0286_password-policy_Policy.txt,سياسة كلمات المرور (مكتب دبي),password_policy,Information Technology,IT,Policy,ar,مكتب دبي,DXB,2.0,Active,2023-06-02,,IT-0016 IT-0024 IT-0096
FIN-0230,ar/FIN-0230_payroll-schedule-policy_Policy.txt,سياسة جدول الرواتب (الفرق العاملة عن بُعد),payroll_schedule,Finance,FIN,Policy,ar,الفرق العاملة عن بُعد,REM,2.3,Active,2024-12-22,,HR-0104 FIN-0080
FAC-0222,ar/FAC-0222_fire-safety-policy_Policy.txt,سياسة السلامة من الحرائق (مكتب جدة),fire_safety,Facilities,FAC,Policy,ar,مكتب جدة,JED,2.2,Active,2023-11-13,,FAC-0040 FAC-0024
HR-0367,en/HR-0367_company-car-policy_QuickReference.txt,Company Car - Quick Reference (Riyadh Office),company_car,Human Resources,HR,Quick Reference,en,Riyadh Office,RUH,1.3,Superseded,2023-08-24,HR-0239,FIN-0007 FIN-0015
IT-0287,en/IT-0287_password-policy_QuickReference.txt,Password - Quick Reference (Dubai Office),password_policy,Information Technology,IT,Quick Reference,en,Dubai Office,DXB,2.2,Active,2025-05-27,,IT-0015 IT-0023 IT-0095
FIN-0231,en/FIN-0231_payroll-schedule-policy_QuickReference.txt,Payroll Schedule - Quick Reference (Remote-first Teams),payroll_schedule,Finance,FIN,Quick Reference,en,Remote-first Teams,REM,2.2,Active,2024-12-06,,HR-0103 FIN-0079
FAC-0223,en/FAC-0223_fire-safety-policy_QuickReference.txt,Fire Safety - Quick Reference (Jeddah Office),fire_safety,Facilities,FAC,Quick Reference,en,Jeddah Office,JED,2.0,Active,2023-12-18,,FAC-0039 FAC-0023
HR-0368,ar/HR-0368_company-car-policy_QuickReference.txt,سيارة الشركة - مرجع سريع (مكتب الرياض),company_car,Human Resources,HR,Quick Reference,ar,مكتب الرياض,RUH,2.4,Active,2025-01-19,,FIN-0008 FIN-0016
IT-0288,ar/IT-0288_password-policy_QuickReference.txt,كلمات المرور - مرجع سريع (مكتب دبي),password_policy,Information Technology,IT,Quick Reference,ar,مكتب دبي,DXB,2.3,Active,2024-08-06,,IT-0016 IT-0024 IT-0096
FIN-0232,ar/FIN-0232_payroll-schedule-policy_QuickReference.txt,جدول الرواتب - مرجع سريع (الفرق العاملة عن بُعد),payroll_schedule,Finance,FIN,Quick Reference,ar,الفرق العاملة عن بُعد,REM,2.2,Active,2025-04-22,,HR-0104 FIN-0080
FAC-0224,ar/FAC-0224_fire-safety-policy_QuickReference.txt,السلامة من الحرائق - مرجع سريع (مكتب جدة),fire_safety,Facilities,FAC,Quick Reference,ar,مكتب جدة,JED,2.4,Active,2025-05-16,,FAC-0040 FAC-0024
HR-0369,en/HR-0369_company-car-policy_Procedure.txt,Company Car - Procedure (Riyadh Office),company_car,Human Resources,HR,Procedure,en,Riyadh Office,RUH,2.3,Active,2023-07-13,,FIN-0007 FIN-0015
IT-0289,en/IT-0289_password-policy_Procedure.txt,Password - Procedure (Dubai Office),password_policy,Information Technology,IT,Procedure,en,Dubai Office,DXB,2.4,Active,2025-04-22,,IT-0015 IT-0023 IT-0095
FIN-0233,en/FIN-0233_payroll-schedule-policy_Procedure.txt,Payroll Schedule - Procedure (Remote-first Teams),payroll_schedule,Finance,FIN,Procedure,en,Remote-first Teams,REM,2.3,Active,2024-08-24,,HR-0103 FIN-0079
FAC-0225,en/FAC-0225_fire-safety-policy_Procedure.txt,Fire Safety - Procedure (Jeddah Office),fire_safety,Facilities,FAC,Procedure,en,Jeddah Office,JED,2.1,Active,2023-07-08,,FAC-0039 FAC-0023
HR-0370,ar/HR-0370_company-car-policy_Procedure.txt,سيارة الشركة - إجراء (مكتب الرياض),company_car,Human Resources,HR,Procedure,ar,مكتب الرياض,RUH,2.4,Active,2024-12-22,,FIN-0008 FIN-0016
IT-0290,ar/IT-0290_password-policy_Procedure.txt,كلمات المرور - إجراء (مكتب دبي),password_policy,Information Technology,IT,Procedure,ar,مكتب دبي,DXB,2.3,Active,2023-04-22,,IT-0016 IT-0024 IT-0096
FIN-0234,ar/FIN-0234_payroll-schedule-policy_Procedure.txt,جدول الرواتب - إجراء (الفرق العاملة عن بُعد),payroll_schedule,Finance,FIN,Procedure,ar,الفرق العاملة عن بُعد,REM,2.4,Active,2024-11-15,,HR-0104 FIN-0080
FAC-0226,ar/FAC-0226_fire-safety-policy_Procedure.txt,السلامة من الحرائق - إجراء (مكتب جدة),fire_safety,Facilities,FAC,Procedure,ar,مكتب جدة,JED,1.6,Superseded,2023-12-07,FAC-0044,FAC-0040 FAC-0024
HR-0371,en/HR-0371_annual-leave-policy_Policy.txt,Annual Leave Policy (Jeddah Office),annual_leave,Human Resources,HR,Policy,en,Jeddah Office,JED,2.3,Active,2024-02-06,,HR-0015 HR-0023 HR-0039
IT-0291,en/IT-0291_multi-factor-authentication-policy_Policy.txt,Multi-Factor Authentication Policy (Dubai Office),mfa,Information Technology,IT,Policy,en,Dubai Office,DXB,2.1,Active,2024-10-22,,IT-0007 IT-0047
FIN-0235,en/FIN-0235_travel-cash-advance-policy_Policy.txt,Travel Cash Advance Policy (Remote-first Teams),travel_advance,Finance,FIN,Policy,en,Remote-first Teams,REM,2.3,Active,2024-10-17,,FIN-0023 FIN-0031 FIN-0007
FAC-0227,en/FAC-0227_workspace-ergonomics-policy_Policy.txt,Workspace Ergonomics Policy (Jeddah Office),workspace_ergonomics,Facilities,FAC,Policy,en,Jeddah Office,JED,2.3,Active,2025-05-20,,IT-0079 FAC-0039 HR-0063
HR-0372,ar/HR-0372_annual-leave-policy_Policy.txt,سياسة الإجازة السنوية (مكتب جدة),annual_leave,Human Resources,HR,Policy,ar,مكتب جدة,JED,2.3,Active,2023-02-22,,HR-0016 HR-0024 HR-0040
IT-0292,ar/IT-0292_multi-factor-authentication-policy_Policy.txt,سياسة المصادقة متعددة العوامل (مكتب دبي),mfa,Information Technology,IT,Policy,ar,مكتب دبي,DXB,2.2,Active,2024-11-25,,IT-0008 IT-0048
FIN-0236,ar/FIN-0236_travel-cash-advance-policy_Policy.txt,سياسة السلفة النقدية للسفر (الفرق العاملة عن بُعد),travel_advance,Finance,FIN,Policy,ar,الفرق العاملة عن بُعد,REM,2.4,Active,2024-02-01,,FIN-0024 FIN-0032 FIN-0008
FAC-0228,ar/FAC-0228_workspace-ergonomics-policy_Policy.txt,سياسة بيئة العمل المريحة (مكتب جدة),workspace_ergonomics,Facilities,FAC,Policy,ar,مكتب جدة,JED,2.3,Active,2024-12-02,,IT-0080 FAC-0040 HR-0064
HR-0373,en/HR-0373_annual-leave-policy_QuickReference.txt,Annual Leave - Quick Reference (Jeddah Office),annual_leave,Human Resources,HR,Quick Reference,en,Jeddah Office,JED,2.4,Active,2024-01-12,,HR-0015 HR-0023 HR-0039
IT-0293,en/IT-0293_multi-factor-authentication-policy_QuickReference.txt,Multi-Factor Authentication - Quick Reference (Dubai Office),mfa,Information Technology,IT,Quick Reference,en,Dubai Office,DXB,2.3,Active,2023-05-27,,IT-0007 IT-0047
FIN-0237,en/FIN-0237_travel-cash-advance-policy_QuickReference.txt,Travel Cash Advance - Quick Reference (Remote-first Teams),travel_advance,Finance,FIN,Quick Reference,en,Remote-first Teams,REM,2.2,Active,2024-04-30,,FIN-0023 FIN-0031 FIN-0007
FAC-0229,en/FAC-0229_workspace-ergonomics-policy_QuickReference.txt,Workspace Ergonomics - Quick Reference (Jeddah Office),workspace_ergonomics,Facilities,FAC,Quick Reference,en,Jeddah Office,JED,2.1,Active,2023-10-06,,IT-0079 FAC-0039 HR-0063
HR-0374,ar/HR-0374_annual-leave-policy_QuickReference.txt,الإجازة السنوية - مرجع سريع (مكتب جدة),annual_leave,Human Resources,HR,Quick Reference,ar,مكتب جدة,JED,2.4,Active,2023-09-17,,HR-0016 HR-0024 HR-0040
IT-0294,ar/IT-0294_multi-factor-authentication-policy_QuickReference.txt,المصادقة متعددة العوامل - مرجع سريع (مكتب دبي),mfa,Information Technology,IT,Quick Reference,ar,مكتب دبي,DXB,2.3,Active,2024-08-27,,IT-0008 IT-0048
FIN-0238,ar/FIN-0238_travel-cash-advance-policy_QuickReference.txt,السلفة النقدية للسفر - مرجع سريع (الفرق العاملة عن بُعد),travel_advance,Finance,FIN,Quick Reference,ar,الفرق العاملة عن بُعد,REM,1.3,Superseded,2023-03-05,FIN-0096,FIN-0024 FIN-0032 FIN-0008
FAC-0230,ar/FAC-0230_workspace-ergonomics-policy_QuickReference.txt,بيئة العمل المريحة - مرجع سريع (مكتب جدة),workspace_ergonomics,Facilities,FAC,Quick Reference,ar,مكتب جدة,JED,2.4,Active,2023-04-11,,IT-0080 FAC-0040 HR-0064
HR-0375,en/HR-0375_annual-leave-policy_Procedure.txt,Annual Leave - Procedure (Jeddah Office),annual_leave,Human Resources,HR,Procedure,en,Jeddah Office,JED,2.0,Active,2024-08-16,,HR-0015 HR-0023 HR-0039
IT-0295,en/IT-0295_multi-factor-authentication-policy_Procedure.txt,Multi-Factor Authentication - Procedure (Dubai Office),mfa,Information Technology,IT,Procedure,en,Dubai Office,DXB,2.0,Active,2023-11-19,,IT-0007 IT-0047
FIN-0239,en/FIN-0239_travel-cash-advance-policy_Procedure.txt,Travel Cash Advance - Procedure (Remote-first Teams),travel_advance,Finance,FIN,Procedure,en,Remote-first Teams,REM,2.0,Active,2024-02-29,,FIN-0023 FIN-0031 FIN-0007
FAC-0231,en/FAC-0231_workspace-ergonomics-policy_Procedure.txt,Workspace Ergonomics - Procedure (Jeddah Office),workspace_ergonomics,Facilities,FAC,Procedure,en,Jeddah Office,JED,1.6,Superseded,2023-08-20,FAC-0059,IT-0079 FAC-0039 HR-0063
HR-0376,ar/HR-0376_annual-leave-policy_Procedure.txt,الإجازة السنوية - إجراء (مكتب جدة),annual_leave,Human Resources,HR,Procedure,ar,مكتب جدة,JED,2.0,Active,2025-01-13,,HR-0016 HR-0024 HR-0040
IT-0296,ar/IT-0296_multi-factor-authentication-policy_Procedure.txt,المصادقة متعددة العوامل - إجراء (مكتب دبي),mfa,Information Technology,IT,Procedure,ar,مكتب دبي,DXB,2.1,Active,2023-11-09,,IT-0008 IT-0048
FIN-0240,ar/FIN-0240_travel-cash-advance-policy_Procedure.txt,السلفة النقدية للسفر - إجراء (الفرق العاملة عن بُعد),travel_advance,Finance,FIN,Procedure,ar,الفرق العاملة عن بُعد,REM,2.3,Active,2023-09-01,,FIN-0024 FIN-0032 FIN-0008
FAC-0232,ar/FAC-0232_workspace-ergonomics-policy_Procedure.txt,بيئة العمل المريحة - إجراء (مكتب جدة),workspace_ergonomics,Facilities,FAC,Procedure,ar,مكتب جدة,JED,2.4,Active,2024-04-27,,IT-0080 FAC-0040 HR-0064
HR-0377,en/HR-0377_sick-leave-policy_Policy.txt,Sick Leave Policy (Jeddah Office),sick_leave,Human Resources,HR,Policy,en,Jeddah Office,JED,1.3,Superseded,2023-04-17,HR-0009,HR-0007 HR-0039 FAC-0063
IT-0297,en/IT-0297_system-access-request-policy_Policy.txt,System Access Request Policy (Dubai Office),system_access,Information Technology,IT,Policy,en,Dubai Office,DXB,2.2,Active,2024-07-08,,IT-0007 IT-0031 HR-0111
FAC-0233,en/FAC-0233_kitchen-and-break-area-policy_Policy.txt,Kitchen and Break Area Policy (Jeddah Office),kitchen_use,Facilities,FAC,Policy,en,Jeddah Office,JED,2.0,Active,2025-02-02,,
HR-0378,ar/HR-0378_sick-leave-policy_Policy.txt,سياسة الإجازة المرضية (مكتب جدة),sick_leave,Human Resources,HR,Policy,ar,مكتب جدة,JED,2.2,Active,2024-02-05,,HR-0008 HR-0040 FAC-0064
IT-0298,ar/IT-0298_system-access-request-policy_Policy.txt,سياسة طلب الوصول إلى الأنظمة (مكتب دبي),system_access,Information Technology,IT,Policy,ar,مكتب دبي,DXB,1.0,Superseded,2023-03-08,IT-0018,IT-0008 IT-0032 HR-0112
FAC-0234,ar/FAC-0234_kitchen-and-break-area-policy_Policy.txt,سياسة المطبخ ومناطق الاستراحة (مكتب جدة),kitchen_use,Facilities,FAC,Policy,ar,مكتب جدة,JED,2.4,Active,2024-01-13,,
HR-0379,en/HR-0379_sick-leave-policy_QuickReference.txt,Sick Leave - Quick Reference (Jeddah Office),sick_leave,Human Resources,HR,Quick Reference,en,Jeddah Office,JED,2.0,Active,2023-03-05,,HR-0007 HR-0039 FAC-0063
IT-0299,en/IT-0299_system-access-request-policy_QuickReference.txt,System Access Request - Quick Reference (Dubai Office),system_access,Information Technology,IT,Quick Reference,en,Dubai Office,DXB,2.0,Active,2023-07-21,,IT-0007 IT-0031 HR-0111
FAC-0235,en/FAC-0235_kitchen-and-break-area-policy_QuickReference.txt,Kitchen and Break Area - Quick Reference (Jeddah Office),kitchen_use,Facilities,FAC,Quick Reference,en,Jeddah Office,JED,2.2,Active,2025-01-12,,
HR-0380,ar/HR-0380_sick-leave-policy_QuickReference.txt,الإجازة المرضية - مرجع سريع (مكتب جدة),sick_leave,Human Resources,HR,Quick Reference,ar,مكتب جدة,JED,2.2,Active,2023-12-02,,HR-0008 HR-0040 FAC-0064
IT-0300,ar/IT-0300_system-access-request-policy_QuickReference.txt,طلب الوصول إلى الأنظمة - مرجع سريع (مكتب دبي),system_access,Information Technology,IT,Quick Reference,ar,مكتب دبي,DXB,2.2,Active,2023-06-10,,IT-0008 IT-0032 HR-0112
FAC-0236,ar/FAC-0236_kitchen-and-break-area-policy_QuickReference.txt,المطبخ ومناطق الاستراحة - مرجع سريع (مكتب جدة),kitchen_use,Facilities,FAC,Quick Reference,ar,مكتب جدة,JED,2.1,Active,2024-06-25,,
HR-0381,en/HR-0381_sick-leave-policy_Procedure.txt,Sick Leave - Procedure (Jeddah Office),sick_leave,Human Resources,HR,Procedure,en,Jeddah Office,JED,2.3,Active,2024-09-18,,HR-0007 HR-0039 FAC-0063
IT-0301,en/IT-0301_system-access-request-policy_Procedure.txt,System Access Request - Procedure (Dubai Office),system_access,Information Technology,IT,Procedure,en,Dubai Office,DXB,2.0,Active,2024-09-17,,IT-0007 IT-0031 HR-0111
FAC-0237,en/FAC-0237_kitchen-and-break-area-policy_Procedure.txt,Kitchen and Break Area - Procedure (Jeddah Office),kitchen_use,Facilities,FAC,Procedure,en,Jeddah Office,JED,2.3,Active,2025-06-04,,
HR-0382,ar/HR-0382_sick-leave-policy_Procedure.txt,الإجازة المرضية - إجراء (مكتب جدة),sick_leave,Human Resources,HR,Procedure,ar,مكتب جدة,JED,2.2,Active,2023-01-02,,HR-0008 HR-0040 FAC-0064
IT-0302,ar/IT-0302_system-access-request-policy_Procedure.txt,طلب الوصول إلى الأنظمة - إجراء (مكتب دبي),system_access,Information Technology,IT,Procedure,ar,مكتب دبي,DXB,2.1,Active,2024-12-17,,IT-0008 IT-0032 HR-0112
FAC-0238,ar/FAC-0238_kitchen-and-break-area-policy_Procedure.txt,المطبخ ومناطق الاستراحة - إجراء (مكتب جدة),kitchen_use,Facilities,FAC,Procedure,ar,مكتب جدة,JED,2.2,Active,2023-06-26,,
HR-0383,en/HR-0383_parental-leave-policy_Policy.txt,Parental Leave Policy (Jeddah Office),parental_leave,Human Resources,HR,Policy,en,Jeddah Office,JED,2.2,Active,2023-12-02,,HR-0007 HR-0015 HR-0191
IT-0303,en/IT-0303_vpn-and-remote-access-policy_Policy.txt,VPN and Remote Access Policy (Dubai Office),vpn_remote_access,Information Technology,IT,Policy,en,Dubai Office,DXB,2.2,Active,2023-08-04,,HR-0063 IT-0015
FAC-0239,en/FAC-0239_mail-and-courier-policy_Policy.txt,Mail and Courier Policy (Jeddah Office),mail_courier,Facilities,FAC,Policy,en,Jeddah Office,JED,2.4,Active,2023-02-19,,
HR-0384,ar/HR-0384_parental-leave-policy_Policy.txt,سياسة إجازة الوالدية (مكتب جدة),parental_leave,Human Resources,HR,Policy,ar,مكتب جدة,JED,2.2,Active,2025-03-22,,HR-0008 HR-0016 HR-0192
IT-0304,ar/IT-0304_vpn-and-remote-access-policy_Policy.txt,سياسة الوصول عن بُعد و VPN (مكتب دبي),vpn_remote_access,Information Technology,IT,Policy,ar,مكتب دبي,DXB,2.0,Active,2024-12-05,,HR-0064 IT-0016
FAC-0240,ar/FAC-0240_mail-and-courier-policy_Policy.txt,سياسة البريد والشحن (مكتب جدة),mail_courier,Facilities,FAC,Policy,ar,مكتب جدة,JED,2.2,Active,2024-02-18,,
HR-0385,en/HR-0385_parental-leave-policy_QuickReference.txt,Parental Leave - Quick Reference (Jeddah Office),parental_leave,Human Resources,HR,Quick Reference,en,Jeddah Office,JED,1.3,Superseded,2023-08-27,HR-0023,HR-0007 HR-0015 HR-0191
IT-0305,en/IT-0305_vpn-and-remote-access-policy_QuickReference.txt,VPN and Remote Access - Quick Reference (Dubai Office),vpn_remote_access,Information Technology,IT,Quick Reference,en,Dubai Office,DXB,2.2,Active,2023-01-31,,HR-0063 IT-0015
FAC-0241,en/FAC-0241_mail-and-courier-policy_QuickReference.txt,Mail and Courier - Quick Reference (Jeddah Office),mail_courier,Facilities,FAC,Quick Reference,en,Jeddah Office,JED,2.4,Active,2023-10-09,,
HR-0386,ar/HR-0386_parental-leave-policy_QuickReference.txt,إجازة الوالدية - مرجع سريع (مكتب جدة),parental_leave,Human Resources,HR,Quick Reference,ar,مكتب جدة,JED,2.2,Active,2024-10-09,,HR-0008 HR-0016 HR-0192
IT-0306,ar/IT-0306_vpn-and-remote-access-policy_QuickReference.txt,الوصول عن بُعد و VPN - مرجع سريع (مكتب دبي),vpn_remote_access,Information Technology,IT,Quick Reference,ar,مكتب دبي,DXB,2.0,Active,2023-01-07,,HR-0064 IT-0016
FAC-0242,ar/FAC-0242_mail-and-courier-policy_QuickReference.txt,البريد والشحن - مرجع سريع (مكتب جدة),mail_courier,Facilities,FAC,Quick Reference,ar,مكتب جدة,JED,2.1,Active,2024-01-11,,
HR-0387,en/HR-0387_parental-leave-policy_Procedure.txt,Parental Leave - Procedure (Jeddah Office),parental_leave,Human Resources,HR,Procedure,en,Jeddah Office,JED,2.4,Active,2025-03-10,,HR-0007 HR-0015 HR-0191
IT-0307,en/IT-0307_vpn-and-remote-access-policy_Procedure.txt,VPN and Remote Access - Procedure (Dubai Office),vpn_remote_access,Information Technology,IT,Procedure,en,Dubai Office,DXB,2.0,Active,2023-05-21,,HR-0063 IT-0015
FAC-0243,en/FAC-0243_mail-and-courier-policy_Procedure.txt,Mail and Courier - Procedure (Jeddah Office),mail_courier,Facilities,FAC,Procedure,en,Jeddah Office,JED,2.2,Active,2025-05-12,,
HR-0388,ar/HR-0388_parental-leave-policy_Procedure.txt,إجازة الوالدية - إجراء (مكتب جدة),parental_leave,Human Resources,HR,Procedure,ar,مكتب جدة,JED,2.1,Active,2023-12-13,,HR-0008 HR-0016 HR-0192
IT-0308,ar/IT-0308_vpn-and-remote-access-policy_Procedure.txt,الوصول عن بُعد و VPN - إجراء (مكتب دبي),vpn_remote_access,Information Technology,IT,Procedure,ar,مكتب دبي,DXB,2.1,Active,2024-10-26,,HR-0064 IT-0016
FAC-0244,ar/FAC-0244_mail-and-courier-policy_Procedure.txt,البريد والشحن - إجراء (مكتب جدة),mail_courier,Facilities,FAC,Procedure,ar,مكتب جدة,JED,2.4,Active,2023-07-26,,
HR-0389,en/HR-0389_bereavement-leave-policy_Policy.txt,Bereavement Leave Policy (Jeddah Office),bereavement_leave,Human Resources,HR,Policy,en,Jeddah Office,JED,2.1,Active,2023-09-20,,HR-0007 HR-0159
IT-0309,en/IT-0309_hardware-request-policy_Policy.txt,Hardware Request Policy (Dubai Office),hardware_request,Information Technology,IT,Policy,en,Dubai Office,DXB,2.3,Active,2023-03-12,,IT-0087 IT-0071 FAC-0063
FAC-0245,en/FAC-0245_hot-desk-booking-policy_Policy.txt,Hot Desk Booking Policy (Jeddah Office),desk_booking,Facilities,FAC,Policy,en,Jeddah Office,JED,2.0,Active,2023-07-03,,FAC-0007 HR-0063
HR-0390,ar/HR-0390_bereavement-leave-policy_Policy.txt,سياسة إجازة الوفاة (مكتب جدة),bereavement_leave,Human Resources,HR,Policy,ar,مكتب جدة,JED,2.0,Active,2024-08-13,,HR-0008 HR-0160
IT-0310,ar/IT-0310_hardware-request-policy_Policy.txt,سياسة طلب الأجهزة (مكتب دبي),hardware_request,Information Technology,IT,Policy,ar,مكتب دبي,DXB,2.1,Active,2025-03-23,,IT-0088 IT-0072 FAC-0064
FAC-0246,ar/FAC-0246_hot-desk-booking-policy_Policy.txt,سياسة حجز المكاتب المشتركة (مكتب جدة),desk_booking,Facilities,FAC,Policy,ar,مكتب جدة,JED,1.6,Superseded,2024-01-14,FAC-0082,FAC-0008 HR-0064
HR-0391,en/HR-0391_bereavement-leave-policy_QuickReference.txt,Bereavement Leave - Quick Reference (Jeddah Office),bereavement_leave,Human Resources,HR,Quick Reference,en,Jeddah Office,JED,2.2,Active,2023-04-08,,HR-0007 HR-0159
IT-0311,en/IT-0311_hardware-request-policy_QuickReference.txt,Hardware Request - Quick Reference (Dubai Office),hardware_request,Information Technology,IT,Quick Reference,en,Dubai Office,DXB,2.4,Active,2023-08-19,,IT-0087 IT-0071 FAC-0063
FAC-0247,en/FAC-0247_hot-desk-booking-policy_QuickReference.txt,Hot Desk Booking - Quick Reference (Jeddah Office),desk_booking,Facilities,FAC,Quick Reference,en,Jeddah Office,JED,2.0,Active,2024-08-16,,FAC-0007 HR-0063
HR-0392,ar/HR-0392_bereavement-leave-policy_QuickReference.txt,إجازة الوفاة - مرجع سريع (مكتب جدة),bereavement_leave,Human Resources,HR,Quick Reference,ar,مكتب جدة,JED,2.2,Active,2025-01-19,,HR-0008 HR-0160
IT-0312,ar/IT-0312_hardware-request-policy_QuickReference.txt,طلب الأجهزة - مرجع سريع (مكتب دبي),hardware_request,Information Technology,IT,Quick Reference,ar,مكتب دبي,DXB,1.3,Superseded,2023-03-28,IT-0080,IT-0088 IT-0072 FAC-0064
FAC-0248,ar/FAC-0248_hot-desk-booking-policy_QuickReference.txt,حجز المكاتب المشتركة - مرجع سريع (مكتب جدة),desk_booking,Facilities,FAC,Quick Reference,ar,مكتب جدة,JED,2.2,Active,2025-04-27,,FAC-0008 HR-0064
HR-0393,en/HR-0393_bereavement-leave-policy_Procedure.txt,Bereavement Leave - Procedure (Jeddah Office),bereavement_leave,Human Resources,HR,Procedure,en,Jeddah Office,JED,2.1,Active,2025-01-07,,HR-0007 HR-0159
IT-0313,en/IT-0313_hardware-request-policy_Procedure.txt,Hardware Request - Procedure (Dubai Office),hardware_request,Information Technology,IT,Procedure,en,Dubai Office,DXB,2.3,Active,2025-01-23,,IT-0087 IT-0071 FAC-0063
FAC-0249,en/FAC-0249_hot-desk-booking-policy_Procedure.txt,Hot Desk Booking - Procedure (Jeddah Office),desk_booking,Facilities,FAC,Procedure,en,Jeddah Office,JED,2.3,Active,2023-05-13,,FAC-0007 HR-0063
HR-0394,ar/HR-0394_bereavement-leave-policy_Procedure.txt,إجازة الوفاة - إجراء (مكتب جدة),bereavement_leave,Human Resources,HR,Procedure,ar,مكتب جدة,JED,2.0,Active,2024-10-20,,HR-0008 HR-0160
IT-0314,ar/IT-0314_hardware-request-policy_Procedure.txt,طلب الأجهزة - إجراء (مكتب دبي),hardware_request,Information Technology,IT,Procedure,ar,مكتب دبي,DXB,2.3,Active,2023-05-15,,IT-0088 IT-0072 FAC-0064
FAC-0250,ar/FAC-0250_hot-desk-booking-policy_Procedure.txt,حجز المكاتب المشتركة - إجراء (مكتب جدة),desk_booking,Facilities,FAC,Procedure,ar,مكتب جدة,JED,1.1,Superseded,2023-08-14,FAC-0084,FAC-0008 HR-0064
HR-0395,en/HR-0395_unpaid-leave-policy_Policy.txt,Unpaid Leave Policy (Jeddah Office),unpaid_leave,Human Resources,HR,Policy,en,Jeddah Office,JED,1.3,Superseded,2023-09-26,HR-0033,HR-0007 HR-0015
IT-0315,en/IT-0315_clear-desk-and-screen-policy_Policy.txt,Clear Desk and Screen Policy (Dubai Office),clear_desk,Information Technology,IT,Policy,en,Dubai Office,DXB,2.0,Active,2024-08-09,,IT-0127 LEG-0007
FAC-0251,en/FAC-0251_ev-charging-policy_Policy.txt,EV Charging Policy (Jeddah Office),ev_charging,Facilities,FAC,Policy,en,Jeddah Office,JED,2.0,Active,2023-08-13,,FAC-0015 FAC-0023
HR-0396,ar/HR-0396_unpaid-leave-policy_Policy.txt,سياسة الإجازة غير المدفوعة (مكتب جدة),unpaid_leave,Human Resources,HR,Policy,ar,مكتب جدة,JED,2.1,Active,2025-02-01,,HR-0008 HR-0016
IT-0316,ar/IT-0316_clear-desk-and-screen-policy_Policy.txt,سياسة المكتب والشاشة النظيفين (مكتب دبي),clear_desk,Information Technology,IT,Policy,ar,مكتب دبي,DXB,1.2,Superseded,2023-07-19,IT-0114,IT-0128 LEG-0008
FAC-0252,ar/FAC-0252_ev-charging-policy_Policy.txt,سياسة شحن السيارات الكهربائية (مكتب جدة),ev_charging,Facilities,FAC,Policy,ar,مكتب جدة,JED,2.2,Active,2023-01-23,,FAC-0016 FAC-0024
HR-0397,en/HR-0397_unpaid-leave-policy_QuickReference.txt,Unpaid Leave - Quick Reference (Jeddah Office),unpaid_leave,Human Resources,HR,Quick Reference,en,Jeddah Office,JED,2.1,Active,2023-02-18,,HR-0007 HR-0015
IT-0317,en/IT-0317_clear-desk-and-screen-policy_QuickReference.txt,Clear Desk and Screen - Quick Reference (Dubai Office),clear_desk,Information Technology,IT,Quick Reference,en,Dubai Office,DXB,2.4,Active,2024-12-13,,IT-0127 LEG-0007
FAC-0253,en/FAC-0253_ev-charging-policy_QuickReference.txt,EV Charging - Quick Reference (Jeddah Office),ev_charging,Facilities,FAC,Quick Reference,en,Jeddah Office,JED,2.1,Active,2025-05-05,,FAC-0015 FAC-0023
HR-0398,ar/HR-0398_unpaid-leave-policy_QuickReference.txt,الإجازة غير المدفوعة - مرجع سريع (مكتب جدة),unpaid_leave,Human Resources,HR,Quick Reference,ar,مكتب جدة,JED,2.3,Active,2025-03-01,,HR-0008 HR-0016
IT-0318,ar/IT-0318_clear-desk-and-screen-policy_QuickReference.txt,المكتب والشاشة النظيفين - مرجع سريع (مكتب دبي),clear_desk,Information Technology,IT,Quick Reference,ar,مكتب دبي,DXB,2.3,Active,2024-02-23,,IT-0128 LEG-0008
FAC-0254,ar/FAC-0254_ev-charging-policy_QuickReference.txt,شحن السيارات الكهربائية - مرجع سريع (مكتب جدة),ev_charging,Facilities,FAC,Quick Reference,ar,مكتب جدة,JED,2.1,Active,2023-03-22,,FAC-0016 FAC-0024
HR-0399,en/HR-0399_unpaid-leave-policy_Procedure.txt,Unpaid Leave - Procedure (Jeddah Office),unpaid_leave,Human Resources,HR,Procedure,en,Jeddah Office,JED,2.4,Active,2025-01-05,,HR-0007 HR-0015
IT-0319,en/IT-0319_clear-desk-and-screen-policy_Procedure.txt,Clear Desk and Screen - Procedure (Dubai Office),clear_desk,Information Technology,IT,Procedure,en,Dubai Office,DXB,2.3,Active,2025-01-01,,IT-0127 LEG-0007
FAC-0255,en/FAC-0255_ev-charging-policy_Procedure.txt,EV Charging - Procedure (Jeddah Office),ev_charging,Facilities,FAC,Procedure,en,Jeddah Office,JED,2.1,Active,2023-12-28,,FAC-0015 FAC-0023
HR-0400,ar/HR-0400_unpaid-leave-policy_Procedure.txt,الإجازة غير المدفوعة - إجراء (مكتب جدة),unpaid_leave,Human Resources,HR,Procedure,ar,مكتب جدة,JED,2.0,Active,2023-01-03,,HR-0008 HR-0016
IT-0320,ar/IT-0320_clear-desk-and-screen-policy_Procedure.txt,المكتب والشاشة النظيفين - إجراء (مكتب دبي),clear_desk,Information Technology,IT,Procedure,ar,مكتب دبي,DXB,2.1,Active,2023-02-22,,IT-0128 LEG-0008
FAC-0256,ar/FAC-0256_ev-charging-policy_Procedure.txt,شحن السيارات الكهربائية - إجراء (مكتب جدة),ev_charging,Facilities,FAC,Procedure,ar,مكتب جدة,JED,2.2,Active,2024-04-01,,FAC-0016 FAC-0024
HR-0401,en/HR-0401_working-hours-policy_Policy.txt,Working Hours Policy (Jeddah Office),working_hours,Human Resources,HR,Policy,en,Jeddah Office,JED,2.2,Active,2024-04-29,,HR-0055 HR-0071 HR-0063
IT-0321,en/IT-0321_printing-policy_Policy.txt,Printing Policy (Dubai Office),printing,Information Technology,IT,Policy,en,Dubai Office,DXB,2.4,Active,2024-07-01,,IT-0119
FAC-0257,en/FAC-0257_smoking-policy_Policy.txt,Smoking Policy (Jeddah Office),smoking_policy,Facilities,FAC,Policy,en,Jeddah Office,JED,2.0,Active,2023-11-06,,FAC-0039 FAC-0047
HR-0402,ar/HR-0402_working-hours-policy_Policy.txt,سياسة ساعات العمل (مكتب جدة),working_hours,Human Resources,HR,Policy,ar,مكتب جدة,JED,2.0,Active,2024-10-03,,HR-0056 HR-0072 HR-0064
IT-0322,ar/IT-0322_printing-policy_Policy.txt,سياسة الطباعة (مكتب دبي),printing,Information Technology,IT,Policy,ar,مكتب دبي,DXB,1.6,Superseded,2024-01-20,IT-0122,IT-0120
FAC-0258,ar/FAC-0258_smoking-policy_Policy.txt,سياسة التدخين (مكتب جدة),smoking_policy,Facilities,FAC,Policy,ar,مكتب جدة,JED,2.1,Active,2024-06-18,,FAC-0040 FAC-0048
HR-0403,en/HR-0403_working-hours-policy_QuickReference.txt,Working Hours - Quick Reference (Jeddah Office),working_hours,Human Resources,HR,Quick Reference,en,Jeddah Office,JED,2.2,Active,2023-12-14,,HR-0055 HR-0071 HR-0063
IT-0323,en/IT-0323_printing-policy_QuickReference.txt,Printing - Quick Reference (Dubai Office),printing,Information Technology,IT,Quick Reference,en,Dubai Office,DXB,2.2,Active,2025-06-16,,IT-0119
FAC-0259,en/FAC-0259_smoking-policy_QuickReference.txt,Smoking - Quick Reference (Jeddah Office),smoking_policy,Facilities,FAC,Quick Reference,en,Jeddah Office,JED,2.4,Active,2024-07-07,,FAC-0039 FAC-0047
HR-0404,ar/HR-0404_working-hours-policy_QuickReference.txt,ساعات العمل - مرجع سريع (مكتب جدة),working_hours,Human Resources,HR,Quick Reference,ar,مكتب جدة,JED,2.3,Active,2024-05-24,,HR-0056 HR-0072 HR-0064
IT-0324,ar/IT-0324_printing-policy_QuickReference.txt,الطباعة - مرجع سريع (مكتب دبي),printing,Information Technology,IT,Quick Reference,ar,مكتب دبي,DXB,2.1,Active,2023-09-07,,IT-0120
FAC-0260,ar/FAC-0260_smoking-policy_QuickReference.txt,التدخين - مرجع سريع (مكتب جدة),smoking_policy,Facilities,FAC,Quick Reference,ar,مكتب جدة,JED,2.2,Active,2024-11-08,,FAC-0040 FAC-0048
HR-0405,en/HR-0405_working-hours-policy_Procedure.txt,Working Hours - Procedure (Jeddah Office),working_hours,Human Resources,HR,Procedure,en,Jeddah Office,JED,2.4,Active,2024-12-29,,HR-0055 HR-0071 HR-0063
IT-0325,en/IT-0325_printing-policy_Procedure.txt,Printing - Procedure (Dubai Office),printing,Information Technology,IT,Procedure,en,Dubai Office,DXB,2.1,Active,2023-01-29,,IT-0119
FAC-0261,en/FAC-0261_smoking-policy_Procedure.txt,Smoking - Procedure (Jeddah Office),smoking_policy,Facilities,FAC,Procedure,en,Jeddah Office,JED,2.1,Active,2023-04-30,,FAC-0039 FAC-0047
HR-0406,ar/HR-0406_working-hours-policy_Procedure.txt,ساعات العمل - إجراء (مكتب جدة),working_hours,Human Resources,HR,Procedure,ar,مكتب جدة,JED,2.2,Active,2023-03-29,,HR-0056 HR-0072 HR-0064
IT-0326,ar/IT-0326_printing-policy_Procedure.txt,الطباعة - إجراء (مكتب دبي),printing,Information Technology,IT,Procedure,ar,مكتب دبي,DXB,2.0,Active,2023-04-29,,IT-0120
FAC-0262,ar/FAC-0262_smoking-policy_Procedure.txt,التدخين - إجراء (مكتب جدة),smoking_policy,Facilities,FAC,Procedure,ar,مكتب جدة,JED,2.0,Active,2023-10-02,,FAC-0040 FAC-0048
HR-0407,en/HR-0407_overtime-policy_Policy.txt,Overtime Policy (Jeddah Office),overtime,Human Resources,HR,Policy,en,Jeddah Office,JED,2.2,Active,2024-07-17,,HR-0047 OPS-0047
IT-0327,en/IT-0327_it-support-service-levels_Policy.txt,IT Support Service Levels (Dubai Office),help_desk_sla,Information Technology,IT,Policy,en,Dubai Office,DXB,1.5,Superseded,2023-05-12,IT-0129,IT-0023 IT-0079
FAC-0263,en/FAC-0263_lost-and-found-policy_Policy.txt,Lost and Found Policy (Jeddah Office),lost_and_found,Facilities,FAC,Policy,en,Jeddah Office,JED,1.6,Superseded,2023-12-06,FAC-0105,FAC-0023 FAC-0031
HR-0408,ar/HR-0408_overtime-policy_Policy.txt,سياسة العمل الإضافي (مكتب جدة),overtime,Human Resources,HR,Policy,ar,مكتب جدة,JED,2.3,Active,2023-07-16,,HR-0048 OPS-0048
IT-0328,ar/IT-0328_it-support-service-levels_Policy.txt,مستويات خدمة الدعم التقني (مكتب دبي),help_desk_sla,Information Technology,IT,Policy,ar,مكتب دبي,DXB,2.1,Active,2024-07-10,,IT-0024 IT-0080
FAC-0264,ar/FAC-0264_lost-and-found-policy_Policy.txt,سياسة المفقودات (مكتب جدة),lost_and_found,Facilities,FAC,Policy,ar,مكتب جدة,JED,2.1,Active,2024-09-19,,FAC-0024 FAC-0032
HR-0409,en/HR-0409_overtime-policy_QuickReference.txt,Overtime - Quick Reference (Jeddah Office),overtime,Human Resources,HR,Quick Reference,en,Jeddah Office,JED,1.3,Superseded,2023-09-03,HR-0055,HR-0047 OPS-0047
IT-0329,en/IT-0329_it-support-service-levels_QuickReference.txt,IT Support Service Levels - Quick Reference (Dubai Office),help_desk_sla,Information Technology,IT,Quick Reference,en,Dubai Office,DXB,2.3,Active,2023-06-21,,IT-0023 IT-0079
FAC-0265,en/FAC-0265_lost-and-found-policy_QuickReference.txt,Lost and Found - Quick Reference (Jeddah Office),lost_and_found,Facilities,FAC,Quick Reference,en,Jeddah Office,JED,2.4,Active,2024-09-26,,FAC-0023 FAC-0031
HR-0410,ar/HR-0410_overtime-policy_QuickReference.txt,العمل الإضافي - مرجع سريع (مكتب جدة),overtime,Human Resources,HR,Quick Reference,ar,مكتب جدة,JED,2.3,Active,2025-04-22,,HR-0048 OPS-0048
IT-0330,ar/IT-0330_it-support-service-levels_QuickReference.txt,مستويات خدمة الدعم التقني - مرجع سريع (مكتب دبي),help_desk_sla,Information Technology,IT,Quick Reference,ar,مكتب دبي,DXB,2.1,Active,2025-04-19,,IT-0024 IT-0080
FAC-0266,ar/FAC-0266_lost-and-found-policy_QuickReference.txt,المفقودات - مرجع سريع (مكتب جدة),lost_and_found,Facilities,FAC,Quick Reference,ar,مكتب جدة,JED,1.3,Superseded,2023-03-27,FAC-0112,FAC-0024 FAC-0032
HR-0411,en/HR-0411_overtime-policy_Procedure.txt,Overtime - Procedure (Jeddah Office),overtime,Human Resources,HR,Procedure,en,Jeddah Office,JED,2.3,Active,2023-06-22,,HR-0047 OPS-0047
IT-0331,en/IT-0331_it-support-service-levels_Procedure.txt,IT Support Service Levels - Procedure (Dubai Office),help_desk_sla,Information Technology,IT,Procedure,en,Dubai Office,DXB,2.4,Active,2023-07-20,,IT-0023 IT-0079
FAC-0267,en/FAC-0267_lost-and-found-policy_Procedure.txt,Lost and Found - Procedure (Jeddah Office),lost_and_found,Facilities,FAC,Procedure,en,Jeddah Office,JED,2.2,Active,2023-05-18,,FAC-0023 FAC-0031
HR-0412,ar/HR-0412_overtime-policy_Procedure.txt,العمل الإضافي - إجراء (مكتب جدة),overtime,Human Resources,HR,Procedure,ar,مكتب جدة,JED,2.0,Active,2023-02-04,,HR-0048 OPS-0048
IT-0332,ar/IT-0332_it-support-service-levels_Procedure.txt,مستويات خدمة الدعم التقني - إجراء (مكتب دبي),help_desk_sla,Information Technology,IT,Procedure,ar,مكتب دبي,DXB,2.3,Active,2025-01-20,,IT-0024 IT-0080
FAC-0268,ar/FAC-0268_lost-and-found-policy_Procedure.txt,المفقودات - إجراء (مكتب جدة),lost_and_found,Facilities,FAC,Procedure,ar,مكتب جدة,JED,2.4,Active,2025-02-12,,FAC-0024 FAC-0032
HR-0413,en/HR-0413_remote-work-policy_Policy.txt,Remote Work Policy (Jeddah Office),remote_work,Human Resources,HR,Policy,en,Jeddah Office,JED,2.4,Active,2023-09-19,,HR-0047 IT-0047 IT-0079
IT-0333,en/IT-0333_guest-wi-fi-policy_Policy.txt,Guest Wi-Fi Policy (Dubai Office),guest_wifi,Information Technology,IT,Policy,en,Dubai Office,DXB,2.0,Active,2025-01-29,,FAC-0031 IT-0047
FAC-0269,en/FAC-0269_meeting-room-booking-policy_Policy.txt,Meeting Room Booking Policy (Dubai Office),meeting_room_booking,Facilities,FAC,Policy,en,Dubai Office,DXB,2.1,Active,2024-07-29,,FAC-0031 FAC-0015
HR-0414,ar/HR-0414_remote-work-policy_Policy.txt,سياسة العمل عن بُعد (مكتب جدة),remote_work,Human Resources,HR,Policy,ar,مكتب جدة,JED,2.0,Active,2024-08-20,,HR-0048 IT-0048 IT-0080
IT-0334,ar/IT-0334_guest-wi-fi-policy_Policy.txt,سياسة شبكة الضيوف اللاسلكية (مكتب دبي),guest_wifi,Information Technology,IT,Policy,ar,مكتب دبي,DXB,2.4,Active,2023-07-28,,FAC-0032 IT-0048
FAC-0270,ar/FAC-0270_meeting-room-booking-policy_Policy.txt,سياسة حجز قاعات الاجتماعات (مكتب دبي),meeting_room_booking,Facilities,FAC,Policy,ar,مكتب دبي,DXB,2.3,Active,2023-01-31,,FAC-0032 FAC-0016
HR-0415,en/HR-0415_remote-work-policy_QuickReference.txt,Remote Work - Quick Reference (Jeddah Office),remote_work,Human Resources,HR,Quick Reference,en,Jeddah Office,JED,2.0,Active,2023-11-13,,HR-0047 IT-0047 IT-0079
IT-0335,en/IT-0335_guest-wi-fi-policy_QuickReference.txt,Guest Wi-Fi - Quick Reference (Dubai Office),guest_wifi,Information Technology,IT,Quick Reference,en,Dubai Office,DXB,2.0,Active,2023-11-21,,FAC-0031 IT-0047
FAC-0271,en/FAC-0271_meeting-room-booking-policy_QuickReference.txt,Meeting Room Booking - Quick Reference (Dubai Office),meeting_room_booking,Facilities,FAC,Quick Reference,en,Dubai Office,DXB,2.1,Active,2023-02-02,,FAC-0031 FAC-0015
HR-0416,ar/HR-0416_remote-work-policy_QuickReference.txt,العمل عن بُعد - مرجع سريع (مكتب جدة),remote_work,Human Resources,HR,Quick Reference,ar,مكتب جدة,JED,2.4,Active,2023-07-26,,HR-0048 IT-0048 IT-0080
IT-0336,ar/IT-0336_guest-wi-fi-policy_QuickReference.txt,شبكة الضيوف اللاسلكية - مرجع سريع (مكتب دبي),guest_wifi,Information Technology,IT,Quick Reference,ar,مكتب دبي,DXB,1.2,Superseded,2023-11-27,IT-0168,FAC-0032 IT-0048
FAC-0272,ar/FAC-0272_meeting-room-booking-policy_QuickReference.txt,حجز قاعات الاجتماعات - مرجع سريع (مكتب دبي),meeting_room_booking,Facilities,FAC,Quick Reference,ar,مكتب دبي,DXB,2.3,Active,2023-06-16,,FAC-0032 FAC-0016
HR-0417,en/HR-0417_remote-work-policy_Procedure.txt,Remote Work - Procedure (Jeddah Office),remote_work,Human Resources,HR,Procedure,en,Jeddah Office,JED,2.2,Active,2023-12-25,,HR-0047 IT-0047 IT-0079
IT-0337,en/IT-0337_guest-wi-fi-policy_Procedure.txt,Guest Wi-Fi - Procedure (Dubai Office),guest_wifi,Information Technology,IT,Procedure,en,Dubai Office,DXB,2.3,Active,2023-01-21,,FAC-0031 IT-0047
FAC-0273,en/FAC-0273_meeting-room-booking-policy_Procedure.txt,Meeting Room Booking - Procedure (Dubai Office),meeting_room_booking,Facilities,FAC,Procedure,en,Dubai Office,DXB,2.4,Active,2023-01-15,,FAC-0031 FAC-0015
HR-0418,ar/HR-0418_remote-work-policy_Procedure.txt,العمل عن بُعد - إجراء (مكتب جدة),remote_work,Human Resources,HR,Procedure,ar,مكتب جدة,JED,2.1,Active,2024-03-18,,HR-0048 IT-0048 IT-0080
IT-0338,ar/IT-0338_guest-wi-fi-policy_Procedure.txt,شبكة الضيوف اللاسلكية - إجراء (مكتب دبي),guest_wifi,Information Technology,IT,Procedure,ar,مكتب دبي,DXB,2.1,Active,2024-02-26,,FAC-0032 IT-0048
FAC-0274,ar/FAC-0274_meeting-room-booking-policy_Procedure.txt,حجز قاعات الاجتماعات - إجراء (مكتب دبي),meeting_room_booking,Facilities,FAC,Procedure,ar,مكتب دبي,DXB,2.2,Active,2025-04-15,,FAC-0032 FAC-0016
HR-0419,en/HR-0419_flexible-hours-policy_Policy.txt,Flexible Hours Policy (Jeddah Office),flexible_hours,Human Resources,HR,Policy,en,Jeddah Office,JED,2.3,Active,2024-04-11,,HR-0047 HR-0063
IT-0339,en/IT-0339_password-policy_Policy.txt,Password Policy (Cairo Office),password_policy,Information Technology,IT,Policy,en,Cairo Office,CAI,2.0,Active,2024-06-22,,IT-0015 IT-0023 IT-0095
FAC-0275,en/FAC-0275_parking-policy_Policy.txt,Parking Policy (Dubai Office),parking,Facilities,FAC,Policy,en,Dubai Office,DXB,2.2,Active,2023-09-21,,FAC-0023
HR-0420,ar/HR-0420_flexible-hours-policy_Policy.txt,سياسة ساعات العمل المرنة (مكتب جدة),flexible_hours,Human Resources,HR,Policy,ar,مكتب جدة,JED,1.2,Superseded,2023-05-07,HR-0066,HR-0048 HR-0064
IT-0340,ar/IT-0340_password-policy_Policy.txt,سياسة كلمات المرور (مكتب القاهرة),password_policy,Information Technology,IT,Policy,ar,مكتب القاهرة,CAI,2.4,Active,2025-01-06,,IT-0016 IT-0024 IT-0096
FAC-0276,ar/FAC-0276_parking-policy_Policy.txt,سياسة مواقف السيارات (مكتب دبي),parking,Facilities,FAC,Policy,ar,مكتب دبي,DXB,2.1,Active,2025-04-23,,FAC-0024
HR-0421,en/HR-0421_flexible-hours-policy_QuickReference.txt,Flexible Hours - Quick Reference (Jeddah Office),flexible_hours,Human Resources,HR,Quick Reference,en,Jeddah Office,JED,2.0,Active,2024-06-25,,HR-0047 HR-0063
IT-0341,en/IT-0341_password-policy_QuickReference.txt,Password - Quick Reference (Cairo Office),password_policy,Information Technology,IT,Quick Reference,en,Cairo Office,CAI,2.1,Active,2024-08-31,,IT-0015 IT-0023 IT-0095
FAC-0277,en/FAC-0277_parking-policy_QuickReference.txt,Parking - Quick Reference (Dubai Office),parking,Facilities,FAC,Quick Reference,en,Dubai Office,DXB,2.3,Active,2024-03-16,,FAC-0023
HR-0422,ar/HR-0422_flexible-hours-policy_QuickReference.txt,ساعات العمل المرنة - مرجع سريع (مكتب جدة),flexible_hours,Human Resources,HR,Quick Reference,ar,مكتب جدة,JED,2.1,Active,2024-07-26,,HR-0048 HR-0064
IT-0342,ar/IT-0342_password-policy_QuickReference.txt,كلمات المرور - مرجع سريع (مكتب القاهرة),password_policy,Information Technology,IT,Quick Reference,ar,مكتب القاهرة,CAI,2.1,Active,2024-05-07,,IT-0016 IT-0024 IT-0096
FAC-0278,ar/FAC-0278_parking-policy_QuickReference.txt,مواقف السيارات - مرجع سريع (مكتب دبي),parking,Facilities,FAC,Quick Reference,ar,مكتب دبي,DXB,2.2,Active,2024-09-02,,FAC-0024
HR-0423,en/HR-0423_flexible-hours-policy_Procedure.txt,Flexible Hours - Procedure (Jeddah Office),flexible_hours,Human Resources,HR,Procedure,en,Jeddah Office,JED,2.1,Active,2024-02-01,,HR-0047 HR-0063
IT-0343,en/IT-0343_password-policy_Procedure.txt,Password - Procedure (Cairo Office),password_policy,Information Technology,IT,Procedure,en,Cairo Office,CAI,2.2,Active,2025-05-09,,IT-0015 IT-0023 IT-0095
FAC-0279,en/FAC-0279_parking-policy_Procedure.txt,Parking - Procedure (Dubai Office),parking,Facilities,FAC,Procedure,en,Dubai Office,DXB,1.0,Superseded,2023-07-17,FAC-0011,FAC-0023
HR-0424,ar/HR-0424_flexible-hours-policy_Procedure.txt,ساعات العمل المرنة - إجراء (مكتب جدة),flexible_hours,Human Resources,HR,Procedure,ar,مكتب جدة,JED,2.2,Active,2024-07-26,,HR-0048 HR-0064
IT-0344,ar/IT-0344_password-policy_Procedure.txt,كلمات المرور - إجراء (مكتب القاهرة),password_policy,Information Technology,IT,Procedure,ar,مكتب القاهرة,CAI,2.2,Active,2024-12-25,,IT-0016 IT-0024 IT-0096
FAC-0280,ar/FAC-0280_parking-policy_Procedure.txt,مواقف السيارات - إجراء (مكتب دبي),parking,Facilities,FAC,Procedure,ar,مكتب دبي,DXB,2.1,Active,2024-04-12,,FAC-0024
HR-0425,en/HR-0425_probation-policy_Policy.txt,Probation Policy (Jeddah Office),probation,Human Resources,HR,Policy,en,Jeddah Office,JED,2.0,Active,2024-04-02,,HR-0111 HR-0087 HR-0127
IT-0345,en/IT-0345_multi-factor-authentication-policy_Policy.txt,Multi-Factor Authentication Policy (Cairo Office),mfa,Information Technology,IT,Policy,en,Cairo Office,CAI,1.5,Superseded,2023-03-04,IT-0009,IT-0007 IT-0047
FAC-0281,en/FAC-0281_building-access-policy_Policy.txt,Building Access Policy (Dubai Office),building_access,Facilities,FAC,Policy,en,Dubai Office,DXB,2.0,Active,2024-03-24,,FAC-0015 FAC-0031
HR-0426,ar/HR-0426_probation-policy_Policy.txt,سياسة فترة التجربة (مكتب جدة),probation,Human Resources,HR,Policy,ar,مكتب جدة,JED,1.6,Superseded,2023-11-02,HR-0074,HR-0112 HR-0088 HR-0128
IT-0346,ar/IT-0346_multi-factor-authentication-policy_Policy.txt,سياسة المصادقة متعددة العوامل (مكتب القاهرة),mfa,Information Technology,IT,Policy,ar,مكتب القاهرة,CAI,2.1,Active,2024-06-14,,IT-0008 IT-0048
FAC-0282,ar/FAC-0282_building-access-policy_Policy.txt,سياسة الدخول إلى المبنى (مكتب دبي),building_access,Facilities,FAC,Policy,ar,مكتب دبي,DXB,2.2,Active,2023-01-22,,FAC-0016 FAC-0032
HR-0427,en/HR-0427_probation-policy_QuickReference.txt,Probation - Quick Reference (Jeddah Office),probation,Human Resources,HR,Quick Reference,en,Jeddah Office,JED,2.2,Active,2024-01-11,,HR-0111 HR-0087 HR-0127
IT-0347,en/IT-0347_multi-factor-authentication-policy_QuickReference.txt,Multi-Factor Authentication - Quick Reference (Cairo Office),mfa,Information Technology,IT,Quick Reference,en,Cairo Office,CAI,1.2,Superseded,2023-11-15,IT-0015,IT-0007 IT-0047
FAC-0283,en/FAC-0283_building-access-policy_QuickReference.txt,Building Access - Quick Reference (Dubai Office),building_access,Facilities,FAC,Quick Reference,en,Dubai Office,DXB,2.2,Active,2025-02-20,,FAC-0015 FAC-0031
HR-0428,ar/HR-0428_probation-policy_QuickReference.txt,فترة التجربة - مرجع سريع (مكتب جدة),probation,Human Resources,HR,Quick Reference,ar,مكتب جدة,JED,2.3,Active,2024-11-22,,HR-0112 HR-0088 HR-0128
IT-0348,ar/IT-0348_multi-factor-authentication-policy_QuickReference.txt,المصادقة متعددة العوامل - مرجع سريع (مكتب القاهرة),mfa,Information Technology,IT,Quick Reference,ar,مكتب القاهرة,CAI,2.3,Active,2023-03-23,,IT-0008 IT-0048
FAC-0284,ar/FAC-0284_building-access-policy_QuickReference.txt,الدخول إلى المبنى - مرجع سريع (مكتب دبي),building_access,Facilities,FAC,Quick Reference,ar,مكتب دبي,DXB,2.3,Active,2024-09-14,,FAC-0016 FAC-0032
HR-0429,en/HR-0429_probation-policy_Procedure.txt,Probation - Procedure (Jeddah Office),probation,Human Resources,HR,Procedure,en,Jeddah Office,JED,2.3,Active,2024-12-22,,HR-0111 HR-0087 HR-0127
IT-0349,en/IT-0349_multi-factor-authentication-policy_Procedure.txt,Multi-Factor Authentication - Procedure (Cairo Office),mfa,Information Technology,IT,Procedure,en,Cairo Office,CAI,2.3,Active,2024-07-08,,IT-0007 IT-0047
FAC-0285,en/FAC-0285_building-access-policy_Procedure.txt,Building Access - Procedure (Dubai Office),building_access,Facilities,FAC,Procedure,en,Dubai Office,DXB,2.2,Active,2023-08-15,,FAC-0015 FAC-0031
HR-0430,ar/HR-0430_probation-policy_Procedure.txt,فترة التجربة - إجراء (مكتب جدة),probation,Human Resources,HR,Procedure,ar,مكتب جدة,JED,2.4,Active,2024-10-29,,HR-0112 HR-0088 HR-0128
IT-0350,ar/IT-0350_multi-factor-authentication-policy_Procedure.txt,المصادقة متعددة العوامل - إجراء (مكتب القاهرة),mfa,Information Technology,IT,Procedure,ar,مكتب القاهرة,CAI,2.3,Active,2023-08-20,,IT-0008 IT-0048
FAC-0286,ar/FAC-0286_building-access-policy_Procedure.txt,الدخول إلى المبنى - إجراء (مكتب دبي),building_access,Facilities,FAC,Procedure,ar,مكتب دبي,DXB,2.3,Active,2024-11-24,,FAC-0016 FAC-0032
HR-0431,en/HR-0431_performance-review-policy_Policy.txt,Performance Review Policy (Jeddah Office),performance_review,Human Resources,HR,Policy,en,Jeddah Office,JED,2.3,Active,2023-11-10,,HR-0079 HR-0095 HR-0103
IT-0351,en/IT-0351_system-access-request-policy_Policy.txt,System Access Request Policy (Cairo Office),system_access,Information Technology,IT,Policy,en,Cairo Office,CAI,2.0,Active,2023-08-11,,IT-0007 IT-0031 HR-0111
FAC-0287,en/FAC-0287_visitor-management-policy_Policy.txt,Visitor Management Policy (Dubai Office),visitor_management,Facilities,FAC,Policy,en,Dubai Office,DXB,2.2,Active,2024-06-24,,FAC-0023 LEG-0007
HR-0432,ar/HR-0432_performance-review-policy_Policy.txt,سياسة تقييم الأداء (مكتب جدة),performance_review,Human Resources,HR,Policy,ar,مكتب جدة,JED,2.3,Active,2025-01-27,,HR-0080 HR-0096 HR-0104
IT-0352,ar/IT-0352_system-access-request-policy_Policy.txt,سياسة طلب الوصول إلى الأنظمة (مكتب القاهرة),system_access,Information Technology,IT,Policy,ar,مكتب القاهرة,CAI,1.4,Superseded,2023-12-19,IT-0018,IT-0008 IT-0032 HR-0112
FAC-0288,ar/FAC-0288_visitor-management-policy_Policy.txt,سياسة إدارة الزوار (مكتب دبي),visitor_management,Facilities,FAC,Policy,ar,مكتب دبي,DXB,2.2,Active,2024-09-26,,FAC-0024 LEG-0008
HR-0433,en/HR-0433_performance-review-policy_QuickReference.txt,Performance Review - Quick Reference (Jeddah Office),performance_review,Human Resources,HR,Quick Reference,en,Jeddah Office,JED,2.0,Active,2023-01-28,,HR-0079 HR-0095 HR-0103
IT-0353,en/IT-0353_system-access-request-policy_QuickReference.txt,System Access Request - Quick Reference (Cairo Office),system_access,Information Technology,IT,Quick Reference,en,Cairo Office,CAI,2.1,Active,2024-06-26,,IT-0007 IT-0031 HR-0111
FAC-0289,en/FAC-0289_visitor-management-policy_QuickReference.txt,Visitor Management - Quick Reference (Dubai Office),visitor_management,Facilities,FAC,Quick Reference,en,Dubai Office,DXB,2.2,Active,2023-09-09,,FAC-0023 LEG-0007
HR-0434,ar/HR-0434_performance-review-policy_QuickReference.txt,تقييم الأداء - مرجع سريع (مكتب جدة),performance_review,Human Resources,HR,Quick Reference,ar,مكتب جدة,JED,1.3,Superseded,2023-06-17,HR-0088,HR-0080 HR-0096 HR-0104
IT-0354,ar/IT-0354_system-access-request-policy_QuickReference.txt,طلب الوصول إلى الأنظمة - مرجع سريع (مكتب القاهرة),system_access,Information Technology,IT,Quick Reference,ar,مكتب القاهرة,CAI,2.3,Active,2024-05-25,,IT-0008 IT-0032 HR-0112
FAC-0290,ar/FAC-0290_visitor-management-policy_QuickReference.txt,إدارة الزوار - مرجع سريع (مكتب دبي),visitor_management,Facilities,FAC,Quick Reference,ar,مكتب دبي,DXB,2.1,Active,2023-11-09,,FAC-0024 LEG-0008
HR-0435,en/HR-0435_performance-review-policy_Procedure.txt,Performance Review - Procedure (Jeddah Office),performance_review,Human Resources,HR,Procedure,en,Jeddah Office,JED,2.2,Active,2024-01-18,,HR-0079 HR-0095 HR-0103
IT-0355,en/IT-0355_system-access-request-policy_Procedure.txt,System Access Request - Procedure (Cairo Office),system_access,Information Technology,IT,Procedure,en,Cairo Office,CAI,1.0,Superseded,2023-06-08,IT-0019,IT-0007 IT-0031 HR-0111
FAC-0291,en/FAC-0291_visitor-management-policy_Procedure.txt,Visitor Management - Procedure (Dubai Office),visitor_management,Facilities,FAC,Procedure,en,Dubai Office,DXB,2.2,Active,2023-12-16,,FAC-0023 LEG-0007
HR-0436,ar/HR-0436_performance-review-policy_Procedure.txt,تقييم الأداء - إجراء (مكتب جدة),performance_review,Human Resources,HR,Procedure,ar,مكتب جدة,JED,2.3,Active,2024-04-11,,HR-0080 HR-0096 HR-0104
IT-0356,ar/IT-0356_system-access-request-policy_Procedure.txt,طلب الوصول إلى الأنظمة - إجراء (مكتب القاهرة),system_access,Information Technology,IT,Procedure,ar,مكتب القاهرة,CAI,2.2,Active,2024-03-16,,IT-0008 IT-0032 HR-0112
FAC-0292,ar/FAC-0292_visitor-management-policy_Procedure.txt,إدارة الزوار - إجراء (مكتب دبي),visitor_management,Facilities,FAC,Procedure,ar,مكتب دبي,DXB,2.3,Active,2024-11-06,,FAC-0024 LEG-0008
HR-0437,en/HR-0437_promotion-policy_Policy.txt,Promotion Policy (Jeddah Office),promotion,Human Resources,HR,Policy,en,Jeddah Office,JED,2.1,Active,2025-01-08,,HR-0087 HR-0103
IT-0357,en/IT-0357_vpn-and-remote-access-policy_Policy.txt,VPN and Remote Access Policy (Cairo Office),vpn_remote_access,Information Technology,IT,Policy,en,Cairo Office,CAI,2.2,Active,2024-05-13,,HR-0063 IT-0015
FAC-0293,en/FAC-0293_workplace-health-and-safety-policy_Policy.txt,Workplace Health and Safety Policy (Dubai Office),health_safety,Facilities,FAC,Policy,en,Dubai Office,DXB,2.3,Active,2024-11-29,,FAC-0047 FAC-0055 FAC-0063
HR-0438,ar/HR-0438_promotion-policy_Policy.txt,سياسة الترقية (مكتب جدة),promotion,Human Resources,HR,Policy,ar,مكتب جدة,JED,2.1,Active,2024-03-03,,HR-0088 HR-0104
IT-0358,ar/IT-0358_vpn-and-remote-access-policy_Policy.txt,سياسة الوصول عن بُعد و VPN (مكتب القاهرة),vpn_remote_access,Information Technology,IT,Policy,ar,مكتب القاهرة,CAI,2.2,Active,2024-11-06,,HR-0064 IT-0016
FAC-0294,ar/FAC-0294_workplace-health-and-safety-policy_Policy.txt,سياسة الصحة والسلامة في مكان العمل (مكتب دبي),health_safety,Facilities,FAC,Policy,ar,مكتب دبي,DXB,1.5,Superseded,2023-09-14,FAC-0034,FAC-0048 FAC-0056 FAC-0064
HR-0439,en/HR-0439_promotion-policy_QuickReference.txt,Promotion - Quick Reference (Jeddah Office),promotion,Human Resources,HR,Quick Reference,en,Jeddah Office,JED,2.4,Active,2024-01-14,,HR-0087 HR-0103
IT-0359,en/IT-0359_vpn-and-remote-access-policy_QuickReference.txt,VPN and Remote Access - Quick Reference (Cairo Office),vpn_remote_access,Information Technology,IT,Quick Reference,en,Cairo Office,CAI,2.3,Active,2024-08-03,,HR-0063 IT-0015
FAC-0295,en/FAC-0295_workplace-health-and-safety-policy_QuickReference.txt,Workplace Health and Safety - Quick Reference (Dubai Office),health_safety,Facilities,FAC,Quick Reference,en,Dubai Office,DXB,2.3,Active,2023-11-20,,FAC-0047 FAC-0055 FAC-0063
HR-0440,ar/HR-0440_promotion-policy_QuickReference.txt,الترقية - مرجع سريع (مكتب جدة),promotion,Human Resources,HR,Quick Reference,ar,مكتب جدة,JED,2.3,Active,2023-08-13,,HR-0088 HR-0104
IT-0360,ar/IT-0360_vpn-and-remote-access-policy_QuickReference.txt,الوصول عن بُعد و VPN - مرجع سريع (مكتب القاهرة),vpn_remote_access,Information Technology,IT,Quick Reference,ar,مكتب القاهرة,CAI,2.3,Active,2023-09-28,,HR-0064 IT-0016
FAC-0296,ar/FAC-0296_workplace-health-and-safety-policy_QuickReference.txt,الصحة والسلامة في مكان العمل - مرجع سريع (مكتب دبي),health_safety,Facilities,FAC,Quick Reference,ar,مكتب دبي,DXB,2.2,Active,2025-05-20,,FAC-0048 FAC-0056 FAC-0064
HR-0441,en/HR-0441_promotion-policy_Procedure.txt,Promotion - Procedure (Jeddah Office),promotion,Human Resources,HR,Procedure,en,Jeddah Office,JED,2.1,Active,2023-02-12,,HR-0087 HR-0103
IT-0361,en/IT-0361_vpn-and-remote-access-policy_Procedure.txt,VPN and Remote Access - Procedure (Cairo Office),vpn_remote_access,Information Technology,IT,Procedure,en,Cairo Office,CAI,1.5,Superseded,2023-07-20,IT-0043,HR-0063 IT-0015
FAC-0297,en/FAC-0297_workplace-health-and-safety-policy_Procedure.txt,Workplace Health and Safety - Procedure (Dubai Office),health_safety,Facilities,FAC,Procedure,en,Dubai Office,DXB,2.0,Active,2025-03-08,,FAC-0047 FAC-0055 FAC-0063
HR-0442,ar/HR-0442_promotion-policy_Procedure.txt,الترقية - إجراء (مكتب جدة),promotion,Human Resources,HR,Procedure,ar,مكتب جدة,JED,2.3,Active,2024-09-09,,HR-0088 HR-0104
IT-0362,ar/IT-0362_vpn-and-remote-access-policy_Procedure.txt,الوصول عن بُعد و VPN - إجراء (مكتب القاهرة),vpn_remote_access,Information Technology,IT,Procedure,ar,مكتب القاهرة,CAI,2.1,Active,2025-03-12,,HR-0064 IT-0016
FAC-0298,ar/FAC-0298_workplace-health-and-safety-policy_Procedure.txt,الصحة والسلامة في مكان العمل - إجراء (مكتب دبي),health_safety,Facilities,FAC,Procedure,ar,مكتب دبي,DXB,2.3,Active,2024-01-07,,FAC-0048 FAC-0056 FAC-0064
HR-0443,en/HR-0443_salary-review-policy_Policy.txt,Salary Review Policy (Jeddah Office),salary_review,Human Resources,HR,Policy,en,Jeddah Office,JED,2.3,Active,2023-02-18,,HR-0087 HR-0095
IT-0363,en/IT-0363_hardware-request-policy_Policy.txt,Hardware Request Policy (Cairo Office),hardware_request,Information Technology,IT,Policy,en,Cairo Office,CAI,1.6,Superseded,2023-12-17,IT-0073,IT-0087 IT-0071 FAC-0063
FAC-0299,en/FAC-0299_fire-safety-policy_Policy.txt,Fire Safety Policy (Dubai Office),fire_safety,Facilities,FAC,Policy,en,Dubai Office,DXB,2.4,Active,2025-03-10,,FAC-0039 FAC-0023
HR-0444,ar/HR-0444_salary-review-policy_Policy.txt,سياسة مراجعة الرواتب (مكتب جدة),salary_review,Human Resources,HR,Policy,ar,مكتب جدة,JED,2.4,Active,2025-01-04,,HR-0088 HR-0096
IT-0364,ar/IT-0364_hardware-request-policy_Policy.txt,سياسة طلب الأجهزة (مكتب القاهرة),hardware_request,Information Technology,IT,Policy,ar,مكتب القاهرة,CAI,2.4,Active,2023-04-20,,IT-0088 IT-0072 FAC-0064
FAC-0300,ar/FAC-0300_fire-safety-policy_Policy.txt,سياسة السلامة من الحرائق (مكتب دبي),fire_safety,Facilities,FAC,Policy,ar,مكتب دبي,DXB,2.1,Active,2024-12-28,,FAC-0040 FAC-0024
HR-0445,en/HR-0445_salary-review-policy_QuickReference.txt,Salary Review - Quick Reference (Jeddah Office),salary_review,Human Resources,HR,Quick Reference,en,Jeddah Office,JED,2.3,Active,2023-02-23,,HR-0087 HR-0095
IT-0365,en/IT-0365_hardware-request-policy_QuickReference.txt,Hardware Request - Quick Reference (Cairo Office),hardware_request,Information Technology,IT,Quick Reference,en,Cairo Office,CAI,2.1,Active,2023-05-28,,IT-0087 IT-0071 FAC-0063
FAC-0301,en/FAC-0301_fire-safety-policy_QuickReference.txt,Fire Safety - Quick Reference (Dubai Office),fire_safety,Facilities,FAC,Quick Reference,en,Dubai Office,DXB,2.0,Active,2023-07-15,,FAC-0039 FAC-0023
HR-0446,ar/HR-0446_salary-review-policy_QuickReference.txt,مراجعة الرواتب - مرجع سريع (مكتب جدة),salary_review,Human Resources,HR,Quick Reference,ar,مكتب جدة,JED,2.1,Active,2024-03-02,,HR-0088 HR-0096
IT-0366,ar/IT-0366_hardware-request-policy_QuickReference.txt,طلب الأجهزة - مرجع سريع (مكتب القاهرة),hardware_request,Information Technology,IT,Quick Reference,ar,مكتب القاهرة,CAI,1.6,Superseded,2023-03-30,IT-0080,IT-0088 IT-0072 FAC-0064
FAC-0302,ar/FAC-0302_fire-safety-policy_QuickReference.txt,السلامة من الحرائق - مرجع سريع (مكتب دبي),fire_safety,Facilities,FAC,Quick Reference,ar,مكتب دبي,DXB,2.3,Active,2024-09-06,,FAC-0040 FAC-0024
HR-0447,en/HR-0447_salary-review-policy_Procedure.txt,Salary Review - Procedure (Jeddah Office),salary_review,Human Resources,HR,Procedure,en,Jeddah Office,JED,2.4,Active,2024-11-10,,HR-0087 HR-0095
IT-0367,en/IT-0367_hardware-request-policy_Procedure.txt,Hardware Request - Procedure (Cairo Office),hardware_request,Information Technology,IT,Procedure,en,Cairo Office,CAI,2.4,Active,2024-08-15,,IT-0087 IT-0071 FAC-0063
FAC-0303,en/FAC-0303_fire-safety-policy_Procedure.txt,Fire Safety - Procedure (Dubai Office),fire_safety,Facilities,FAC,Procedure,en,Dubai Office,DXB,2.4,Active,2023-01-30,,FAC-0039 FAC-0023
HR-0448,ar/HR-0448_salary-review-policy_Procedure.txt,مراجعة الرواتب - إجراء (مكتب جدة),salary_review,Human Resources,HR,Procedure,ar,مكتب جدة,JED,2.2,Active,2024-08-22,,HR-0088 HR-0096
IT-0368,ar/IT-0368_hardware-request-policy_Procedure.txt,طلب الأجهزة - إجراء (مكتب القاهرة),hardware_request,Information Technology,IT,Procedure,ar,مكتب القاهرة,CAI,2.3,Active,2024-11-20,,IT-0088 IT-0072 FAC-0064
FAC-0304,ar/FAC-0304_fire-safety-policy_Procedure.txt,السلامة من الحرائق - إجراء (مكتب دبي),fire_safety,Facilities,FAC,Procedure,ar,مكتب دبي,DXB,2.4,Active,2024-12-28,,FAC-0040 FAC-0024
HR-0449,en/HR-0449_onboarding-policy_Policy.txt,Onboarding Policy (Jeddah Office),onboarding,Human Resources,HR,Policy,en,Jeddah Office,JED,2.4,Active,2023-01-11,,HR-0079 HR-0143 IT-0023
IT-0369,en/IT-0369_clear-desk-and-screen-policy_Policy.txt,Clear Desk and Screen Policy (Cairo Office),clear_desk,Information Technology,IT,Policy,en,Cairo Office,CAI,2.3,Active,2024-02-10,,IT-0127 LEG-0007
FAC-0305,en/FAC-0305_workspace-ergonomics-policy_Policy.txt,Workspace Ergonomics Policy (Dubai Office),workspace_ergonomics,Facilities,FAC,Policy,en,Dubai Office,DXB,1.5,Superseded,2023-11-06,FAC-0057,IT-0079 FAC-0039 HR-0063
HR-0450,ar/HR-0450_onboarding-policy_Policy.txt,سياسة الإلحاق الوظيفي (مكتب جدة),onboarding,Human Resources,HR,Policy,ar,مكتب جدة,JED,2.3,Active,2024-02-08,,HR-0080 HR-0144 IT-0024
IT-0370,ar/IT-0370_clear-desk-and-screen-policy_Policy.txt,سياسة المكتب والشاشة النظيفين (مكتب القاهرة),clear_desk,Information Technology,IT,Policy,ar,مكتب القاهرة,CAI,1.4,Superseded,2023-04-19,IT-0114,IT-0128 LEG-0008
FAC-0306,ar/FAC-0306_workspace-ergonomics-policy_Policy.txt,سياسة بيئة العمل المريحة (مكتب دبي),workspace_ergonomics,Facilities,FAC,Policy,ar,مكتب دبي,DXB,2.3,Active,2024-01-27,,IT-0080 FAC-0040 HR-0064
HR-0451,en/HR-0451_onboarding-policy_QuickReference.txt,Onboarding - Quick Reference (Jeddah Office),onboarding,Human Resources,HR,Quick Reference,en,Jeddah Office,JED,2.3,Active,2024-06-15,,HR-0079 HR-0143 IT-0023
IT-0371,en/IT-0371_clear-desk-and-screen-policy_QuickReference.txt,Clear Desk and Screen - Quick Reference (Cairo Office),clear_desk,Information Technology,IT,Quick Reference,en,Cairo Office,CAI,2.2,Active,2025-04-07,,IT-0127 LEG-0007
FAC-0307,en/FAC-0307_workspace-ergonomics-policy_QuickReference.txt,Workspace Ergonomics - Quick Reference (Dubai Office),workspace_ergonomics,Facilities,FAC,Quick Reference,en,Dubai Office,DXB,2.1,Active,2024-12-28,,IT-0079 FAC-0039 HR-0063
HR-0452,ar/HR-0452_onboarding-policy_QuickReference.txt,الإلحاق الوظيفي - مرجع سريع (مكتب جدة),onboarding,Human Resources,HR,Quick Reference,ar,مكتب جدة,JED,1.5,Superseded,2023-04-19,HR-0112,HR-0080 HR-0144 IT-0024
IT-0372,ar/IT-0372_clear-desk-and-screen-policy_QuickReference.txt,المكتب والشاشة النظيفين - مرجع سريع (مكتب القاهرة),clear_desk,Information Technology,IT,Quick Reference,ar,مكتب القاهرة,CAI,1.2,Superseded,2023-04-29,IT-0120,IT-0128 LEG-0008
FAC-0308,ar/FAC-0308_workspace-ergonomics-policy_QuickReference.txt,بيئة العمل المريحة - مرجع سريع (مكتب دبي),workspace_ergonomics,Facilities,FAC,Quick Reference,ar,مكتب دبي,DXB,2.3,Active,2025-01-14,,IT-0080 FAC-0040 HR-0064
HR-0453,en/HR-0453_onboarding-policy_Procedure.txt,Onboarding - Procedure (Jeddah Office),onboarding,Human Resources,HR,Procedure,en,Jeddah Office,JED,2.4,Active,2023-10-26,,HR-0079 HR-0143 IT-0023
IT-0373,en/IT-0373_clear-desk-and-screen-policy_Procedure.txt,Clear Desk and Screen - Procedure (Cairo Office),clear_desk,Information Technology,IT,Procedure,en,Cairo Office,CAI,1.2,Superseded,2023-12-12,IT-0115,IT-0127 LEG-0007
FAC-0309,en/FAC-0309_workspace-ergonomics-policy_Procedure.txt,Workspace Ergonomics - Procedure (Dubai Office),workspace_ergonomics,Facilities,FAC,Procedure,en,Dubai Office,DXB,2.4,Active,2023-09-27,,IT-0079 FAC-0039 HR-0063
HR-0454,ar/HR-0454_onboarding-policy_Procedure.txt,الإلحاق الوظيفي - إجراء (مكتب جدة),onboarding,Human Resources,HR,Procedure,ar,مكتب جدة,JED,2.1,Active,2025-04-08,,HR-0080 HR-0144 IT-0024
IT-0374,ar/IT-0374_clear-desk-and-screen-policy_Procedure.txt,المكتب والشاشة النظيفين - إجراء (مكتب القاهرة),clear_desk,Information Technology,IT,Procedure,ar,مكتب القاهرة,CAI,2.1,Active,2024-10-24,,IT-0128 LEG-0008
FAC-0310,ar/FAC-0310_workspace-ergonomics-policy_Procedure.txt,بيئة العمل المريحة - إجراء (مكتب دبي),workspace_ergonomics,Facilities,FAC,Procedure,ar,مكتب دبي,DXB,2.2,Active,2024-11-08,,IT-0080 FAC-0040 HR-0064
HR-0455,en/HR-0455_offboarding-policy_Policy.txt,Offboarding Policy (Jeddah Office),offboarding,Human Resources,HR,Policy,en,Jeddah Office,JED,2.0,Active,2023-01-24,,HR-0127 IT-0087 IT-0023
IT-0375,en/IT-0375_printing-policy_Policy.txt,Printing Policy (Cairo Office),printing,Information Technology,IT,Policy,en,Cairo Office,CAI,2.1,Active,2023-12-06,,IT-0119
FAC-0311,en/FAC-0311_kitchen-and-break-area-policy_Policy.txt,Kitchen and Break Area Policy (Dubai Office),kitchen_use,Facilities,FAC,Policy,en,Dubai Office,DXB,2.2,Active,2024-09-06,,
HR-0456,ar/HR-0456_offboarding-policy_Policy.txt,سياسة إنهاء الخدمة (مكتب جدة),offboarding,Human Resources,HR,Policy,ar,مكتب جدة,JED,2.2,Active,2025-01-20,,HR-0128 IT-0088 IT-0024
IT-0376,ar/IT-0376_printing-policy_Policy.txt,سياسة الطباعة (مكتب القاهرة),printing,Information Technology,IT,Policy,ar,مكتب القاهرة,CAI,2.1,Active,2023-06-23,,IT-0120
FAC-0312,ar/FAC-0312_kitchen-and-break-area-policy_Policy.txt,سياسة المطبخ ومناطق الاستراحة (مكتب دبي),kitchen_use,Facilities,FAC,Policy,ar,مكتب دبي,DXB,2.0,Active,2023-03-11,,
HR-0457,en/HR-0457_offboarding-policy_QuickReference.txt,Offboarding - Quick Reference (Jeddah Office),offboarding,Human Resources,HR,Quick Reference,en,Jeddah Office,JED,2.2,Active,2023-05-01,,HR-0127 IT-0087 IT-0023
IT-0377,en/IT-0377_printing-policy_QuickReference.txt,Printing - Quick Reference (Cairo Office),printing,Information Technology,IT,Quick Reference,en,Cairo Office,CAI,2.3,Active,2023-06-09,,IT-0119
FAC-0313,en/FAC-0313_kitchen-and-break-area-policy_QuickReference.txt,Kitchen and Break Area - Quick Reference (Dubai Office),kitchen_use,Facilities,FAC,Quick Reference,en,Dubai Office,DXB,2.4,Active,2023-07-28,,
HR-0458,ar/HR-0458_offboarding-policy_QuickReference.txt,إنهاء الخدمة - مرجع سريع (مكتب جدة),offboarding,Human Resources,HR,Quick Reference,ar,مكتب جدة,JED,2.0,Active,2025-02-28,,HR-0128 IT-0088 IT-0024
IT-0378,ar/IT-0378_printing-policy_QuickReference.txt,الطباعة - مرجع سريع (مكتب القاهرة),printing,Information Technology,IT,Quick Reference,ar,مكتب القاهرة,CAI,2.1,Active,2023-10-20,,IT-0120
FAC-0314,ar/FAC-0314_kitchen-and-break-area-policy_QuickReference.txt,المطبخ ومناطق الاستراحة - مرجع سريع (مكتب دبي),kitchen_use,Facilities,FAC,Quick Reference,ar,مكتب دبي,DXB,2.2,Active,2024-02-23,,
HR-0459,en/HR-0459_offboarding-policy_Procedure.txt,Offboarding - Procedure (Jeddah Office),offboarding,Human Resources,HR,Procedure,en,Jeddah Office,JED,2.1,Active,2024-02-28,,HR-0127 IT-0087 IT-0023
IT-0379,en/IT-0379_printing-policy_Procedure.txt,Printing - Procedure (Cairo Office),printing,Information Technology,IT,Procedure,en,Cairo Office,CAI,2.4,Active,2024-08-13,,IT-0119
FAC-0315,en/FAC-0315_kitchen-and-break-area-policy_Procedure.txt,Kitchen and Break Area - Procedure (Dubai Office),kitchen_use,Facilities,FAC,Procedure,en,Dubai Office,DXB,1.0,Superseded,2023-02-01,FAC-0067,
HR-0460,ar/HR-0460_offboarding-policy_Procedure.txt,إنهاء الخدمة - إجراء (مكتب جدة),offboarding,Human Resources,HR,Procedure,ar,مكتب جدة,JED,2.4,Active,2024-06-08,,HR-0128 IT-0088 IT-0024
IT-0380,ar/IT-0380_printing-policy_Procedure.txt,الطباعة - إجراء (مكتب القاهرة),printing,Information Technology,IT,Procedure,ar,مكتب القاهرة,CAI,2.3,Active,2023-05-04,,IT-0120
FAC-0316,ar/FAC-0316_kitchen-and-break-area-policy_Procedure.txt,المطبخ ومناطق الاستراحة - إجراء (مكتب دبي),kitchen_use,Facilities,FAC,Procedure,ar,مكتب دبي,DXB,2.4,Active,2023-05-23,,
HR-0461,en/HR-0461_resignation-and-notice-policy_Policy.txt,Resignation and Notice Policy (Jeddah Office),resignation_notice,Human Resources,HR,Policy,en,Jeddah Office,JED,2.1,Active,2023-01-31,,HR-0119 HR-0135
IT-0381,en/IT-0381_it-support-service-levels_Policy.txt,IT Support Service Levels (Cairo Office),help_desk_sla,Information Technology,IT,Policy,en,Cairo Office,CAI,2.2,Active,2023-08-11,,IT-0023 IT-0079
FAC-0317,en/FAC-0317_mail-and-courier-policy_Policy.txt,Mail and Courier Policy (Dubai Office),mail_courier,Facilities,FAC,Policy,en,Dubai Office,DXB,2.3,Active,2023-04-02,,
HR-0462,ar/HR-0462_resignation-and-notice-policy_Policy.txt,سياسة الاستقالة ومدة الإشعار (مكتب جدة),resignation_notice,Human Resources,HR,Policy,ar,مكتب جدة,JED,2.2,Active,2024-04-18,,HR-0120 HR-0136
IT-0382,ar/IT-0382_it-support-service-levels_Policy.txt,مستويات خدمة الدعم التقني (مكتب القاهرة),help_desk_sla,Information Technology,IT,Policy,ar,مكتب القاهرة,CAI,2.4,Active,2023-10-20,,IT-0024 IT-0080
FAC-0318,ar/FAC-0318_mail-and-courier-policy_Policy.txt,سياسة البريد والشحن (مكتب دبي),mail_courier,Facilities,FAC,Policy,ar,مكتب دبي,DXB,2.1,Active,2025-05-30,,
HR-0463,en/HR-0463_resignation-and-notice-policy_QuickReference.txt,Resignation and Notice - Quick Reference (Jeddah Office),resignation_notice,Human Resources,HR,Quick Reference,en,Jeddah Office,JED,2.0,Active,2025-05-18,,HR-0119 HR-0135
IT-0383,en/IT-0383_it-support-service-levels_QuickReference.txt,IT Support Service Levels - Quick Reference (Cairo Office),help_desk_sla,Information Technology,IT,Quick Reference,en,Cairo Office,CAI,2.4,Active,2024-04-25,,IT-0023 IT-0079
FAC-0319,en/FAC-0319_mail-and-courier-policy_QuickReference.txt,Mail and Courier - Quick Reference (Dubai Office),mail_courier,Facilities,FAC,Quick Reference,en,Dubai Office,DXB,2.4,Active,2024-08-08,,
HR-0464,ar/HR-0464_resignation-and-notice-policy_QuickReference.txt,الاستقالة ومدة الإشعار - مرجع سريع (مكتب جدة),resignation_notice,Human Resources,HR,Quick Reference,ar,مكتب جدة,JED,1.5,Superseded,2023-08-04,HR-0128,HR-0120 HR-0136
IT-0384,ar/IT-0384_it-support-service-levels_QuickReference.txt,مستويات خدمة الدعم التقني - مرجع سريع (مكتب القاهرة),help_desk_sla,Information Technology,IT,Quick Reference,ar,مكتب القاهرة,CAI,2.0,Active,2024-12-12,,IT-0024 IT-0080
FAC-0320,ar/FAC-0320_mail-and-courier-policy_QuickReference.txt,البريد والشحن - مرجع سريع (مكتب دبي),mail_courier,Facilities,FAC,Quick Reference,ar,مكتب دبي,DXB,1.0,Superseded,2023-07-08,FAC-0080,
HR-0465,en/HR-0465_resignation-and-notice-policy_Procedure.txt,Resignation and Notice - Procedure (Jeddah Office),resignation_notice,Human Resources,HR,Procedure,en,Jeddah Office,JED,2.1,Active,2024-10-10,,HR-0119 HR-0135
IT-0385,en/IT-0385_it-support-service-levels_Procedure.txt,IT Support Service Levels - Procedure (Cairo Office),help_desk_sla,Information Technology,IT,Procedure,en,Cairo Office,CAI,2.3,Active,2024-02-19,,IT-0023 IT-0079
FAC-0321,en/FAC-0321_mail-and-courier-policy_Procedure.txt,Mail and Courier - Procedure (Dubai Office),mail_courier,Facilities,FAC,Procedure,en,Dubai Office,DXB,2.1,Active,2024-01-15,,
HR-0466,ar/HR-0466_resignation-and-notice-policy_Procedure.txt,الاستقالة ومدة الإشعار - إجراء (مكتب جدة),resignation_notice,Human Resources,HR,Procedure,ar,مكتب جدة,JED,2.0,Active,2023-12-19,,HR-0120 HR-0136
IT-0386,ar/IT-0386_it-support-service-levels_Procedure.txt,مستويات خدمة الدعم التقني - إجراء (مكتب القاهرة),help_desk_sla,Information Technology,IT,Procedure,ar,مكتب القاهرة,CAI,2.4,Active,2024-09-13,,IT-0024 IT-0080
FAC-0322,ar/FAC-0322_mail-and-courier-policy_Procedure.txt,البريد والشحن - إجراء (مكتب دبي),mail_courier,Facilities,FAC,Procedure,ar,مكتب دبي,DXB,2.4,Active,2024-04-01,,
HR-0467,en/HR-0467_dress-code-policy_Policy.txt,Dress Code Policy (Jeddah Office),dress_code,Human Resources,HR,Policy,en,Jeddah Office,JED,2.3,Active,2024-05-18,,FAC-0031
IT-0387,en/IT-0387_guest-wi-fi-policy_Policy.txt,Guest Wi-Fi Policy (Cairo Office),guest_wifi,Information Technology,IT,Policy,en,Cairo Office,CAI,2.4,Active,2024-07-01,,FAC-0031 IT-0047
FAC-0323,en/FAC-0323_hot-desk-booking-policy_Policy.txt,Hot Desk Booking Policy (Dubai Office),desk_booking,Facilities,FAC,Policy,en,Dubai Office,DXB,2.3,Active,2024-04-03,,FAC-0007 HR-0063
HR-0468,ar/HR-0468_dress-code-policy_Policy.txt,سياسة الزي في العمل (مكتب جدة),dress_code,Human Resources,HR,Policy,ar,مكتب جدة,JED,2.0,Active,2024-12-31,,FAC-0032
IT-0388,ar/IT-0388_guest-wi-fi-policy_Policy.txt,سياسة شبكة الضيوف اللاسلكية (مكتب القاهرة),guest_wifi,Information Technology,IT,Policy,ar,مكتب القاهرة,CAI,1.3,Superseded,2023-03-05,IT-0162,FAC-0032 IT-0048
FAC-0324,ar/FAC-0324_hot-desk-booking-policy_Policy.txt,سياسة حجز المكاتب المشتركة (مكتب دبي),desk_booking,Facilities,FAC,Policy,ar,مكتب دبي,DXB,2.3,Active,2023-11-07,,FAC-0008 HR-0064
HR-0469,en/HR-0469_dress-code-policy_QuickReference.txt,Dress Code - Quick Reference (Jeddah Office),dress_code,Human Resources,HR,Quick Reference,en,Jeddah Office,JED,2.3,Active,2023-12-29,,FAC-0031
IT-0389,en/IT-0389_guest-wi-fi-policy_QuickReference.txt,Guest Wi-Fi - Quick Reference (Cairo Office),guest_wifi,Information Technology,IT,Quick Reference,en,Cairo Office,CAI,2.4,Active,2024-07-04,,FAC-0031 IT-0047
FAC-0325,en/FAC-0325_hot-desk-booking-policy_QuickReference.txt,Hot Desk Booking - Quick Reference (Dubai Office),desk_booking,Facilities,FAC,Quick Reference,en,Dubai Office,DXB,1.2,Superseded,2023-11-27,FAC-0087,FAC-0007 HR-0063
HR-0470,ar/HR-0470_dress-code-policy_QuickReference.txt,الزي في العمل - مرجع سريع (مكتب جدة),dress_code,Human Resources,HR,Quick Reference,ar,مكتب جدة,JED,2.1,Active,2023-02-18,,FAC-0032
IT-0390,ar/IT-0390_guest-wi-fi-policy_QuickReference.txt,شبكة الضيوف اللاسلكية - مرجع سريع (مكتب القاهرة),guest_wifi,Information Technology,IT,Quick Reference,ar,مكتب القاهرة,CAI,2.1,Active,2023-12-11,,FAC-0032 IT-0048
FAC-0326,ar/FAC-0326_hot-desk-booking-policy_QuickReference.txt,حجز المكاتب المشتركة - مرجع سريع (مكتب دبي),desk_booking,Facilities,FAC,Quick Reference,ar,مكتب دبي,DXB,2.2,Active,2023-03-01,,FAC-0008 HR-0064
HR-0471,en/HR-0471_dress-code-policy_Procedure.txt,Dress Code - Procedure (Jeddah Office),dress_code,Human Resources,HR,Procedure,en,Jeddah Office,JED,2.4,Active,2023-12-20,,FAC-0031
IT-0391,en/IT-0391_guest-wi-fi-policy_Procedure.txt,Guest Wi-Fi - Procedure (Cairo Office),guest_wifi,Information Technology,IT,Procedure,en,Cairo Office,CAI,2.3,Active,2024-06-03,,FAC-0031 IT-0047
FAC-0327,en/FAC-0327_hot-desk-booking-policy_Procedure.txt,Hot Desk Booking - Procedure (Dubai Office),desk_booking,Facilities,FAC,Procedure,en,Dubai Office,DXB,2.4,Active,2024-03-25,,FAC-0007 HR-0063
HR-0472,ar/HR-0472_dress-code-policy_Procedure.txt,الزي في العمل - إجراء (مكتب جدة),dress_code,Human Resources,HR,Procedure,ar,مكتب جدة,JED,2.0,Active,2023-07-17,,FAC-0032
IT-0392,ar/IT-0392_guest-wi-fi-policy_Procedure.txt,شبكة الضيوف اللاسلكية - إجراء (مكتب القاهرة),guest_wifi,Information Technology,IT,Procedure,ar,مكتب القاهرة,CAI,2.1,Active,2024-09-21,,FAC-0032 IT-0048
FAC-0328,ar/FAC-0328_hot-desk-booking-policy_Procedure.txt,حجز المكاتب المشتركة - إجراء (مكتب دبي),desk_booking,Facilities,FAC,Procedure,ar,مكتب دبي,DXB,2.4,Active,2025-05-26,,FAC-0008 HR-0064
HR-0473,en/HR-0473_training-and-development-policy_Policy.txt,Training and Development Policy (Jeddah Office),training_development,Human Resources,HR,Policy,en,Jeddah Office,JED,2.0,Active,2023-04-21,,HR-0087
IT-0393,en/IT-0393_password-policy_Policy.txt,Password Policy (Remote-first Teams),password_policy,Information Technology,IT,Policy,en,Remote-first Teams,REM,2.4,Active,2023-12-28,,IT-0015 IT-0023 IT-0095
FAC-0329,en/FAC-0329_ev-charging-policy_Policy.txt,EV Charging Policy (Dubai Office),ev_charging,Facilities,FAC,Policy,en,Dubai Office,DXB,2.2,Active,2024-09-26,,FAC-0015 FAC-0023
HR-0474,ar/HR-0474_training-and-development-policy_Policy.txt,سياسة التدريب والتطوير (مكتب جدة),training_development,Human Resources,HR,Policy,ar,مكتب جدة,JED,2.0,Active,2024-06-26,,HR-0088
IT-0394,ar/IT-0394_password-policy_Policy.txt,سياسة كلمات المرور (الفرق العاملة عن بُعد),password_policy,Information Technology,IT,Policy,ar,الفرق العاملة عن بُعد,REM,1.4,Superseded,2023-06-30,IT-0002,IT-0016 IT-0024 IT-0096
FAC-0330,ar/FAC-0330_ev-charging-policy_Policy.txt,سياسة شحن السيارات الكهربائية (مكتب دبي),ev_charging,Facilities,FAC,Policy,ar,مكتب دبي,DXB,2.4,Active,2023-11-18,,FAC-0016 FAC-0024
HR-0475,en/HR-0475_training-and-development-policy_QuickReference.txt,Training and Development - Quick Reference (Jeddah Office),training_development,Human Resources,HR,Quick Reference,en,Jeddah Office,JED,2.2,Active,2025-05-14,,HR-0087
IT-0395,en/IT-0395_password-policy_QuickReference.txt,Password - Quick Reference (Remote-first Teams),password_policy,Information Technology,IT,Quick Reference,en,Remote-first Teams,REM,2.2,Active,2025-05-31,,IT-0015 IT-0023 IT-0095
FAC-0331,en/FAC-0331_ev-charging-policy_QuickReference.txt,EV Charging - Quick Reference (Dubai Office),ev_charging,Facilities,FAC,Quick Reference,en,Dubai Office,DXB,2.1,Active,2023-03-13,,FAC-0015 FAC-0023
HR-0476,ar/HR-0476_training-and-development-policy_QuickReference.txt,التدريب والتطوير - مرجع سريع (مكتب جدة),training_development,Human Resources,HR,Quick Reference,ar,مكتب جدة,JED,2.2,Active,2023-05-04,,HR-0088
IT-0396,ar/IT-0396_password-policy_QuickReference.txt,كلمات المرور - مرجع سريع (الفرق العاملة عن بُعد),password_policy,Information Technology,IT,Quick Reference,ar,الفرق العاملة عن بُعد,REM,1.3,Superseded,2023-05-07,IT-0008,IT-0016 IT-0024 IT-0096
FAC-0332,ar/FAC-0332_ev-charging-policy_QuickReference.txt,شحن السيارات الكهربائية - مرجع سريع (مكتب دبي),ev_charging,Facilities,FAC,Quick Reference,ar,مكتب دبي,DXB,2.1,Active,2025-02-24,,FAC-0016 FAC-0024
HR-0477,en/HR-0477_training-and-development-policy_Procedure.txt,Training and Development - Procedure (Jeddah Office),training_development,Human Resources,HR,Procedure,en,Jeddah Office,JED,2.1,Active,2024-07-19,,HR-0087
IT-0397,en/IT-0397_password-policy_Procedure.txt,Password - Procedure (Remote-first Teams),password_policy,Information Technology,IT,Procedure,en,Remote-first Teams,REM,2.4,Active,2025-03-12,,IT-0015 IT-0023 IT-0095
FAC-0333,en/FAC-0333_ev-charging-policy_Procedure.txt,EV Charging - Procedure (Dubai Office),ev_charging,Facilities,FAC,Procedure,en,Dubai Office,DXB,1.6,Superseded,2023-12-19,FAC-0091,FAC-0015 FAC-0023
HR-0478,ar/HR-0478_training-and-development-policy_Procedure.txt,التدريب والتطوير - إجراء (مكتب جدة),training_development,Human Resources,HR,Procedure,ar,مكتب جدة,JED,2.2,Active,2023-02-02,,HR-0088
IT-0398,ar/IT-0398_password-policy_Procedure.txt,كلمات المرور - إجراء (الفرق العاملة عن بُعد),password_policy,Information Technology,IT,Procedure,ar,الفرق العاملة عن بُعد,REM,2.2,Active,2024-01-01,,IT-0016 IT-0024 IT-0096
FAC-0334,ar/FAC-0334_ev-charging-policy_Procedure.txt,شحن السيارات الكهربائية - إجراء (مكتب دبي),ev_charging,Facilities,FAC,Procedure,ar,مكتب دبي,DXB,2.2,Active,2024-02-07,,FAC-0016 FAC-0024
HR-0479,en/HR-0479_company-car-policy_Policy.txt,Company Car Policy (Jeddah Office),company_car,Human Resources,HR,Policy,en,Jeddah Office,JED,2.0,Active,2023-10-29,,FIN-0007 FIN-0015
IT-0399,en/IT-0399_multi-factor-authentication-policy_Policy.txt,Multi-Factor Authentication Policy (Remote-first Teams),mfa,Information Technology,IT,Policy,en,Remote-first Teams,REM,2.0,Active,2023-06-26,,IT-0007 IT-0047
FAC-0335,en/FAC-0335_smoking-policy_Policy.txt,Smoking Policy (Dubai Office),smoking_policy,Facilities,FAC,Policy,en,Dubai Office,DXB,1.2,Superseded,2023-01-21,FAC-0097,FAC-0039 FAC-0047
HR-0480,ar/HR-0480_company-car-policy_Policy.txt,سياسة سيارة الشركة (مكتب جدة),company_car,Human Resources,HR,Policy,ar,مكتب جدة,JED,2.1,Active,2024-10-19,,FIN-0008 FIN-0016
IT-0400,ar/IT-0400_multi-factor-authentication-policy_Policy.txt,سياسة المصادقة متعددة العوامل (الفرق العاملة عن بُعد),mfa,Information Technology,IT,Policy,ar,الفرق العاملة عن بُعد,REM,2.2,Active,2024-08-12,,IT-0008 IT-0048
FAC-0336,ar/FAC-0336_smoking-policy_Policy.txt,سياسة التدخين (مكتب دبي),smoking_policy,Facilities,FAC,Policy,ar,مكتب دبي,DXB,1.5,Superseded,2024-01-20,FAC-0098,FAC-0040 FAC-0048
HR-0481,en/HR-0481_company-car-policy_QuickReference.txt,Company Car - Quick Reference (Jeddah Office),company_car,Human Resources,HR,Quick Reference,en,Jeddah Office,JED,2.3,Active,2023-10-01,,FIN-0007 FIN-0015
IT-0401,en/IT-0401_multi-factor-authentication-policy_QuickReference.txt,Multi-Factor Authentication - Quick Reference (Remote-first Teams),mfa,Information Technology,IT,Quick Reference,en,Remote-first Teams,REM,2.0,Active,2023-07-10,,IT-0007 IT-0047
FAC-0337,en/FAC-0337_smoking-policy_QuickReference.txt,Smoking - Quick Reference (Dubai Office),smoking_policy,Facilities,FAC,Quick Reference,en,Dubai Office,DXB,2.3,Active,2024-10-02,,FAC-0039 FAC-0047
HR-0482,ar/HR-0482_company-car-policy_QuickReference.txt,سيارة الشركة - مرجع سريع (مكتب جدة),company_car,Human Resources,HR,Quick Reference,ar,مكتب جدة,JED,2.3,Active,2023-05-25,,FIN-0008 FIN-0016
IT-0402,ar/IT-0402_multi-factor-authentication-policy_QuickReference.txt,المصادقة متعددة العوامل - مرجع سريع (الفرق العاملة عن بُعد),mfa,Information Technology,IT,Quick Reference,ar,الفرق العاملة عن بُعد,REM,2.4,Active,2024-07-21,,IT-0008 IT-0048
FAC-0338,ar/FAC-0338_smoking-policy_QuickReference.txt,التدخين - مرجع سريع (مكتب دبي),smoking_policy,Facilities,FAC,Quick Reference,ar,مكتب دبي,DXB,2.2,Active,2024-02-28,,FAC-0040 FAC-0048
HR-0483,en/HR-0483_company-car-policy_Procedure.txt,Company Car - Procedure (Jeddah Office),company_car,Human Resources,HR,Procedure,en,Jeddah Office,JED,2.4,Active,2024-07-13,,FIN-0007 FIN-0015
IT-0403,en/IT-0403_multi-factor-authentication-policy_Procedure.txt,Multi-Factor Authentication - Procedure (Remote-first Teams),mfa,Information Technology,IT,Procedure,en,Remote-first Teams,REM,2.4,Active,2024-10-17,,IT-0007 IT-0047
FAC-0339,en/FAC-0339_smoking-policy_Procedure.txt,Smoking - Procedure (Dubai Office),smoking_policy,Facilities,FAC,Procedure,en,Dubai Office,DXB,2.1,Active,2024-06-20,,FAC-0039 FAC-0047
HR-0484,ar/HR-0484_company-car-policy_Procedure.txt,سيارة الشركة - إجراء (مكتب جدة),company_car,Human Resources,HR,Procedure,ar,مكتب جدة,JED,2.4,Active,2025-01-09,,FIN-0008 FIN-0016
IT-0404,ar/IT-0404_multi-factor-authentication-policy_Procedure.txt,المصادقة متعددة العوامل - إجراء (الفرق العاملة عن بُعد),mfa,Information Technology,IT,Procedure,ar,الفرق العاملة عن بُعد,REM,2.3,Active,2024-01-25,,IT-0008 IT-0048
FAC-0340,ar/FAC-0340_smoking-policy_Procedure.txt,التدخين - إجراء (مكتب دبي),smoking_policy,Facilities,FAC,Procedure,ar,مكتب دبي,DXB,2.1,Active,2024-12-26,,FAC-0040 FAC-0048
HR-0485,en/HR-0485_annual-leave-policy_Policy.txt,Annual Leave Policy (Dubai Office),annual_leave,Human Resources,HR,Policy,en,Dubai Office,DXB,2.0,Active,2023-04-14,,HR-0015 HR-0023 HR-0039
IT-0405,en/IT-0405_system-access-request-policy_Policy.txt,System Access Request Policy (Remote-first Teams),system_access,Information Technology,IT,Policy,en,Remote-first Teams,REM,2.2,Active,2023-07-07,,IT-0007 IT-0031 HR-0111
FAC-0341,en/FAC-0341_lost-and-found-policy_Policy.txt,Lost and Found Policy (Dubai Office),lost_and_found,Facilities,FAC,Policy,en,Dubai Office,DXB,2.2,Active,2023-05-27,,FAC-0023 FAC-0031
HR-0486,ar/HR-0486_annual-leave-policy_Policy.txt,سياسة الإجازة السنوية (مكتب دبي),annual_leave,Human Resources,HR,Policy,ar,مكتب دبي,DXB,2.3,Active,2023-08-22,,HR-0016 HR-0024 HR-0040
IT-0406,ar/IT-0406_system-access-request-policy_Policy.txt,سياسة طلب الوصول إلى الأنظمة (الفرق العاملة عن بُعد),system_access,Information Technology,IT,Policy,ar,الفرق العاملة عن بُعد,REM,2.4,Active,2024-04-11,,IT-0008 IT-0032 HR-0112
FAC-0342,ar/FAC-0342_lost-and-found-policy_Policy.txt,سياسة المفقودات (مكتب دبي),lost_and_found,Facilities,FAC,Policy,ar,مكتب دبي,DXB,1.2,Superseded,2023-11-07,FAC-0106,FAC-0024 FAC-0032
HR-0487,en/HR-0487_annual-leave-policy_QuickReference.txt,Annual Leave - Quick Reference (Dubai Office),annual_leave,Human Resources,HR,Quick Reference,en,Dubai Office,DXB,2.1,Active,2024-07-29,,HR-0015 HR-0023 HR-0039
IT-0407,en/IT-0407_system-access-request-policy_QuickReference.txt,System Access Request - Quick Reference (Remote-first Teams),system_access,Information Technology,IT,Quick Reference,en,Remote-first Teams,REM,2.0,Active,2024-04-20,,IT-0007 IT-0031 HR-0111
FAC-0343,en/FAC-0343_lost-and-found-policy_QuickReference.txt,Lost and Found - Quick Reference (Dubai Office),lost_and_found,Facilities,FAC,Quick Reference,en,Dubai Office,DXB,2.0,Active,2025-01-19,,FAC-0023 FAC-0031
HR-0488,ar/HR-0488_annual-leave-policy_QuickReference.txt,الإجازة السنوية - مرجع سريع (مكتب دبي),annual_leave,Human Resources,HR,Quick Reference,ar,مكتب دبي,DXB,2.4,Active,2025-01-19,,HR-0016 HR-0024 HR-0040
IT-0408,ar/IT-0408_system-access-request-policy_QuickReference.txt,طلب الوصول إلى الأنظمة - مرجع سريع (الفرق العاملة عن بُعد),system_access,Information Technology,IT,Quick Reference,ar,الفرق العاملة عن بُعد,REM,2.3,Active,2024-07-02,,IT-0008 IT-0032 HR-0112
FAC-0344,ar/FAC-0344_lost-and-found-policy_QuickReference.txt,المفقودات - مرجع سريع (مكتب دبي),lost_and_found,Facilities,FAC,Quick Reference,ar,مكتب دبي,DXB,2.3,Active,2024-02-14,,FAC-0024 FAC-0032
HR-0489,en/HR-0489_annual-leave-policy_Procedure.txt,Annual Leave - Procedure (Dubai Office),annual_leave,Human Resources,HR,Procedure,en,Dubai Office,DXB,2.0,Active,2023-09-01,,HR-0015 HR-0023 HR-0039
IT-0409,en/IT-0409_system-access-request-policy_Procedure.txt,System Access Request - Procedure (Remote-first Teams),system_access,Information Technology,IT,Procedure,en,Remote-first Teams,REM,2.0,Active,2023-01-15,,IT-0007 IT-0031 HR-0111
FAC-0345,en/FAC-0345_lost-and-found-policy_Procedure.txt,Lost and Found - Procedure (Dubai Office),lost_and_found,Facilities,FAC,Procedure,en,Dubai Office,DXB,2.4,Active,2023-03-10,,FAC-0023 FAC-0031
HR-0490,ar/HR-0490_annual-leave-policy_Procedure.txt,الإجازة السنوية - إجراء (مكتب دبي),annual_leave,Human Resources,HR,Procedure,ar,مكتب دبي,DXB,2.3,Active,2024-06-21,,HR-0016 HR-0024 HR-0040
IT-0410,ar/IT-0410_system-access-request-policy_Procedure.txt,طلب الوصول إلى الأنظمة - إجراء (الفرق العاملة عن بُعد),system_access,Information Technology,IT,Procedure,ar,الفرق العاملة عن بُعد,REM,2.2,Active,2024-02-06,,IT-0008 IT-0032 HR-0112
FAC-0346,ar/FAC-0346_lost-and-found-policy_Procedure.txt,المفقودات - إجراء (مكتب دبي),lost_and_found,Facilities,FAC,Procedure,ar,مكتب دبي,DXB,2.0,Active,2023-02-28,,FAC-0024 FAC-0032
HR-0491,en/HR-0491_sick-leave-policy_Policy.txt,Sick Leave Policy (Dubai Office),sick_leave,Human Resources,HR,Policy,en,Dubai Office,DXB,2.2,Active,2023-10-03,,HR-0007 HR-0039 FAC-0063
IT-0411,en/IT-0411_vpn-and-remote-access-policy_Policy.txt,VPN and Remote Access Policy (Remote-first Teams),vpn_remote_access,Information Technology,IT,Policy,en,Remote-first Teams,REM,2.4,Active,2025-02-11,,HR-0063 IT-0015
FAC-0347,en/FAC-0347_meeting-room-booking-policy_Policy.txt,Meeting Room Booking Policy (Cairo Office),meeting_room_booking,Facilities,FAC,Policy,en,Cairo Office,CAI,2.1,Active,2024-05-27,,FAC-0031 FAC-0015
HR-0492,ar/HR-0492_sick-leave-policy_Policy.txt,سياسة الإجازة المرضية (مكتب دبي),sick_leave,Human Resources,HR,Policy,ar,مكتب دبي,DXB,2.0,Active,2025-01-26,,HR-0008 HR-0040 FAC-0064
IT-0412,ar/IT-0412_vpn-and-remote-access-policy_Policy.txt,سياسة الوصول عن بُعد و VPN (الفرق العاملة عن بُعد),vpn_remote_access,Information Technology,IT,Policy,ar,الفرق العاملة عن بُعد,REM,2.3,Active,2023-10-25,,HR-0064 IT-0016
FAC-0348,ar/FAC-0348_meeting-room-booking-policy_Policy.txt,سياسة حجز قاعات الاجتماعات (مكتب القاهرة),meeting_room_booking,Facilities,FAC,Policy,ar,مكتب القاهرة,CAI,2.3,Active,2023-11-03,,FAC-0032 FAC-0016
HR-0493,en/HR-0493_sick-leave-policy_QuickReference.txt,Sick Leave - Quick Reference (Dubai Office),sick_leave,Human Resources,HR,Quick Reference,en,Dubai Office,DXB,2.1,Active,2024-12-10,,HR-0007 HR-0039 FAC-0063
IT-0413,en/IT-0413_vpn-and-remote-access-policy_QuickReference.txt,VPN and Remote Access - Quick Reference (Remote-first Teams),vpn_remote_access,Information Technology,IT,Quick Reference,en,Remote-first Teams,REM,2.0,Active,2023-08-08,,HR-0063 IT-0015
FAC-0349,en/FAC-0349_meeting-room-booking-policy_QuickReference.txt,Meeting Room Booking - Quick Reference (Cairo Office),meeting_room_booking,Facilities,FAC,Quick Reference,en,Cairo Office,CAI,2.4,Active,2023-04-20,,FAC-0031 FAC-0015
HR-0494,ar/HR-0494_sick-leave-policy_QuickReference.txt,الإجازة المرضية - مرجع سريع (مكتب دبي),sick_leave,Human Resources,HR,Quick Reference,ar,مكتب دبي,DXB,2.3,Active,2023-09-26,,HR-0008 HR-0040 FAC-0064
IT-0414,ar/IT-0414_vpn-and-remote-access-policy_QuickReference.txt,الوصول عن بُعد و VPN - مرجع سريع (الفرق العاملة عن بُعد),vpn_remote_access,Information Technology,IT,Quick Reference,ar,الفرق العاملة عن بُعد,REM,2.3,Active,2024-11-03,,HR-0064 IT-0016
FAC-0350,ar/FAC-0350_meeting-room-booking-policy_QuickReference.txt,حجز قاعات الاجتماعات - مرجع سريع (مكتب القاهرة),meeting_room_booking,Facilities,FAC,Quick Reference,ar,مكتب القاهرة,CAI,2.2,Active,2024-11-12,,FAC-0032 FAC-0016
HR-0495,en/HR-0495_sick-leave-policy_Procedure.txt,Sick Leave - Procedure (Dubai Office),sick_leave,Human Resources,HR,Procedure,en,Dubai Office,DXB,2.3,Active,2024-04-26,,HR-0007 HR-0039 FAC-0063
IT-0415,en/IT-0415_vpn-and-remote-access-policy_Procedure.txt,VPN and Remote Access - Procedure (Remote-first Teams),vpn_remote_access,Information Technology,IT,Procedure,en,Remote-first Teams,REM,2.4,Active,2024-02-18,,HR-0063 IT-0015
FAC-0351,en/FAC-0351_meeting-room-booking-policy_Procedure.txt,Meeting Room Booking - Procedure (Cairo Office),meeting_room_booking,Facilities,FAC,Procedure,en,Cairo Office,CAI,2.3,Active,2024-05-02,,FAC-0031 FAC-0015
HR-0496,ar/HR-0496_sick-leave-policy_Procedure.txt,الإجازة المرضية - إجراء (مكتب دبي),sick_leave,Human Resources,HR,Procedure,ar,مكتب دبي,DXB,2.0,Active,2025-04-16,,HR-0008 HR-0040 FAC-0064
IT-0416,ar/IT-0416_vpn-and-remote-access-policy_Procedure.txt,الوصول عن بُعد و VPN - إجراء (الفرق العاملة عن بُعد),vpn_remote_access,Information Technology,IT,Procedure,ar,الفرق العاملة عن بُعد,REM,1.0,Superseded,2023-08-18,IT-0044,HR-0064 IT-0016
FAC-0352,ar/FAC-0352_meeting-room-booking-policy_Procedure.txt,حجز قاعات الاجتماعات - إجراء (مكتب القاهرة),meeting_room_booking,Facilities,FAC,Procedure,ar,مكتب القاهرة,CAI,2.0,Active,2025-04-22,,FAC-0032 FAC-0016
HR-0497,en/HR-0497_parental-leave-policy_Policy.txt,Parental Leave Policy (Dubai Office),parental_leave,Human Resources,HR,Policy,en,Dubai Office,DXB,2.1,Active,2023-06-26,,HR-0007 HR-0015 HR-0191
IT-0417,en/IT-0417_hardware-request-policy_Policy.txt,Hardware Request Policy (Remote-first Teams),hardware_request,Information Technology,IT,Policy,en,Remote-first Teams,REM,2.1,Active,2023-04-29,,IT-0087 IT-0071 FAC-0063
FAC-0353,en/FAC-0353_parking-policy_Policy.txt,Parking Policy (Cairo Office),parking,Facilities,FAC,Policy,en,Cairo Office,CAI,2.3,Active,2024-06-15,,FAC-0023
HR-0498,ar/HR-0498_parental-leave-policy_Policy.txt,سياسة إجازة الوالدية (مكتب دبي),parental_leave,Human Resources,HR,Policy,ar,مكتب دبي,DXB,2.1,Active,2024-09-24,,HR-0008 HR-0016 HR-0192
IT-0418,ar/IT-0418_hardware-request-policy_Policy.txt,سياسة طلب الأجهزة (الفرق العاملة عن بُعد),hardware_request,Information Technology,IT,Policy,ar,الفرق العاملة عن بُعد,REM,2.0,Active,2024-06-19,,IT-0088 IT-0072 FAC-0064
FAC-0354,ar/FAC-0354_parking-policy_Policy.txt,سياسة مواقف السيارات (مكتب القاهرة),parking,Facilities,FAC,Policy,ar,مكتب القاهرة,CAI,2.2,Active,2025-04-14,,FAC-0024
HR-0499,en/HR-0499_parental-leave-policy_QuickReference.txt,Parental Leave - Quick Reference (Dubai Office),parental_leave,Human Resources,HR,Quick Reference,en,Dubai Office,DXB,2.4,Active,2025-05-15,,HR-0007 HR-0015 HR-0191
IT-0419,en/IT-0419_hardware-request-policy_QuickReference.txt,Hardware Request - Quick Reference (Remote-first Teams),hardware_request,Information Technology,IT,Quick Reference,en,Remote-first Teams,REM,2.2,Active,2023-09-29,,IT-0087 IT-0071 FAC-0063
FAC-0355,en/FAC-0355_parking-policy_QuickReference.txt,Parking - Quick Reference (Cairo Office),parking,Facilities,FAC,Quick Reference,en,Cairo Office,CAI,2.0,Active,2023-01-15,,FAC-0023
HR-0500,ar/HR-0500_parental-leave-policy_QuickReference.txt,إجازة الوالدية - مرجع سريع (مكتب دبي),parental_leave,Human Resources,HR,Quick Reference,ar,مكتب دبي,DXB,2.4,Active,2023-06-15,,HR-0008 HR-0016 HR-0192
IT-0420,ar/IT-0420_hardware-request-policy_QuickReference.txt,طلب الأجهزة - مرجع سريع (الفرق العاملة عن بُعد),hardware_request,Information Technology,IT,Quick Reference,ar,الفرق العاملة عن بُعد,REM,2.1,Active,2024-12-08,,IT-0088 IT-0072 FAC-0064
FAC-0356,ar/FAC-0356_parking-policy_QuickReference.txt,مواقف السيارات - مرجع سريع (مكتب القاهرة),parking,Facilities,FAC,Quick Reference,ar,مكتب القاهرة,CAI,1.1,Superseded,2023-01-30,FAC-0016,FAC-0024
HR-0501,en/HR-0501_parental-leave-policy_Procedure.txt,Parental Leave - Procedure (Dubai Office),parental_leave,Human Resources,HR,Procedure,en,Dubai Office,DXB,1.3,Superseded,2023-04-27,HR-0019,HR-0007 HR-0015 HR-0191
IT-0421,en/IT-0421_hardware-request-policy_Procedure.txt,Hardware Request - Procedure (Remote-first Teams),hardware_request,Information Technology,IT,Procedure,en,Remote-first Teams,REM,2.1,Active,2025-05-18,,IT-0087 IT-0071 FAC-0063
FAC-0357,en/FAC-0357_parking-policy_Procedure.txt,Parking - Procedure (Cairo Office),parking,Facilities,FAC,Procedure,en,Cairo Office,CAI,2.1,Active,2024-04-20,,FAC-0023
HR-0502,ar/HR-0502_parental-leave-policy_Procedure.txt,إجازة الوالدية - إجراء (مكتب دبي),parental_leave,Human Resources,HR,Procedure,ar,مكتب دبي,DXB,2.2,Active,2025-03-06,,HR-0008 HR-0016 HR-0192
IT-0422,ar/IT-0422_hardware-request-policy_Procedure.txt,طلب الأجهزة - إجراء (الفرق العاملة عن بُعد),hardware_request,Information Technology,IT,Procedure,ar,الفرق العاملة عن بُعد,REM,1.5,Superseded,2023-01-01,IT-0076,IT-0088 IT-0072 FAC-0064
FAC-0358,ar/FAC-0358_parking-policy_Procedure.txt,مواقف السيارات - إجراء (مكتب القاهرة),parking,Facilities,FAC,Procedure,ar,مكتب القاهرة,CAI,2.0,Active,2023-02-13,,FAC-0024
HR-0503,en/HR-0503_bereavement-leave-policy_Policy.txt,Bereavement Leave Policy (Dubai Office),bereavement_leave,Human Resources,HR,Policy,en,Dubai Office,DXB,2.0,Active,2024-12-26,,HR-0007 HR-0159
IT-0423,en/IT-0423_clear-desk-and-screen-policy_Policy.txt,Clear Desk and Screen Policy (Remote-first Teams),clear_desk,Information Technology,IT,Policy,en,Remote-first Teams,REM,1.5,Superseded,2023-09-01,IT-0113,IT-0127 LEG-0007
FAC-0359,en/FAC-0359_building-access-policy_Policy.txt,Building Access Policy (Cairo Office),building_access,Facilities,FAC,Policy,en,Cairo Office,CAI,2.1,Active,2023-07-17,,FAC-0015 FAC-0031
HR-0504,ar/HR-0504_bereavement-leave-policy_Policy.txt,سياسة إجازة الوفاة (مكتب دبي),bereavement_leave,Human Resources,HR,Policy,ar,مكتب دبي,DXB,2.2,Active,2024-02-18,,HR-0008 HR-0160
IT-0424,ar/IT-0424_clear-desk-and-screen-policy_Policy.txt,سياسة المكتب والشاشة النظيفين (الفرق العاملة عن بُعد),clear_desk,Information Technology,IT,Policy,ar,الفرق العاملة عن بُعد,REM,2.4,Active,2024-10-24,,IT-0128 LEG-0008
FAC-0360,ar/FAC-0360_building-access-policy_Policy.txt,سياسة الدخول إلى المبنى (مكتب القاهرة),building_access,Facilities,FAC,Policy,ar,مكتب القاهرة,CAI,2.1,Active,2023-11-17,,FAC-0016 FAC-0032
HR-0505,en/HR-0505_bereavement-leave-policy_QuickReference.txt,Bereavement Leave - Quick Reference (Dubai Office),bereavement_leave,Human Resources,HR,Quick Reference,en,Dubai Office,DXB,2.0,Active,2023-05-30,,HR-0007 HR-0159
IT-0425,en/IT-0425_clear-desk-and-screen-policy_QuickReference.txt,Clear Desk and Screen - Quick Reference (Remote-first Teams),clear_desk,Information Technology,IT,Quick Reference,en,Remote-first Teams,REM,2.3,Active,2024-09-24,,IT-0127 LEG-0007
FAC-0361,en/FAC-0361_building-access-policy_QuickReference.txt,Building Access - Quick Reference (Cairo Office),building_access,Facilities,FAC,Quick Reference,en,Cairo Office,CAI,2.4,Active,2025-05-17,,FAC-0015 FAC-0031
HR-0506,ar/HR-0506_bereavement-leave-policy_QuickReference.txt,إجازة الوفاة - مرجع سريع (مكتب دبي),bereavement_leave,Human Resources,HR,Quick Reference,ar,مكتب دبي,DXB,2.1,Active,2023-03-03,,HR-0008 HR-0160
IT-0426,ar/IT-0426_clear-desk-and-screen-policy_QuickReference.txt,المكتب والشاشة النظيفين - مرجع سريع (الفرق العاملة عن بُعد),clear_desk,Information Technology,IT,Quick Reference,ar,الفرق العاملة عن بُعد,REM,2.2,Active,2023-01-27,,IT-0128 LEG-0008
FAC-0362,ar/FAC-0362_building-access-policy_QuickReference.txt,الدخول إلى المبنى - مرجع سريع (مكتب القاهرة),building_access,Facilities,FAC,Quick Reference,ar,مكتب القاهرة,CAI,2.3,Active,2023-06-26,,FAC-0016 FAC-0032
HR-0507,en/HR-0507_bereavement-leave-policy_Procedure.txt,Bereavement Leave - Procedure (Dubai Office),bereavement_leave,Human Resources,HR,Procedure,en,Dubai Office,DXB,2.0,Active,2023-08-28,,HR-0007 HR-0159
IT-0427,en/IT-0427_clear-desk-and-screen-policy_Procedure.txt,Clear Desk and Screen - Procedure (Remote-first Teams),clear_desk,Information Technology,IT,Procedure,en,Remote-first Teams,REM,2.0,Active,2023-05-21,,IT-0127 LEG-0007
FAC-0363,en/FAC-0363_building-access-policy_Procedure.txt,Building Access - Procedure (Cairo Office),building_access,Facilities,FAC,Procedure,en,Cairo Office,CAI,2.4,Active,2024-01-14,,FAC-0015 FAC-0031
HR-0508,ar/HR-0508_bereavement-leave-policy_Procedure.txt,إجازة الوفاة - إجراء (مكتب دبي),bereavement_leave,Human Resources,HR,Procedure,ar,مكتب دبي,DXB,2.3,Active,2023-08-13,,HR-0008 HR-0160
IT-0428,ar/IT-0428_clear-desk-and-screen-policy_Procedure.txt,المكتب والشاشة النظيفين - إجراء (الفرق العاملة عن بُعد),clear_desk,Information Technology,IT,Procedure,ar,الفرق العاملة عن بُعد,REM,2.3,Active,2024-05-04,,IT-0128 LEG-0008
FAC-0364,ar/FAC-0364_building-access-policy_Procedure.txt,الدخول إلى المبنى - إجراء (مكتب القاهرة),building_access,Facilities,FAC,Procedure,ar,مكتب القاهرة,CAI,2.1,Active,2024-08-11,,FAC-0016 FAC-0032
HR-0509,en/HR-0509_unpaid-leave-policy_Policy.txt,Unpaid Leave Policy (Dubai Office),unpaid_leave,Human Resources,HR,Policy,en,Dubai Office,DXB,2.1,Active,2024-12-08,,HR-0007 HR-0015
IT-0429,en/IT-0429_printing-policy_Policy.txt,Printing Policy (Remote-first Teams),printing,Information Technology,IT,Policy,en,Remote-first Teams,REM,2.3,Active,2024-07-08,,IT-0119
FAC-0365,en/FAC-0365_visitor-management-policy_Policy.txt,Visitor Management Policy (Cairo Office),visitor_management,Facilities,FAC,Policy,en,Cairo Office,CAI,2.0,Active,2025-02-12,,FAC-0023 LEG-0007
HR-0510,ar/HR-0510_unpaid-leave-policy_Policy.txt,سياسة الإجازة غير المدفوعة (مكتب دبي),unpaid_leave,Human Resources,HR,Policy,ar,مكتب دبي,DXB,2.4,Active,2023-12-28,,HR-0008 HR-0016
IT-0430,ar/IT-0430_printing-policy_Policy.txt,سياسة الطباعة (الفرق العاملة عن بُعد),printing,Information Technology,IT,Policy,ar,الفرق العاملة عن بُعد,REM,2.0,Active,2024-06-14,,IT-0120
FAC-0366,ar/FAC-0366_visitor-management-policy_Policy.txt,سياسة إدارة الزوار (مكتب القاهرة),visitor_management,Facilities,FAC,Policy,ar,مكتب القاهرة,CAI,2.2,Active,2024-01-20,,FAC-0024 LEG-0008
HR-0511,en/HR-0511_unpaid-leave-policy_QuickReference.txt,Unpaid Leave - Quick Reference (Dubai Office),unpaid_leave,Human Resources,HR,Quick Reference,en,Dubai Office,DXB,1.4,Superseded,2023-10-31,HR-0039,HR-0007 HR-0015
IT-0431,en/IT-0431_printing-policy_QuickReference.txt,Printing - Quick Reference (Remote-first Teams),printing,Information Technology,IT,Quick Reference,en,Remote-first Teams,REM,2.0,Active,2023-05-16,,IT-0119
FAC-0367,en/FAC-0367_visitor-management-policy_QuickReference.txt,Visitor Management - Quick Reference (Cairo Office),visitor_management,Facilities,FAC,Quick Reference,en,Cairo Office,CAI,2.2,Active,2024-12-01,,FAC-0023 LEG-0007
HR-0512,ar/HR-0512_unpaid-leave-policy_QuickReference.txt,الإجازة غير المدفوعة - مرجع سريع (مكتب دبي),unpaid_leave,Human Resources,HR,Quick Reference,ar,مكتب دبي,DXB,2.2,Active,2025-01-10,,HR-0008 HR-0016
IT-0432,ar/IT-0432_printing-policy_QuickReference.txt,الطباعة - مرجع سريع (الفرق العاملة عن بُعد),printing,Information Technology,IT,Quick Reference,ar,الفرق العاملة عن بُعد,REM,2.2,Active,2024-02-06,,IT-0120
FAC-0368,ar/FAC-0368_visitor-management-policy_QuickReference.txt,إدارة الزوار - مرجع سريع (مكتب القاهرة),visitor_management,Facilities,FAC,Quick Reference,ar,مكتب القاهرة,CAI,2.2,Active,2024-11-03,,FAC-0024 LEG-0008
HR-0513,en/HR-0513_unpaid-leave-policy_Procedure.txt,Unpaid Leave - Procedure (Dubai Office),unpaid_leave,Human Resources,HR,Procedure,en,Dubai Office,DXB,1.2,Superseded,2023-07-09,HR-0035,HR-0007 HR-0015
IT-0433,en/IT-0433_printing-policy_Procedure.txt,Printing - Procedure (Remote-first Teams),printing,Information Technology,IT,Procedure,en,Remote-first Teams,REM,2.4,Active,2025-02-12,,IT-0119
FAC-0369,en/FAC-0369_visitor-management-policy_Procedure.txt,Visitor Management - Procedure (Cairo Office),visitor_management,Facilities,FAC,Procedure,en,Cairo Office,CAI,2.1,Active,2023-12-08,,FAC-0023 LEG-0007
HR-0514,ar/HR-0514_unpaid-leave-policy_Procedure.txt,الإجازة غير المدفوعة - إجراء (مكتب دبي),unpaid_leave,Human Resources,HR,Procedure,ar,مكتب دبي,DXB,2.2,Active,2023-12-26,,HR-0008 HR-0016
IT-0434,ar/IT-0434_printing-policy_Procedure.txt,الطباعة - إجراء (الفرق العاملة عن بُعد),printing,Information Technology,IT,Procedure,ar,الفرق العاملة عن بُعد,REM,2.4,Active,2025-04-24,,IT-0120
FAC-0370,ar/FAC-0370_visitor-management-policy_Procedure.txt,إدارة الزوار - إجراء (مكتب القاهرة),visitor_management,Facilities,FAC,Procedure,ar,مكتب القاهرة,CAI,2.3,Active,2024-01-12,,FAC-0024 LEG-0008
HR-0515,en/HR-0515_working-hours-policy_Policy.txt,Working Hours Policy (Dubai Office),working_hours,Human Resources,HR,Policy,en,Dubai Office,DXB,2.0,Active,2023-08-08,,HR-0055 HR-0071 HR-0063
IT-0435,en/IT-0435_it-support-service-levels_Policy.txt,IT Support Service Levels (Remote-first Teams),help_desk_sla,Information Technology,IT,Policy,en,Remote-first Teams,REM,1.3,Superseded,2023-04-06,IT-0129,IT-0023 IT-0079
FAC-0371,en/FAC-0371_workplace-health-and-safety-policy_Policy.txt,Workplace Health and Safety Policy (Cairo Office),health_safety,Facilities,FAC,Policy,en,Cairo Office,CAI,2.4,Active,2024-04-08,,FAC-0047 FAC-0055 FAC-0063
HR-0516,ar/HR-0516_working-hours-policy_Policy.txt,سياسة ساعات العمل (مكتب دبي),working_hours,Human Resources,HR,Policy,ar,مكتب دبي,DXB,2.4,Active,2024-04-16,,HR-0056 HR-0072 HR-0064
IT-0436,ar/IT-0436_it-support-service-levels_Policy.txt,مستويات خدمة الدعم التقني (الفرق العاملة عن بُعد),help_desk_sla,Information Technology,IT,Policy,ar,الفرق العاملة عن بُعد,REM,2.3,Active,2025-05-30,,IT-0024 IT-0080
FAC-0372,ar/FAC-0372_workplace-health-and-safety-policy_Policy.txt,سياسة الصحة والسلامة في مكان العمل (مكتب القاهرة),health_safety,Facilities,FAC,Policy,ar,مكتب القاهرة,CAI,2.4,Active,2023-01-22,,FAC-0048 FAC-0056 FAC-0064
HR-0517,en/HR-0517_working-hours-policy_QuickReference.txt,Working Hours - Quick Reference (Dubai Office),working_hours,Human Resources,HR,Quick Reference,en,Dubai Office,DXB,2.3,Active,2023-06-29,,HR-0055 HR-0071 HR-0063
IT-0437,en/IT-0437_it-support-service-levels_QuickReference.txt,IT Support Service Levels - Quick Reference (Remote-first Teams),help_desk_sla,Information Technology,IT,Quick Reference,en,Remote-first Teams,REM,2.3,Active,2025-02-19,,IT-0023 IT-0079
FAC-0373,en/FAC-0373_workplace-health-and-safety-policy_QuickReference.txt,Workplace Health and Safety - Quick Reference (Cairo Office),health_safety,Facilities,FAC,Quick Reference,en,Cairo Office,CAI,2.3,Active,2025-02-15,,FAC-0047 FAC-0055 FAC-0063
HR-0518,ar/HR-0518_working-hours-policy_QuickReference.txt,ساعات العمل - مرجع سريع (مكتب دبي),working_hours,Human Resources,HR,Quick Reference,ar,مكتب دبي,DXB,2.2,Active,2025-04-20,,HR-0056 HR-0072 HR-0064
IT-0438,ar/IT-0438_it-support-service-levels_QuickReference.txt,مستويات خدمة الدعم التقني - مرجع سريع (الفرق العاملة عن بُعد),help_desk_sla,Information Technology,IT,Quick Reference,ar,الفرق العاملة عن بُعد,REM,2.1,Active,2024-02-01,,IT-0024 IT-0080
FAC-0374,ar/FAC-0374_workplace-health-and-safety-policy_QuickReference.txt,الصحة والسلامة في مكان العمل - مرجع سريع (مكتب القاهرة),health_safety,Facilities,FAC,Quick Reference,ar,مكتب القاهرة,CAI,2.2,Active,2023-08-09,,FAC-0048 FAC-0056 FAC-0064
HR-0519,en/HR-0519_working-hours-policy_Procedure.txt,Working Hours - Procedure (Dubai Office),working_hours,Human Resources,HR,Procedure,en,Dubai Office,DXB,2.0,Active,2023-03-01,,HR-0055 HR-0071 HR-0063
IT-0439,en/IT-0439_it-support-service-levels_Procedure.txt,IT Support Service Levels - Procedure (Remote-first Teams),help_desk_sla,Information Technology,IT,Procedure,en,Remote-first Teams,REM,2.1,Active,2025-02-22,,IT-0023 IT-0079
FAC-0375,en/FAC-0375_workplace-health-and-safety-policy_Procedure.txt,Workplace Health and Safety - Procedure (Cairo Office),health_safety,Facilities,FAC,Procedure,en,Cairo Office,CAI,1.4,Superseded,2023-10-30,FAC-0035,FAC-0047 FAC-0055 FAC-0063
HR-0520,ar/HR-0520_working-hours-policy_Procedure.txt,ساعات العمل - إجراء (مكتب دبي),working_hours,Human Resources,HR,Procedure,ar,مكتب دبي,DXB,2.3,Active,2025-03-29,,HR-0056 HR-0072 HR-0064
IT-0440,ar/IT-0440_it-support-service-levels_Procedure.txt,مستويات خدمة الدعم التقني - إجراء (الفرق العاملة عن بُعد),help_desk_sla,Information Technology,IT,Procedure,ar,الفرق العاملة عن بُعد,REM,2.2,Active,2024-03-17,,IT-0024 IT-0080
FAC-0376,ar/FAC-0376_workplace-health-and-safety-policy_Procedure.txt,الصحة والسلامة في مكان العمل - إجراء (مكتب القاهرة),health_safety,Facilities,FAC,Procedure,ar,مكتب القاهرة,CAI,2.2,Active,2024-05-02,,FAC-0048 FAC-0056 FAC-0064
HR-0521,en/HR-0521_overtime-policy_Policy.txt,Overtime Policy (Dubai Office),overtime,Human Resources,HR,Policy,en,Dubai Office,DXB,1.1,Superseded,2024-01-09,HR-0049,HR-0047 OPS-0047
IT-0441,en/IT-0441_guest-wi-fi-policy_Policy.txt,Guest Wi-Fi Policy (Remote-first Teams),guest_wifi,Information Technology,IT,Policy,en,Remote-first Teams,REM,2.4,Active,2023-10-01,,FAC-0031 IT-0047
FAC-0377,en/FAC-0377_fire-safety-policy_Policy.txt,Fire Safety Policy (Cairo Office),fire_safety,Facilities,FAC,Policy,en,Cairo Office,CAI,2.2,Active,2024-08-28,,FAC-0039 FAC-0023
HR-0522,ar/HR-0522_overtime-policy_Policy.txt,سياسة العمل الإضافي (مكتب دبي),overtime,Human Resources,HR,Policy,ar,مكتب دبي,DXB,2.2,Active,2024-05-09,,HR-0048 OPS-0048
IT-0442,ar/IT-0442_guest-wi-fi-policy_Policy.txt,سياسة شبكة الضيوف اللاسلكية (الفرق العاملة عن بُعد),guest_wifi,Information Technology,IT,Policy,ar,الفرق العاملة عن بُعد,REM,2.2,Active,2025-05-03,,FAC-0032 IT-0048
FAC-0378,ar/FAC-0378_fire-safety-policy_Policy.txt,سياسة السلامة من الحرائق (مكتب القاهرة),fire_safety,Facilities,FAC,Policy,ar,مكتب القاهرة,CAI,2.0,Active,2023-07-22,,FAC-0040 FAC-0024
HR-0523,en/HR-0523_overtime-policy_QuickReference.txt,Overtime - Quick Reference (Dubai Office),overtime,Human Resources,HR,Quick Reference,en,Dubai Office,DXB,2.2,Active,2023-04-04,,HR-0047 OPS-0047
IT-0443,en/IT-0443_guest-wi-fi-policy_QuickReference.txt,Guest Wi-Fi - Quick Reference (Remote-first Teams),guest_wifi,Information Technology,IT,Quick Reference,en,Remote-first Teams,REM,2.0,Active,2025-03-18,,FAC-0031 IT-0047
FAC-0379,en/FAC-0379_fire-safety-policy_QuickReference.txt,Fire Safety - Quick Reference (Cairo Office),fire_safety,Facilities,FAC,Quick Reference,en,Cairo Office,CAI,2.4,Active,2024-01-30,,FAC-0039 FAC-0023
HR-0524,ar/HR-0524_overtime-policy_QuickReference.txt,العمل الإضافي - مرجع سريع (مكتب دبي),overtime,Human Resources,HR,Quick Reference,ar,مكتب دبي,DXB,2.0,Active,2024-05-19,,HR-0048 OPS-0048
IT-0444,ar/IT-0444_guest-wi-fi-policy_QuickReference.txt,شبكة الضيوف اللاسلكية - مرجع سريع (الفرق العاملة عن بُعد),guest_wifi,Information Technology,IT,Quick Reference,ar,الفرق العاملة عن بُعد,REM,2.2,Active,2023-05-11,,FAC-0032 IT-0048
FAC-0380,ar/FAC-0380_fire-safety-policy_QuickReference.txt,السلامة من الحرائق - مرجع سريع (مكتب القاهرة),fire_safety,Facilities,FAC,Quick Reference,ar,مكتب القاهرة,CAI,2.3,Active,2024-08-19,,FAC-0040 FAC-0024
HR-0525,en/HR-0525_overtime-policy_Procedure.txt,Overtime - Procedure (Dubai Office),overtime,Human Resources,HR,Procedure,en,Dubai Office,DXB,2.1,Active,2023-04-16,,HR-0047 OPS-0047
IT-0445,en/IT-0445_guest-wi-fi-policy_Procedure.txt,Guest Wi-Fi - Procedure (Remote-first Teams),guest_wifi,Information Technology,IT,Procedure,en,Remote-first Teams,REM,1.4,Superseded,2023-03-04,IT-0163,FAC-0031 IT-0047
FAC-0381,en/FAC-0381_fire-safety-policy_Procedure.txt,Fire Safety - Procedure (Cairo Office),fire_safety,Facilities,FAC,Procedure,en,Cairo Office,CAI,2.0,Active,2024-11-25,,FAC-0039 FAC-0023
HR-0526,ar/HR-0526_overtime-policy_Procedure.txt,العمل الإضافي - إجراء (مكتب دبي),overtime,Human Resources,HR,Procedure,ar,مكتب دبي,DXB,2.0,Active,2024-05-20,,HR-0048 OPS-0048
IT-0446,ar/IT-0446_guest-wi-fi-policy_Procedure.txt,شبكة الضيوف اللاسلكية - إجراء (الفرق العاملة عن بُعد),guest_wifi,Information Technology,IT,Procedure,ar,الفرق العاملة عن بُعد,REM,2.0,Active,2023-09-12,,FAC-0032 IT-0048
FAC-0382,ar/FAC-0382_fire-safety-policy_Procedure.txt,السلامة من الحرائق - إجراء (مكتب القاهرة),fire_safety,Facilities,FAC,Procedure,ar,مكتب القاهرة,CAI,2.0,Active,2023-01-05,,FAC-0040 FAC-0024
HR-0527,en/HR-0527_remote-work-policy_Policy.txt,Remote Work Policy (Dubai Office),remote_work,Human Resources,HR,Policy,en,Dubai Office,DXB,2.0,Active,2023-12-30,,HR-0047 IT-0047 IT-0079
FAC-0383,en/FAC-0383_workspace-ergonomics-policy_Policy.txt,Workspace Ergonomics Policy (Cairo Office),workspace_ergonomics,Facilities,FAC,Policy,en,Cairo Office,CAI,2.2,Active,2024-05-22,,IT-0079 FAC-0039 HR-0063
HR-0528,ar/HR-0528_remote-work-policy_Policy.txt,سياسة العمل عن بُعد (مكتب دبي),remote_work,Human Resources,HR,Policy,ar,مكتب دبي,DXB,2.3,Active,2024-08-04,,HR-0048 IT-0048 IT-0080
FAC-0384,ar/FAC-0384_workspace-ergonomics-policy_Policy.txt,سياسة بيئة العمل المريحة (مكتب القاهرة),workspace_ergonomics,Facilities,FAC,Policy,ar,مكتب القاهرة,CAI,2.0,Active,2025-03-10,,IT-0080 FAC-0040 HR-0064
HR-0529,en/HR-0529_remote-work-policy_QuickReference.txt,Remote Work - Quick Reference (Dubai Office),remote_work,Human Resources,HR,Quick Reference,en,Dubai Office,DXB,2.4,Active,2024-01-29,,HR-0047 IT-0047 IT-0079
FAC-0385,en/FAC-0385_workspace-ergonomics-policy_QuickReference.txt,Workspace Ergonomics - Quick Reference (Cairo Office),workspace_ergonomics,Facilities,FAC,Quick Reference,en,Cairo Office,CAI,2.3,Active,2023-02-24,,IT-0079 FAC-0039 HR-0063
HR-0530,ar/HR-0530_remote-work-policy_QuickReference.txt,العمل عن بُعد - مرجع سريع (مكتب دبي),remote_work,Human Resources,HR,Quick Reference,ar,مكتب دبي,DXB,2.3,Active,2024-07-12,,HR-0048 IT-0048 IT-0080
FAC-0386,ar/FAC-0386_workspace-ergonomics-policy_QuickReference.txt,بيئة العمل المريحة - مرجع سريع (مكتب القاهرة),workspace_ergonomics,Facilities,FAC,Quick Reference,ar,مكتب القاهرة,CAI,2.2,Active,2024-10-05,,IT-0080 FAC-0040 HR-0064
HR-0531,en/HR-0531_remote-work-policy_Procedure.txt,Remote Work - Procedure (Dubai Office),remote_work,Human Resources,HR,Procedure,en,Dubai Office,DXB,2.3,Active,2023-10-14,,HR-0047 IT-0047 IT-0079
FAC-0387,en/FAC-0387_workspace-ergonomics-policy_Procedure.txt,Workspace Ergonomics - Procedure (Cairo Office),workspace_ergonomics,Facilities,FAC,Procedure,en,Cairo Office,CAI,2.4,Active,2024-06-17,,IT-0079 FAC-0039 HR-0063
HR-0532,ar/HR-0532_remote-work-policy_Procedure.txt,العمل عن بُعد - إجراء (مكتب دبي),remote_work,Human Resources,HR,Procedure,ar,مكتب دبي,DXB,2.3,Active,2023-05-05,,HR-0048 IT-0048 IT-0080
FAC-0388,ar/FAC-0388_workspace-ergonomics-policy_Procedure.txt,بيئة العمل المريحة - إجراء (مكتب القاهرة),workspace_ergonomics,Facilities,FAC,Procedure,ar,مكتب القاهرة,CAI,1.3,Superseded,2023-03-31,FAC-0060,IT-0080 FAC-0040 HR-0064
HR-0533,en/HR-0533_flexible-hours-policy_Policy.txt,Flexible Hours Policy (Dubai Office),flexible_hours,Human Resources,HR,Policy,en,Dubai Office,DXB,2.2,Active,2024-09-28,,HR-0047 HR-0063
FAC-0389,en/FAC-0389_kitchen-and-break-area-policy_Policy.txt,Kitchen and Break Area Policy (Cairo Office),kitchen_use,Facilities,FAC,Policy,en,Cairo Office,CAI,2.1,Active,2023-07-28,,
HR-0534,ar/HR-0534_flexible-hours-policy_Policy.txt,سياسة ساعات العمل المرنة (مكتب دبي),flexible_hours,Human Resources,HR,Policy,ar,مكتب دبي,DXB,2.4,Active,2024-05-30,,HR-0048 HR-0064
FAC-0390,ar/FAC-0390_kitchen-and-break-area-policy_Policy.txt,سياسة المطبخ ومناطق الاستراحة (مكتب القاهرة),kitchen_use,Facilities,FAC,Policy,ar,مكتب القاهرة,CAI,2.0,Active,2025-03-13,,
HR-0535,en/HR-0535_flexible-hours-policy_QuickReference.txt,Flexible Hours - Quick Reference (Dubai Office),flexible_hours,Human Resources,HR,Quick Reference,en,Dubai Office,DXB,2.2,Active,2024-06-05,,HR-0047 HR-0063
FAC-0391,en/FAC-0391_kitchen-and-break-area-policy_QuickReference.txt,Kitchen and Break Area - Quick Reference (Cairo Office),kitchen_use,Facilities,FAC,Quick Reference,en,Cairo Office,CAI,2.0,Active,2023-08-18,,
HR-0536,ar/HR-0536_flexible-hours-policy_QuickReference.txt,ساعات العمل المرنة - مرجع سريع (مكتب دبي),flexible_hours,Human Resources,HR,Quick Reference,ar,مكتب دبي,DXB,2.0,Active,2024-09-05,,HR-0048 HR-0064
FAC-0392,ar/FAC-0392_kitchen-and-break-area-policy_QuickReference.txt,المطبخ ومناطق الاستراحة - مرجع سريع (مكتب القاهرة),kitchen_use,Facilities,FAC,Quick Reference,ar,مكتب القاهرة,CAI,2.4,Active,2024-09-23,,
HR-0537,en/HR-0537_flexible-hours-policy_Procedure.txt,Flexible Hours - Procedure (Dubai Office),flexible_hours,Human Resources,HR,Procedure,en,Dubai Office,DXB,2.3,Active,2023-03-25,,HR-0047 HR-0063
FAC-0393,en/FAC-0393_kitchen-and-break-area-policy_Procedure.txt,Kitchen and Break Area - Procedure (Cairo Office),kitchen_use,Facilities,FAC,Procedure,en,Cairo Office,CAI,2.2,Active,2023-10-05,,
HR-0538,ar/HR-0538_flexible-hours-policy_Procedure.txt,ساعات العمل المرنة - إجراء (مكتب دبي),flexible_hours,Human Resources,HR,Procedure,ar,مكتب دبي,DXB,2.3,Active,2024-10-05,,HR-0048 HR-0064
FAC-0394,ar/FAC-0394_kitchen-and-break-area-policy_Procedure.txt,المطبخ ومناطق الاستراحة - إجراء (مكتب القاهرة),kitchen_use,Facilities,FAC,Procedure,ar,مكتب القاهرة,CAI,2.4,Active,2025-01-12,,
HR-0539,en/HR-0539_probation-policy_Policy.txt,Probation Policy (Dubai Office),probation,Human Resources,HR,Policy,en,Dubai Office,DXB,2.2,Active,2023-04-21,,HR-0111 HR-0087 HR-0127
FAC-0395,en/FAC-0395_mail-and-courier-policy_Policy.txt,Mail and Courier Policy (Cairo Office),mail_courier,Facilities,FAC,Policy,en,Cairo Office,CAI,2.2,Active,2024-01-19,,
HR-0540,ar/HR-0540_probation-policy_Policy.txt,سياسة فترة التجربة (مكتب دبي),probation,Human Resources,HR,Policy,ar,مكتب دبي,DXB,2.2,Active,2024-10-28,,HR-0112 HR-0088 HR-0128
FAC-0396,ar/FAC-0396_mail-and-courier-policy_Policy.txt,سياسة البريد والشحن (مكتب القاهرة),mail_courier,Facilities,FAC,Policy,ar,مكتب القاهرة,CAI,2.1,Active,2024-04-10,,
HR-0541,en/HR-0541_probation-policy_QuickReference.txt,Probation - Quick Reference (Dubai Office),probation,Human Resources,HR,Quick Reference,en,Dubai Office,DXB,2.4,Active,2023-11-08,,HR-0111 HR-0087 HR-0127
FAC-0397,en/FAC-0397_mail-and-courier-policy_QuickReference.txt,Mail and Courier - Quick Reference (Cairo Office),mail_courier,Facilities,FAC,Quick Reference,en,Cairo Office,CAI,2.2,Active,2024-02-14,,
HR-0542,ar/HR-0542_probation-policy_QuickReference.txt,فترة التجربة - مرجع سريع (مكتب دبي),probation,Human Resources,HR,Quick Reference,ar,مكتب دبي,DXB,2.3,Active,2025-03-03,,HR-0112 HR-0088 HR-0128
FAC-0398,ar/FAC-0398_mail-and-courier-policy_QuickReference.txt,البريد والشحن - مرجع سريع (مكتب القاهرة),mail_courier,Facilities,FAC,Quick Reference,ar,مكتب القاهرة,CAI,2.1,Active,2023-02-27,,
HR-0543,en/HR-0543_probation-policy_Procedure.txt,Probation - Procedure (Dubai Office),probation,Human Resources,HR,Procedure,en,Dubai Office,DXB,2.1,Active,2023-09-09,,HR-0111 HR-0087 HR-0127
FAC-0399,en/FAC-0399_mail-and-courier-policy_Procedure.txt,Mail and Courier - Procedure (Cairo Office),mail_courier,Facilities,FAC,Procedure,en,Cairo Office,CAI,2.0,Active,2024-07-05,,
HR-0544,ar/HR-0544_probation-policy_Procedure.txt,فترة التجربة - إجراء (مكتب دبي),probation,Human Resources,HR,Procedure,ar,مكتب دبي,DXB,2.3,Active,2025-02-21,,HR-0112 HR-0088 HR-0128
FAC-0400,ar/FAC-0400_mail-and-courier-policy_Procedure.txt,البريد والشحن - إجراء (مكتب القاهرة),mail_courier,Facilities,FAC,Procedure,ar,مكتب القاهرة,CAI,2.2,Active,2025-04-03,,
HR-0545,en/HR-0545_performance-review-policy_Policy.txt,Performance Review Policy (Dubai Office),performance_review,Human Resources,HR,Policy,en,Dubai Office,DXB,2.3,Active,2023-11-25,,HR-0079 HR-0095 HR-0103
FAC-0401,en/FAC-0401_hot-desk-booking-policy_Policy.txt,Hot Desk Booking Policy (Cairo Office),desk_booking,Facilities,FAC,Policy,en,Cairo Office,CAI,2.0,Active,2023-10-22,,FAC-0007 HR-0063
HR-0546,ar/HR-0546_performance-review-policy_Policy.txt,سياسة تقييم الأداء (مكتب دبي),performance_review,Human Resources,HR,Policy,ar,مكتب دبي,DXB,2.0,Active,2023-02-26,,HR-0080 HR-0096 HR-0104
FAC-0402,ar/FAC-0402_hot-desk-booking-policy_Policy.txt,سياسة حجز المكاتب المشتركة (مكتب القاهرة),desk_booking,Facilities,FAC,Policy,ar,مكتب القاهرة,CAI,2.3,Active,2025-01-24,,FAC-0008 HR-0064
HR-0547,en/HR-0547_performance-review-policy_QuickReference.txt,Performance Review - Quick Reference (Dubai Office),performance_review,Human Resources,HR,Quick Reference,en,Dubai Office,DXB,2.4,Active,2025-03-21,,HR-0079 HR-0095 HR-0103
FAC-0403,en/FAC-0403_hot-desk-booking-policy_QuickReference.txt,Hot Desk Booking - Quick Reference (Cairo Office),desk_booking,Facilities,FAC,Quick Reference,en,Cairo Office,CAI,2.4,Active,2024-05-13,,FAC-0007 HR-0063
HR-0548,ar/HR-0548_performance-review-policy_QuickReference.txt,تقييم الأداء - مرجع سريع (مكتب دبي),performance_review,Human Resources,HR,Quick Reference,ar,مكتب دبي,DXB,2.4,Active,2025-03-30,,HR-0080 HR-0096 HR-0104
FAC-0404,ar/FAC-0404_hot-desk-booking-policy_QuickReference.txt,حجز المكاتب المشتركة - مرجع سريع (مكتب القاهرة),desk_booking,Facilities,FAC,Quick Reference,ar,مكتب القاهرة,CAI,1.5,Superseded,2023-01-02,FAC-0088,FAC-0008 HR-0064
HR-0549,en/HR-0549_performance-review-policy_Procedure.txt,Performance Review - Procedure (Dubai Office),performance_review,Human Resources,HR,Procedure,en,Dubai Office,DXB,2.4,Active,2023-11-10,,HR-0079 HR-0095 HR-0103
FAC-0405,en/FAC-0405_hot-desk-booking-policy_Procedure.txt,Hot Desk Booking - Procedure (Cairo Office),desk_booking,Facilities,FAC,Procedure,en,Cairo Office,CAI,2.0,Active,2024-10-15,,FAC-0007 HR-0063
HR-0550,ar/HR-0550_performance-review-policy_Procedure.txt,تقييم الأداء - إجراء (مكتب دبي),performance_review,Human Resources,HR,Procedure,ar,مكتب دبي,DXB,2.3,Active,2024-05-02,,HR-0080 HR-0096 HR-0104
FAC-0406,ar/FAC-0406_hot-desk-booking-policy_Procedure.txt,حجز المكاتب المشتركة - إجراء (مكتب القاهرة),desk_booking,Facilities,FAC,Procedure,ar,مكتب القاهرة,CAI,2.2,Active,2025-03-17,,FAC-0008 HR-0064
HR-0551,en/HR-0551_promotion-policy_Policy.txt,Promotion Policy (Dubai Office),promotion,Human Resources,HR,Policy,en,Dubai Office,DXB,1.6,Superseded,2023-10-31,HR-0089,HR-0087 HR-0103
FAC-0407,en/FAC-0407_ev-charging-policy_Policy.txt,EV Charging Policy (Cairo Office),ev_charging,Facilities,FAC,Policy,en,Cairo Office,CAI,2.2,Active,2023-05-08,,FAC-0015 FAC-0023
HR-0552,ar/HR-0552_promotion-policy_Policy.txt,سياسة الترقية (مكتب دبي),promotion,Human Resources,HR,Policy,ar,مكتب دبي,DXB,2.3,Active,2025-04-21,,HR-0088 HR-0104
FAC-0408,ar/FAC-0408_ev-charging-policy_Policy.txt,سياسة شحن السيارات الكهربائية (مكتب القاهرة),ev_charging,Facilities,FAC,Policy,ar,مكتب القاهرة,CAI,2.3,Active,2025-01-11,,FAC-0016 FAC-0024
HR-0553,en/HR-0553_promotion-policy_QuickReference.txt,Promotion - Quick Reference (Dubai Office),promotion,Human Resources,HR,Quick Reference,en,Dubai Office,DXB,2.0,Active,2024-06-24,,HR-0087 HR-0103
FAC-0409,en/FAC-0409_ev-charging-policy_QuickReference.txt,EV Charging - Quick Reference (Cairo Office),ev_charging,Facilities,FAC,Quick Reference,en,Cairo Office,CAI,2.0,Active,2024-05-24,,FAC-0015 FAC-0023
HR-0554,ar/HR-0554_promotion-policy_QuickReference.txt,الترقية - مرجع سريع (مكتب دبي),promotion,Human Resources,HR,Quick Reference,ar,مكتب دبي,DXB,2.0,Active,2025-03-01,,HR-0088 HR-0104
FAC-0410,ar/FAC-0410_ev-charging-policy_QuickReference.txt,شحن السيارات الكهربائية - مرجع سريع (مكتب القاهرة),ev_charging,Facilities,FAC,Quick Reference,ar,مكتب القاهرة,CAI,2.1,Active,2025-02-25,,FAC-0016 FAC-0024
HR-0555,en/HR-0555_promotion-policy_Procedure.txt,Promotion - Procedure (Dubai Office),promotion,Human Resources,HR,Procedure,en,Dubai Office,DXB,2.3,Active,2024-07-26,,HR-0087 HR-0103
FAC-0411,en/FAC-0411_ev-charging-policy_Procedure.txt,EV Charging - Procedure (Cairo Office),ev_charging,Facilities,FAC,Procedure,en,Cairo Office,CAI,2.4,Active,2024-09-27,,FAC-0015 FAC-0023
HR-0556,ar/HR-0556_promotion-policy_Procedure.txt,الترقية - إجراء (مكتب دبي),promotion,Human Resources,HR,Procedure,ar,مكتب دبي,DXB,2.0,Active,2024-03-09,,HR-0088 HR-0104
FAC-0412,ar/FAC-0412_ev-charging-policy_Procedure.txt,شحن السيارات الكهربائية - إجراء (مكتب القاهرة),ev_charging,Facilities,FAC,Procedure,ar,مكتب القاهرة,CAI,2.2,Active,2024-08-13,,FAC-0016 FAC-0024
HR-0557,en/HR-0557_salary-review-policy_Policy.txt,Salary Review Policy (Dubai Office),salary_review,Human Resources,HR,Policy,en,Dubai Office,DXB,2.2,Active,2023-12-22,,HR-0087 HR-0095
FAC-0413,en/FAC-0413_smoking-policy_Policy.txt,Smoking Policy (Cairo Office),smoking_policy,Facilities,FAC,Policy,en,Cairo Office,CAI,2.1,Active,2023-09-08,,FAC-0039 FAC-0047
HR-0558,ar/HR-0558_salary-review-policy_Policy.txt,سياسة مراجعة الرواتب (مكتب دبي),salary_review,Human Resources,HR,Policy,ar,مكتب دبي,DXB,2.4,Active,2023-12-21,,HR-0088 HR-0096
FAC-0414,ar/FAC-0414_smoking-policy_Policy.txt,سياسة التدخين (مكتب القاهرة),smoking_policy,Facilities,FAC,Policy,ar,مكتب القاهرة,CAI,2.3,Active,2023-01-09,,FAC-0040 FAC-0048
HR-0559,en/HR-0559_salary-review-policy_QuickReference.txt,Salary Review - Quick Reference (Dubai Office),salary_review,Human Resources,HR,Quick Reference,en,Dubai Office,DXB,2.3,Active,2023-11-06,,HR-0087 HR-0095
FAC-0415,en/FAC-0415_smoking-policy_QuickReference.txt,Smoking - Quick Reference (Cairo Office),smoking_policy,Facilities,FAC,Quick Reference,en,Cairo Office,CAI,2.1,Active,2023-08-07,,FAC-0039 FAC-0047
HR-0560,ar/HR-0560_salary-review-policy_QuickReference.txt,مراجعة الرواتب - مرجع سريع (مكتب دبي),salary_review,Human Resources,HR,Quick Reference,ar,مكتب دبي,DXB,2.0,Active,2024-05-16,,HR-0088 HR-0096
FAC-0416,ar/FAC-0416_smoking-policy_QuickReference.txt,التدخين - مرجع سريع (مكتب القاهرة),smoking_policy,Facilities,FAC,Quick Reference,ar,مكتب القاهرة,CAI,2.0,Active,2024-05-29,,FAC-0040 FAC-0048
HR-0561,en/HR-0561_salary-review-policy_Procedure.txt,Salary Review - Procedure (Dubai Office),salary_review,Human Resources,HR,Procedure,en,Dubai Office,DXB,2.0,Active,2023-10-07,,HR-0087 HR-0095
FAC-0417,en/FAC-0417_smoking-policy_Procedure.txt,Smoking - Procedure (Cairo Office),smoking_policy,Facilities,FAC,Procedure,en,Cairo Office,CAI,2.0,Active,2024-07-21,,FAC-0039 FAC-0047
HR-0562,ar/HR-0562_salary-review-policy_Procedure.txt,مراجعة الرواتب - إجراء (مكتب دبي),salary_review,Human Resources,HR,Procedure,ar,مكتب دبي,DXB,2.3,Active,2023-12-13,,HR-0088 HR-0096
FAC-0418,ar/FAC-0418_smoking-policy_Procedure.txt,التدخين - إجراء (مكتب القاهرة),smoking_policy,Facilities,FAC,Procedure,ar,مكتب القاهرة,CAI,2.2,Active,2023-04-09,,FAC-0040 FAC-0048
HR-0563,en/HR-0563_onboarding-policy_Policy.txt,Onboarding Policy (Dubai Office),onboarding,Human Resources,HR,Policy,en,Dubai Office,DXB,2.1,Active,2023-04-06,,HR-0079 HR-0143 IT-0023
FAC-0419,en/FAC-0419_lost-and-found-policy_Policy.txt,Lost and Found Policy (Cairo Office),lost_and_found,Facilities,FAC,Policy,en,Cairo Office,CAI,2.2,Active,2024-10-05,,FAC-0023 FAC-0031
HR-0564,ar/HR-0564_onboarding-policy_Policy.txt,سياسة الإلحاق الوظيفي (مكتب دبي),onboarding,Human Resources,HR,Policy,ar,مكتب دبي,DXB,2.1,Active,2023-11-28,,HR-0080 HR-0144 IT-0024
FAC-0420,ar/FAC-0420_lost-and-found-policy_Policy.txt,سياسة المفقودات (مكتب القاهرة),lost_and_found,Facilities,FAC,Policy,ar,مكتب القاهرة,CAI,2.4,Active,2024-02-22,,FAC-0024 FAC-0032
HR-0565,en/HR-0565_onboarding-policy_QuickReference.txt,Onboarding - Quick Reference (Dubai Office),onboarding,Human Resources,HR,Quick Reference,en,Dubai Office,DXB,2.2,Active,2024-10-18,,HR-0079 HR-0143 IT-0023
FAC-0421,en/FAC-0421_lost-and-found-policy_QuickReference.txt,Lost and Found - Quick Reference (Cairo Office),lost_and_found,Facilities,FAC,Quick Reference,en,Cairo Office,CAI,2.0,Active,2024-07-16,,FAC-0023 FAC-0031
HR-0566,ar/HR-0566_onboarding-policy_QuickReference.txt,الإلحاق الوظيفي - مرجع سريع (مكتب دبي),onboarding,Human Resources,HR,Quick Reference,ar,مكتب دبي,DXB,1.4,Superseded,2023-02-19,HR-0112,HR-0080 HR-0144 IT-0024
FAC-0422,ar/FAC-0422_lost-and-found-policy_QuickReference.txt,المفقودات - مرجع سريع (مكتب القاهرة),lost_and_found,Facilities,FAC,Quick Reference,ar,مكتب القاهرة,CAI,2.4,Active,2024-11-26,,FAC-0024 FAC-0032
HR-0567,en/HR-0567_onboarding-policy_Procedure.txt,Onboarding - Procedure (Dubai Office),onboarding,Human Resources,HR,Procedure,en,Dubai Office,DXB,2.3,Active,2023-05-05,,HR-0079 HR-0143 IT-0023
FAC-0423,en/FAC-0423_lost-and-found-policy_Procedure.txt,Lost and Found - Procedure (Cairo Office),lost_and_found,Facilities,FAC,Procedure,en,Cairo Office,CAI,2.3,Active,2024-11-07,,FAC-0023 FAC-0031
HR-0568,ar/HR-0568_onboarding-policy_Procedure.txt,الإلحاق الوظيفي - إجراء (مكتب دبي),onboarding,Human Resources,HR,Procedure,ar,مكتب دبي,DXB,2.4,Active,2024-12-08,,HR-0080 HR-0144 IT-0024
FAC-0424,ar/FAC-0424_lost-and-found-policy_Procedure.txt,المفقودات - إجراء (مكتب القاهرة),lost_and_found,Facilities,FAC,Procedure,ar,مكتب القاهرة,CAI,2.0,Active,2023-12-20,,FAC-0024 FAC-0032
HR-0569,en/HR-0569_offboarding-policy_Policy.txt,Offboarding Policy (Dubai Office),offboarding,Human Resources,HR,Policy,en,Dubai Office,DXB,2.4,Active,2023-11-24,,HR-0127 IT-0087 IT-0023
FAC-0425,en/FAC-0425_meeting-room-booking-policy_Policy.txt,Meeting Room Booking Policy (Remote-first Teams),meeting_room_booking,Facilities,FAC,Policy,en,Remote-first Teams,REM,2.4,Active,2024-04-12,,FAC-0031 FAC-0015
HR-0570,ar/HR-0570_offboarding-policy_Policy.txt,سياسة إنهاء الخدمة (مكتب دبي),offboarding,Human Resources,HR,Policy,ar,مكتب دبي,DXB,2.0,Active,2025-02-02,,HR-0128 IT-0088 IT-0024
FAC-0426,ar/FAC-0426_meeting-room-booking-policy_Policy.txt,سياسة حجز قاعات الاجتماعات (الفرق العاملة عن بُعد),meeting_room_booking,Facilities,FAC,Policy,ar,الفرق العاملة عن بُعد,REM,2.4,Active,2024-10-21,,FAC-0032 FAC-0016
HR-0571,en/HR-0571_offboarding-policy_QuickReference.txt,Offboarding - Quick Reference (Dubai Office),offboarding,Human Resources,HR,Quick Reference,en,Dubai Office,DXB,2.4,Active,2024-12-18,,HR-0127 IT-0087 IT-0023
FAC-0427,en/FAC-0427_meeting-room-booking-policy_QuickReference.txt,Meeting Room Booking - Quick Reference (Remote-first Teams),meeting_room_booking,Facilities,FAC,Quick Reference,en,Remote-first Teams,REM,1.4,Superseded,2023-11-26,FAC-0007,FAC-0031 FAC-0015
HR-0572,ar/HR-0572_offboarding-policy_QuickReference.txt,إنهاء الخدمة - مرجع سريع (مكتب دبي),offboarding,Human Resources,HR,Quick Reference,ar,مكتب دبي,DXB,2.0,Active,2023-06-04,,HR-0128 IT-0088 IT-0024
FAC-0428,ar/FAC-0428_meeting-room-booking-policy_QuickReference.txt,حجز قاعات الاجتماعات - مرجع سريع (الفرق العاملة عن بُعد),meeting_room_booking,Facilities,FAC,Quick Reference,ar,الفرق العاملة عن بُعد,REM,2.4,Active,2023-12-06,,FAC-0032 FAC-0016
HR-0573,en/HR-0573_offboarding-policy_Procedure.txt,Offboarding - Procedure (Dubai Office),offboarding,Human Resources,HR,Procedure,en,Dubai Office,DXB,1.3,Superseded,2023-11-22,HR-0115,HR-0127 IT-0087 IT-0023
FAC-0429,en/FAC-0429_meeting-room-booking-policy_Procedure.txt,Meeting Room Booking - Procedure (Remote-first Teams),meeting_room_booking,Facilities,FAC,Procedure,en,Remote-first Teams,REM,2.3,Active,2023-07-29,,FAC-0031 FAC-0015
HR-0574,ar/HR-0574_offboarding-policy_Procedure.txt,إنهاء الخدمة - إجراء (مكتب دبي),offboarding,Human Resources,HR,Procedure,ar,مكتب دبي,DXB,2.2,Active,2023-01-08,,HR-0128 IT-0088 IT-0024
FAC-0430,ar/FAC-0430_meeting-room-booking-policy_Procedure.txt,حجز قاعات الاجتماعات - إجراء (الفرق العاملة عن بُعد),meeting_room_booking,Facilities,FAC,Procedure,ar,الفرق العاملة عن بُعد,REM,2.2,Active,2023-12-01,,FAC-0032 FAC-0016
HR-0575,en/HR-0575_resignation-and-notice-policy_Policy.txt,Resignation and Notice Policy (Dubai Office),resignation_notice,Human Resources,HR,Policy,en,Dubai Office,DXB,1.6,Superseded,2023-05-22,HR-0121,HR-0119 HR-0135
FAC-0431,en/FAC-0431_parking-policy_Policy.txt,Parking Policy (Remote-first Teams),parking,Facilities,FAC,Policy,en,Remote-first Teams,REM,2.3,Active,2023-12-22,,FAC-0023
HR-0576,ar/HR-0576_resignation-and-notice-policy_Policy.txt,سياسة الاستقالة ومدة الإشعار (مكتب دبي),resignation_notice,Human Resources,HR,Policy,ar,مكتب دبي,DXB,2.3,Active,2024-10-31,,HR-0120 HR-0136
FAC-0432,ar/FAC-0432_parking-policy_Policy.txt,سياسة مواقف السيارات (الفرق العاملة عن بُعد),parking,Facilities,FAC,Policy,ar,الفرق العاملة عن بُعد,REM,1.4,Superseded,2023-02-17,FAC-0010,FAC-0024
HR-0577,en/HR-0577_resignation-and-notice-policy_QuickReference.txt,Resignation and Notice - Quick Reference (Dubai Office),resignation_notice,Human Resources,HR,Quick Reference,en,Dubai Office,DXB,2.4,Active,2025-05-13,,HR-0119 HR-0135
FAC-0433,en/FAC-0433_parking-policy_QuickReference.txt,Parking - Quick Reference (Remote-first Teams),parking,Facilities,FAC,Quick Reference,en,Remote-first Teams,REM,2.2,Active,2024-07-29,,FAC-0023
HR-0578,ar/HR-0578_resignation-and-notice-policy_QuickReference.txt,الاستقالة ومدة الإشعار - مرجع سريع (مكتب دبي),resignation_notice,Human Resources,HR,Quick Reference,ar,مكتب دبي,DXB,1.0,Superseded,2023-10-08,HR-0128,HR-0120 HR-0136
FAC-0434,ar/FAC-0434_parking-policy_QuickReference.txt,مواقف السيارات - مرجع سريع (الفرق العاملة عن بُعد),parking,Facilities,FAC,Quick Reference,ar,الفرق العاملة عن بُعد,REM,2.0,Active,2023-10-10,,FAC-0024
HR-0579,en/HR-0579_resignation-and-notice-policy_Procedure.txt,Resignation and Notice - Procedure (Dubai Office),resignation_notice,Human Resources,HR,Procedure,en,Dubai Office,DXB,2.4,Active,2024-05-26,,HR-0119 HR-0135
FAC-0435,en/FAC-0435_parking-policy_Procedure.txt,Parking - Procedure (Remote-first Teams),parking,Facilities,FAC,Procedure,en,Remote-first Teams,REM,1.3,Superseded,2023-01-02,FAC-0011,FAC-0023
HR-0580,ar/HR-0580_resignation-and-notice-policy_Procedure.txt,الاستقالة ومدة الإشعار - إجراء (مكتب دبي),resignation_notice,Human Resources,HR,Procedure,ar,مكتب دبي,DXB,2.1,Active,2025-05-08,,HR-0120 HR-0136
FAC-0436,ar/FAC-0436_parking-policy_Procedure.txt,مواقف السيارات - إجراء (الفرق العاملة عن بُعد),parking,Facilities,FAC,Procedure,ar,الفرق العاملة عن بُعد,REM,2.3,Active,2024-02-26,,FAC-0024
HR-0581,en/HR-0581_dress-code-policy_Policy.txt,Dress Code Policy (Dubai Office),dress_code,Human Resources,HR,Policy,en,Dubai Office,DXB,2.2,Active,2025-01-09,,FAC-0031
FAC-0437,en/FAC-0437_building-access-policy_Policy.txt,Building Access Policy (Remote-first Teams),building_access,Facilities,FAC,Policy,en,Remote-first Teams,REM,1.2,Superseded,2023-07-19,FAC-0017,FAC-0015 FAC-0031
HR-0582,ar/HR-0582_dress-code-policy_Policy.txt,سياسة الزي في العمل (مكتب دبي),dress_code,Human Resources,HR,Policy,ar,مكتب دبي,DXB,2.4,Active,2025-01-20,,FAC-0032
FAC-0438,ar/FAC-0438_building-access-policy_Policy.txt,سياسة الدخول إلى المبنى (الفرق العاملة عن بُعد),building_access,Facilities,FAC,Policy,ar,الفرق العاملة عن بُعد,REM,2.3,Active,2023-02-14,,FAC-0016 FAC-0032
HR-0583,en/HR-0583_dress-code-policy_QuickReference.txt,Dress Code - Quick Reference (Dubai Office),dress_code,Human Resources,HR,Quick Reference,en,Dubai Office,DXB,2.4,Active,2023-06-03,,FAC-0031
FAC-0439,en/FAC-0439_building-access-policy_QuickReference.txt,Building Access - Quick Reference (Remote-first Teams),building_access,Facilities,FAC,Quick Reference,en,Remote-first Teams,REM,2.0,Active,2023-09-07,,FAC-0015 FAC-0031
HR-0584,ar/HR-0584_dress-code-policy_QuickReference.txt,الزي في العمل - مرجع سريع (مكتب دبي),dress_code,Human Resources,HR,Quick Reference,ar,مكتب دبي,DXB,2.0,Active,2024-04-30,,FAC-0032
FAC-0440,ar/FAC-0440_building-access-policy_QuickReference.txt,الدخول إلى المبنى - مرجع سريع (الفرق العاملة عن بُعد),building_access,Facilities,FAC,Quick Reference,ar,الفرق العاملة عن بُعد,REM,2.0,Active,2024-03-20,,FAC-0016 FAC-0032
HR-0585,en/HR-0585_dress-code-policy_Procedure.txt,Dress Code - Procedure (Dubai Office),dress_code,Human Resources,HR,Procedure,en,Dubai Office,DXB,2.3,Active,2023-08-20,,FAC-0031
FAC-0441,en/FAC-0441_building-access-policy_Procedure.txt,Building Access - Procedure (Remote-first Teams),building_access,Facilities,FAC,Procedure,en,Remote-first Teams,REM,2.2,Active,2024-08-16,,FAC-0015 FAC-0031
HR-0586,ar/HR-0586_dress-code-policy_Procedure.txt,الزي في العمل - إجراء (مكتب دبي),dress_code,Human Resources,HR,Procedure,ar,مكتب دبي,DXB,2.2,Active,2024-06-29,,FAC-0032
FAC-0442,ar/FAC-0442_building-access-policy_Procedure.txt,الدخول إلى المبنى - إجراء (الفرق العاملة عن بُعد),building_access,Facilities,FAC,Procedure,ar,الفرق العاملة عن بُعد,REM,2.1,Active,2024-12-25,,FAC-0016 FAC-0032
HR-0587,en/HR-0587_training-and-development-policy_Policy.txt,Training and Development Policy (Dubai Office),training_development,Human Resources,HR,Policy,en,Dubai Office,DXB,2.4,Active,2025-05-20,,HR-0087
FAC-0443,en/FAC-0443_visitor-management-policy_Policy.txt,Visitor Management Policy (Remote-first Teams),visitor_management,Facilities,FAC,Policy,en,Remote-first Teams,REM,2.4,Active,2024-01-26,,FAC-0023 LEG-0007
HR-0588,ar/HR-0588_training-and-development-policy_Policy.txt,سياسة التدريب والتطوير (مكتب دبي),training_development,Human Resources,HR,Policy,ar,مكتب دبي,DXB,2.2,Active,2024-11-06,,HR-0088
FAC-0444,ar/FAC-0444_visitor-management-policy_Policy.txt,سياسة إدارة الزوار (الفرق العاملة عن بُعد),visitor_management,Facilities,FAC,Policy,ar,الفرق العاملة عن بُعد,REM,2.4,Active,2023-09-01,,FAC-0024 LEG-0008
HR-0589,en/HR-0589_training-and-development-policy_QuickReference.txt,Training and Development - Quick Reference (Dubai Office),training_development,Human Resources,HR,Quick Reference,en,Dubai Office,DXB,2.1,Active,2023-11-25,,HR-0087
FAC-0445,en/FAC-0445_visitor-management-policy_QuickReference.txt,Visitor Management - Quick Reference (Remote-first Teams),visitor_management,Facilities,FAC,Quick Reference,en,Remote-first Teams,REM,2.1,Active,2023-05-26,,FAC-0023 LEG-0007
HR-0590,ar/HR-0590_training-and-development-policy_QuickReference.txt,التدريب والتطوير - مرجع سريع (مكتب دبي),training_development,Human Resources,HR,Quick Reference,ar,مكتب دبي,DXB,2.2,Active,2024-08-12,,HR-0088
FAC-0446,ar/FAC-0446_visitor-management-policy_QuickReference.txt,إدارة الزوار - مرجع سريع (الفرق العاملة عن بُعد),visitor_management,Facilities,FAC,Quick Reference,ar,الفرق العاملة عن بُعد,REM,2.1,Active,2024-01-15,,FAC-0024 LEG-0008
HR-0591,en/HR-0591_training-and-development-policy_Procedure.txt,Training and Development - Procedure (Dubai Office),training_development,Human Resources,HR,Procedure,en,Dubai Office,DXB,2.0,Active,2024-09-26,,HR-0087
FAC-0447,en/FAC-0447_visitor-management-policy_Procedure.txt,Visitor Management - Procedure (Remote-first Teams),visitor_management,Facilities,FAC,Procedure,en,Remote-first Teams,REM,2.4,Active,2024-05-26,,FAC-0023 LEG-0007
HR-0592,ar/HR-0592_training-and-development-policy_Procedure.txt,التدريب والتطوير - إجراء (مكتب دبي),training_development,Human Resources,HR,Procedure,ar,مكتب دبي,DXB,2.4,Active,2023-01-15,,HR-0088
FAC-0448,ar/FAC-0448_visitor-management-policy_Procedure.txt,إدارة الزوار - إجراء (الفرق العاملة عن بُعد),visitor_management,Facilities,FAC,Procedure,ar,الفرق العاملة عن بُعد,REM,2.1,Active,2023-12-16,,FAC-0024 LEG-0008
HR-0593,en/HR-0593_company-car-policy_Policy.txt,Company Car Policy (Dubai Office),company_car,Human Resources,HR,Policy,en,Dubai Office,DXB,2.2,Active,2023-10-26,,FIN-0007 FIN-0015
FAC-0449,en/FAC-0449_workplace-health-and-safety-policy_Policy.txt,Workplace Health and Safety Policy (Remote-first Teams),health_safety,Facilities,FAC,Policy,en,Remote-first Teams,REM,2.3,Active,2023-08-25,,FAC-0047 FAC-0055 FAC-0063
HR-0594,ar/HR-0594_company-car-policy_Policy.txt,سياسة سيارة الشركة (مكتب دبي),company_car,Human Resources,HR,Policy,ar,مكتب دبي,DXB,2.4,Active,2023-05-12,,FIN-0008 FIN-0016
FAC-0450,ar/FAC-0450_workplace-health-and-safety-policy_Policy.txt,سياسة الصحة والسلامة في مكان العمل (الفرق العاملة عن بُعد),health_safety,Facilities,FAC,Policy,ar,الفرق العاملة عن بُعد,REM,2.0,Active,2025-05-16,,FAC-0048 FAC-0056 FAC-0064
HR-0595,en/HR-0595_company-car-policy_QuickReference.txt,Company Car - Quick Reference (Dubai Office),company_car,Human Resources,HR,Quick Reference,en,Dubai Office,DXB,2.3,Active,2023-11-30,,FIN-0007 FIN-0015
FAC-0451,en/FAC-0451_workplace-health-and-safety-policy_QuickReference.txt,Workplace Health and Safety - Quick Reference (Remote-first Teams),health_safety,Facilities,FAC,Quick Reference,en,Remote-first Teams,REM,2.4,Active,2025-01-14,,FAC-0047 FAC-0055 FAC-0063
HR-0596,ar/HR-0596_company-car-policy_QuickReference.txt,سيارة الشركة - مرجع سريع (مكتب دبي),company_car,Human Resources,HR,Quick Reference,ar,مكتب دبي,DXB,2.3,Active,2024-11-15,,FIN-0008 FIN-0016
FAC-0452,ar/FAC-0452_workplace-health-and-safety-policy_QuickReference.txt,الصحة والسلامة في مكان العمل - مرجع سريع (الفرق العاملة عن بُعد),health_safety,Facilities,FAC,Quick Reference,ar,الفرق العاملة عن بُعد,REM,2.2,Active,2023-03-24,,FAC-0048 FAC-0056 FAC-0064
HR-0597,en/HR-0597_company-car-policy_Procedure.txt,Company Car - Procedure (Dubai Office),company_car,Human Resources,HR,Procedure,en,Dubai Office,DXB,2.1,Active,2023-01-12,,FIN-0007 FIN-0015
FAC-0453,en/FAC-0453_workplace-health-and-safety-policy_Procedure.txt,Workplace Health and Safety - Procedure (Remote-first Teams),health_safety,Facilities,FAC,Procedure,en,Remote-first Teams,REM,2.4,Active,2024-05-25,,FAC-0047 FAC-0055 FAC-0063
HR-0598,ar/HR-0598_company-car-policy_Procedure.txt,سيارة الشركة - إجراء (مكتب دبي),company_car,Human Resources,HR,Procedure,ar,مكتب دبي,DXB,1.2,Superseded,2023-02-23,HR-0236,FIN-0008 FIN-0016
FAC-0454,ar/FAC-0454_workplace-health-and-safety-policy_Procedure.txt,الصحة والسلامة في مكان العمل - إجراء (الفرق العاملة عن بُعد),health_safety,Facilities,FAC,Procedure,ar,الفرق العاملة عن بُعد,REM,2.2,Active,2025-02-06,,FAC-0048 FAC-0056 FAC-0064
HR-0599,en/HR-0599_annual-leave-policy_Policy.txt,Annual Leave Policy (Cairo Office),annual_leave,Human Resources,HR,Policy,en,Cairo Office,CAI,2.4,Active,2025-02-11,,HR-0015 HR-0023 HR-0039
FAC-0455,en/FAC-0455_fire-safety-policy_Policy.txt,Fire Safety Policy (Remote-first Teams),fire_safety,Facilities,FAC,Policy,en,Remote-first Teams,REM,2.3,Active,2024-05-04,,FAC-0039 FAC-0023
HR-0600,ar/HR-0600_annual-leave-policy_Policy.txt,سياسة الإجازة السنوية (مكتب القاهرة),annual_leave,Human Resources,HR,Policy,ar,مكتب القاهرة,CAI,2.4,Active,2023-10-28,,HR-0016 HR-0024 HR-0040
FAC-0456,ar/FAC-0456_fire-safety-policy_Policy.txt,سياسة السلامة من الحرائق (الفرق العاملة عن بُعد),fire_safety,Facilities,FAC,Policy,ar,الفرق العاملة عن بُعد,REM,1.4,Superseded,2023-02-15,FAC-0042,FAC-0040 FAC-0024
HR-0601,en/HR-0601_annual-leave-policy_QuickReference.txt,Annual Leave - Quick Reference (Cairo Office),annual_leave,Human Resources,HR,Quick Reference,en,Cairo Office,CAI,2.1,Active,2025-01-26,,HR-0015 HR-0023 HR-0039
FAC-0457,en/FAC-0457_fire-safety-policy_QuickReference.txt,Fire Safety - Quick Reference (Remote-first Teams),fire_safety,Facilities,FAC,Quick Reference,en,Remote-first Teams,REM,2.2,Active,2023-06-09,,FAC-0039 FAC-0023
HR-0602,ar/HR-0602_annual-leave-policy_QuickReference.txt,الإجازة السنوية - مرجع سريع (مكتب القاهرة),annual_leave,Human Resources,HR,Quick Reference,ar,مكتب القاهرة,CAI,2.2,Active,2025-02-01,,HR-0016 HR-0024 HR-0040
FAC-0458,ar/FAC-0458_fire-safety-policy_QuickReference.txt,السلامة من الحرائق - مرجع سريع (الفرق العاملة عن بُعد),fire_safety,Facilities,FAC,Quick Reference,ar,الفرق العاملة عن بُعد,REM,2.0,Active,2024-12-30,,FAC-0040 FAC-0024
HR-0603,en/HR-0603_annual-leave-policy_Procedure.txt,Annual Leave - Procedure (Cairo Office),annual_leave,Human Resources,HR,Procedure,en,Cairo Office,CAI,2.2,Active,2023-01-01,,HR-0015 HR-0023 HR-0039
FAC-0459,en/FAC-0459_fire-safety-policy_Procedure.txt,Fire Safety - Procedure (Remote-first Teams),fire_safety,Facilities,FAC,Procedure,en,Remote-first Teams,REM,1.4,Superseded,2023-12-25,FAC-0043,FAC-0039 FAC-0023
HR-0604,ar/HR-0604_annual-leave-policy_Procedure.txt,الإجازة السنوية - إجراء (مكتب القاهرة),annual_leave,Human Resources,HR,Procedure,ar,مكتب القاهرة,CAI,2.3,Active,2024-04-16,,HR-0016 HR-0024 HR-0040
FAC-0460,ar/FAC-0460_fire-safety-policy_Procedure.txt,السلامة من الحرائق - إجراء (الفرق العاملة عن بُعد),fire_safety,Facilities,FAC,Procedure,ar,الفرق العاملة عن بُعد,REM,2.2,Active,2023-02-02,,FAC-0040 FAC-0024
HR-0605,en/HR-0605_sick-leave-policy_Policy.txt,Sick Leave Policy (Cairo Office),sick_leave,Human Resources,HR,Policy,en,Cairo Office,CAI,2.0,Active,2023-05-03,,HR-0007 HR-0039 FAC-0063
FAC-0461,en/FAC-0461_workspace-ergonomics-policy_Policy.txt,Workspace Ergonomics Policy (Remote-first Teams),workspace_ergonomics,Facilities,FAC,Policy,en,Remote-first Teams,REM,1.6,Superseded,2023-11-26,FAC-0057,IT-0079 FAC-0039 HR-0063
